{"referredEntities":{},"entity":{"typeName":"m4i_generic_process","attributes":{"owner":null,"outputs":[{"guid":"fc58c8b8-f058-4b29-b0ac-bf2ecfa48da3","typeName":"m4i_visualization","uniqueAttributes":{"qualifiedName":"kib1-hr-table"}}],"archimateReference":[],"replicatedTo":null,"userDescription":null,"replicatedFrom":null,"qualifiedName":"kib1-hr-change-index--kib1-hr-table","displayName":null,"inputs":[{"guid":"e4cb40df-f287-4ce0-9819-303995c50949","typeName":"m4i_index_pattern","uniqueAttributes":{"qualifiedName":"kib1-hr-change-index"}}],"description":null,"source":[],"processOwner":[],"name":"Used in table visualization"},"guid":"0238306b-fb09-4f7f-adcd-de586ad12a94","isIncomplete":false,"provenanceType":0,"status":"ACTIVE","createdBy":"admin","updatedBy":"admin","createTime":1656522299111,"updateTime":1663931063480,"version":0,"relationshipAttributes":{"outputs":[{"guid":"fc58c8b8-f058-4b29-b0ac-bf2ecfa48da3","typeName":"m4i_visualization","entityStatus":"ACTIVE","displayText":"table","relationshipType":"process_dataset_outputs","relationshipGuid":"c38b9a5d-93f3-49eb-b7e7-6a9ca766f662","relationshipStatus":"ACTIVE","relationshipAttributes":{"typeName":"process_dataset_outputs"}}],"ArchiMateReference":[],"processOwner":[],"inputs":[{"guid":"e4cb40df-f287-4ce0-9819-303995c50949","typeName":"m4i_index_pattern","entityStatus":"ACTIVE","displayText":"change-index","relationshipType":"dataset_process_inputs","relationshipGuid":"3e6a0db8-19a2-4bbc-89b8-d6bc2321a211","relationshipStatus":"ACTIVE","relationshipAttributes":{"typeName":"dataset_process_inputs"}}],"source":[],"meanings":[]},"labels":[],"proxy":false}}