{"referredEntities":{},"entity":{"typeName":"m4i_system","attributes":{"parentSystem":[],"archimateReference":[],"childSystem":[],"replicatedTo":null,"replicatedFrom":null,"collections":[{"guid":"000db032-27ae-4762-90ef-7a3dbc1a243e","typeName":"m4i_collection","uniqueAttributes":{"qualifiedName":"nl2--nl2proc"}}],"qualifiedName":"nl2","name":"NL2","definition":null,"source":[]},"guid":"037337cf-f24a-46b6-8df4-46fe5ad7e1eb","isIncomplete":false,"provenanceType":0,"status":"ACTIVE","createdBy":"admin","updatedBy":"admin","createTime":1656521945105,"updateTime":1663931063480,"version":0,"relationshipAttributes":{"parentSystem":[],"ArchiMateReference":[],"childSystem":[],"collections":[{"guid":"000db032-27ae-4762-90ef-7a3dbc1a243e","typeName":"m4i_collection","entityStatus":"ACTIVE","displayText":"NL2-PROC","relationshipType":"m4i_collection_assignment","relationshipGuid":"a230c3b6-5804-4248-8d12-5710376ad2f8","relationshipStatus":"ACTIVE","relationshipAttributes":{"typeName":"m4i_collection_assignment"}}],"source":[{"guid":"2bee6dca-fea0-478b-824e-d97365d18bbe","typeName":"m4i_source","entityStatus":"ACTIVE","displayText":"/hr/hr/Data Dictionary_template.xlsm","relationshipType":"m4i_referenceable_source_assignment","relationshipGuid":"8883ce63-897c-4a83-ac2c-71b799ce5d48","relationshipStatus":"ACTIVE","relationshipAttributes":{"typeName":"m4i_referenceable_source_assignment"}}],"meanings":[]},"labels":[],"proxy":false}}