{"referredEntities":{},"entity":{"typeName":"m4i_generic_process","attributes":{"owner":null,"outputs":[{"guid":"c2ee75ac-b623-44cf-a43c-be03e194b5bd","typeName":"m4i_kafka_topic","uniqueAttributes":{"qualifiedName":"cc1--kaf1--kaf1-hr--change-event"}}],"archimateReference":[],"replicatedTo":null,"userDescription":null,"replicatedFrom":null,"qualifiedName":"nl1--nl1hr--nl1hr001--cc1--kaf1--kaf1-hr--change-event","displayName":null,"inputs":[{"guid":"c5975c9c-c0ad-46e7-bfb8-a8946980041d","typeName":"m4i_dataset","uniqueAttributes":{"qualifiedName":"nl1--nl1hr--nl1hr001"}}],"description":null,"source":[],"processOwner":[],"name":"Analysed to"},"guid":"03be0399-5e0c-46d8-aecd-f9ccfeeef05b","isIncomplete":false,"provenanceType":0,"status":"ACTIVE","createdBy":"admin","updatedBy":"admin","createTime":1656522333518,"updateTime":1663931063480,"version":0,"relationshipAttributes":{"outputs":[{"guid":"c2ee75ac-b623-44cf-a43c-be03e194b5bd","typeName":"m4i_kafka_topic","entityStatus":"ACTIVE","displayText":"change-event","relationshipType":"process_dataset_outputs","relationshipGuid":"e4be444e-6adf-4219-966a-1c41cd21bb7e","relationshipStatus":"ACTIVE","relationshipAttributes":{"typeName":"process_dataset_outputs"}}],"ArchiMateReference":[],"processOwner":[],"inputs":[{"guid":"c5975c9c-c0ad-46e7-bfb8-a8946980041d","typeName":"m4i_dataset","entityStatus":"ACTIVE","displayText":"NL1-HR-001","relationshipType":"dataset_process_inputs","relationshipGuid":"ff2ca9da-f14b-4eb6-bb58-4cbaef1746d4","relationshipStatus":"ACTIVE","relationshipAttributes":{"typeName":"dataset_process_inputs"}}],"source":[],"meanings":[]},"labels":[],"proxy":false}}