{"referredEntities":{},"entity":{"typeName":"m4i_data_attribute","attributes":{"archimateReference":[],"replicatedTo":null,"replicatedFrom":null,"steward":[{"guid":"265dad2b-2fc0-44c3-a828-06476d5f1e38","typeName":"m4i_person","uniqueAttributes":{"qualifiedName":"iris.jacobs@email.com","email":"iris.jacobs@email.com"}}],"qualifiedName":"plant-data--hourly-data--month","dataEntity":[{"guid":"19736d3b-e7c6-4f95-8ce6-a6f215eff467","typeName":"m4i_data_entity","uniqueAttributes":{"qualifiedName":"plant-data--hourly-data"}}],"source":[],"isKeyData":"Internal","hasPII":null,"attributeType":"Numeric","name":"month","definition":"This attribute yields the month of the \"CreatedOn\"-date","riskClassification":"Low","fields":[{"guid":"5f50622b-d934-4830-944a-02c31e3f1d35","typeName":"m4i_field","uniqueAttributes":{"qualifiedName":"nl3--nl3plant--nl3plant001--month"}},{"guid":"8542c2a1-8278-4255-adc3-a02dd041d3ed","typeName":"m4i_kafka_field","uniqueAttributes":{"qualifiedName":"cc1--kaf1--kaf1-hr--hourly--cc1--kaf1--kaf1-hr--hourly--month"}},{"guid":"36780d13-5c49-47cc-a108-81b1180045a5","typeName":"m4i_elastic_field","uniqueAttributes":{"qualifiedName":"elas1--hourly--month"}}],"businessOwner":[{"guid":"dc408458-fd6d-4080-a324-9900585d1146","typeName":"m4i_person","uniqueAttributes":{"qualifiedName":"jane.martens@email.com","email":"jane.martens@email.com"}}]},"guid":"04408291-54fb-448d-87ae-58cfb8137647","isIncomplete":false,"provenanceType":0,"status":"ACTIVE","createdBy":"admin","updatedBy":"admin","createTime":1656521955001,"updateTime":1663931063480,"version":0,"relationshipAttributes":{"ArchiMateReference":[],"steward":[{"guid":"265dad2b-2fc0-44c3-a828-06476d5f1e38","typeName":"m4i_person","entityStatus":"ACTIVE","displayText":"Iris Jacobs","relationshipType":"m4i_data_attribute_steward_assignment","relationshipGuid":"83a94427-941f-4105-9b20-5cdfeb631b25","relationshipStatus":"ACTIVE","relationshipAttributes":{"typeName":"m4i_data_attribute_steward_assignment"}}],"dataEntity":[{"guid":"19736d3b-e7c6-4f95-8ce6-a6f215eff467","typeName":"m4i_data_entity","entityStatus":"ACTIVE","displayText":"hourly data","relationshipType":"m4i_data_entity_attribute_assignment","relationshipGuid":"bb288be1-e5d9-4b02-ac75-2b77ee674b89","relationshipStatus":"ACTIVE","relationshipAttributes":{"typeName":"m4i_data_entity_attribute_assignment"}}],"source":[{"guid":"2bee6dca-fea0-478b-824e-d97365d18bbe","typeName":"m4i_source","entityStatus":"ACTIVE","displayText":"/hr/hr/Data Dictionary_template.xlsm","relationshipType":"m4i_referenceable_source_assignment","relationshipGuid":"affc966f-c26c-4329-b3ce-d6e84cd40251","relationshipStatus":"ACTIVE","relationshipAttributes":{"typeName":"m4i_referenceable_source_assignment"}}],"fields":[{"guid":"5f50622b-d934-4830-944a-02c31e3f1d35","typeName":"m4i_field","entityStatus":"ACTIVE","displayText":"month","relationshipType":"m4i_data_attribute_field_assignment","relationshipGuid":"c52dda6c-51dd-42a8-9fbb-6df1cbd8cd8e","relationshipStatus":"ACTIVE","relationshipAttributes":{"typeName":"m4i_data_attribute_field_assignment"}},{"guid":"8542c2a1-8278-4255-adc3-a02dd041d3ed","typeName":"m4i_kafka_field","entityStatus":"ACTIVE","displayText":"cc1--kaf1--kaf1-hr--hourly--month","relationshipType":"m4i_data_attribute_field_assignment","relationshipGuid":"70327266-85be-4d9a-971f-ad83c8060523","relationshipStatus":"ACTIVE","relationshipAttributes":{"typeName":"m4i_data_attribute_field_assignment"}},{"guid":"36780d13-5c49-47cc-a108-81b1180045a5","typeName":"m4i_elastic_field","entityStatus":"ACTIVE","displayText":"month","relationshipType":"m4i_data_attribute_field_assignment","relationshipGuid":"32b6a0f4-cbfe-4c50-a2df-2cc158917062","relationshipStatus":"ACTIVE","relationshipAttributes":{"typeName":"m4i_data_attribute_field_assignment"}}],"businessOwner":[{"guid":"dc408458-fd6d-4080-a324-9900585d1146","typeName":"m4i_person","entityStatus":"ACTIVE","displayText":"Jane Martens","relationshipType":"m4i_data_attribute_business_owner_assignment","relationshipGuid":"434b8446-76c1-475f-8b9c-5565b55f7a8d","relationshipStatus":"ACTIVE","relationshipAttributes":{"typeName":"m4i_data_attribute_business_owner_assignment"}}],"meanings":[]},"classifications":[{"typeName":"low_risk","entityGuid":"04408291-54fb-448d-87ae-58cfb8137647","entityStatus":"ACTIVE","propagate":true,"validityPeriods":[],"removePropagationsOnEntityDelete":true}],"labels":[],"proxy":false}}