{"referredEntities":{},"entity":{"typeName":"m4i_dataset","attributes":{"owner":null,"archimateReference":[],"replicatedTo":null,"userDescription":null,"replicatedFrom":null,"qualifiedName":"nl2--nl2proc--nl2proc001","displayName":null,"description":null,"source":[],"parentDataset":[],"childDataset":[],"collections":[{"guid":"000db032-27ae-4762-90ef-7a3dbc1a243e","typeName":"m4i_collection","uniqueAttributes":{"qualifiedName":"nl2--nl2proc"}}],"name":"NL2-PROC-001","definition":null,"fields":[{"guid":"283cde83-1a96-43c6-b99f-4b8aa5c55337","typeName":"m4i_field","uniqueAttributes":{"qualifiedName":"nl2--nl2proc--nl2proc001--corraddress"}},{"guid":"e2bda746-a01b-4801-8e15-c9a82411ae32","typeName":"m4i_field","uniqueAttributes":{"qualifiedName":"nl2--nl2proc--nl2proc001--yearinc"}},{"guid":"b2660514-b0d8-48d1-b6eb-0d30e2d9ce26","typeName":"m4i_field","uniqueAttributes":{"qualifiedName":"nl2--nl2proc--nl2proc001--opcity"}},{"guid":"2777d137-2ffe-408e-9e06-ae5bf0bdce08","typeName":"m4i_field","uniqueAttributes":{"qualifiedName":"nl2--nl2proc--nl2proc001--locations"}},{"guid":"eccab04e-b2df-4622-9929-24ede4475704","typeName":"m4i_field","uniqueAttributes":{"qualifiedName":"nl2--nl2proc--nl2proc001--namecontact"}},{"guid":"f5e37ddd-514d-4cf5-bd80-afeb93e90d61","typeName":"m4i_field","uniqueAttributes":{"qualifiedName":"nl2--nl2proc--nl2proc001--genmail"}},{"guid":"3973b521-7579-43bc-953f-e498c99ea2eb","typeName":"m4i_field","uniqueAttributes":{"qualifiedName":"nl2--nl2proc--nl2proc001--typevendor"}},{"guid":"ca6c2dd1-2b21-4287-85ea-2211beb4748c","typeName":"m4i_field","uniqueAttributes":{"qualifiedName":"nl2--nl2proc--nl2proc001--legalname"}},{"guid":"d93d177e-f005-407d-bf91-89f283a59980","typeName":"m4i_field","uniqueAttributes":{"qualifiedName":"nl2--nl2proc--nl2proc001--city"}},{"guid":"535cef7e-12e8-4bd6-92cb-e25f3c2bf67e","typeName":"m4i_field","uniqueAttributes":{"qualifiedName":"nl2--nl2proc--nl2proc001--website"}},{"guid":"daf896b9-6ef2-4f39-a2f5-d44040bff407","typeName":"m4i_field","uniqueAttributes":{"qualifiedName":"nl2--nl2proc--nl2proc001--genphone"}},{"guid":"e23178c7-ecce-4c69-940a-7de3fa30ab6a","typeName":"m4i_field","uniqueAttributes":{"qualifiedName":"nl2--nl2proc--nl2proc001--shortname"}},{"guid":"b7f13441-c7f5-4815-8c50-e3a62b30e5f6","typeName":"m4i_field","uniqueAttributes":{"qualifiedName":"nl2--nl2proc--nl2proc001--state"}},{"guid":"41683165-1298-4c9b-8c7c-3b13d9c8719f","typeName":"m4i_field","uniqueAttributes":{"qualifiedName":"nl2--nl2proc--nl2proc001--opzipcode"}},{"guid":"c4a69c31-a6f1-4545-a5fa-2978a824d822","typeName":"m4i_field","uniqueAttributes":{"qualifiedName":"nl2--nl2proc--nl2proc001--parentcomp"}},{"guid":"afbade69-0232-42e8-9279-3922090ab7c3","typeName":"m4i_field","uniqueAttributes":{"qualifiedName":"nl2--nl2proc--nl2proc001--functioncontact"}},{"guid":"f14be9c6-157e-4042-bc29-5e7fd34ca1c9","typeName":"m4i_field","uniqueAttributes":{"qualifiedName":"nl2--nl2proc--nl2proc001--parentregno"}},{"guid":"2fc8fb98-0969-4b93-9569-5c44cdd9c824","typeName":"m4i_field","uniqueAttributes":{"qualifiedName":"nl2--nl2proc--nl2proc001--productservices"}},{"guid":"a586e7a3-d185-4ba2-819e-ec005df0440a","typeName":"m4i_field","uniqueAttributes":{"qualifiedName":"nl2--nl2proc--nl2proc001--parentlegalname"}},{"guid":"903ef8dc-fedc-4575-8a37-458f9d6fc97a","typeName":"m4i_field","uniqueAttributes":{"qualifiedName":"nl2--nl2proc--nl2proc001--opcountry"}},{"guid":"8e25fcb4-38aa-4858-ad89-9f38702fa8d9","typeName":"m4i_field","uniqueAttributes":{"qualifiedName":"nl2--nl2proc--nl2proc001--mailpsc"}},{"guid":"3951229b-2305-46e5-aa22-84c14a5167de","typeName":"m4i_field","uniqueAttributes":{"qualifiedName":"nl2--nl2proc--nl2proc001--mailfin"}},{"guid":"c21b935c-e83a-4697-8e22-203d2d438be3","typeName":"m4i_field","uniqueAttributes":{"qualifiedName":"nl2--nl2proc--nl2proc001--cmt"}},{"guid":"2a0d4dbd-070c-4983-8698-135312f7c7c3","typeName":"m4i_field","uniqueAttributes":{"qualifiedName":"nl2--nl2proc--nl2proc001--opaddress"}},{"guid":"d14c81a4-71a9-4a05-86dd-4ec61e196e37","typeName":"m4i_field","uniqueAttributes":{"qualifiedName":"nl2--nl2proc--nl2proc001--address"}},{"guid":"4f4cbbf7-a63a-4541-8f19-e50fa64148a0","typeName":"m4i_field","uniqueAttributes":{"qualifiedName":"nl2--nl2proc--nl2proc001--vatnumber"}},{"guid":"f4565f89-2e4c-4b4d-a4e7-121189152ead","typeName":"m4i_field","uniqueAttributes":{"qualifiedName":"nl2--nl2proc--nl2proc001--mailcontact"}},{"guid":"09b34533-86d0-4397-a9ea-728544d4c1c5","typeName":"m4i_field","uniqueAttributes":{"qualifiedName":"nl2--nl2proc--nl2proc001--phonecontact"}},{"guid":"1a2efb9d-2856-493f-8ea6-d057e96abde9","typeName":"m4i_field","uniqueAttributes":{"qualifiedName":"nl2--nl2proc--nl2proc001--country"}},{"guid":"fed7d6b6-3a49-4c48-b7fa-fda76a1a7d87","typeName":"m4i_field","uniqueAttributes":{"qualifiedName":"nl2--nl2proc--nl2proc001--compregno"}},{"guid":"790aea88-92ab-4d89-a9d9-7973fbbffa55","typeName":"m4i_field","uniqueAttributes":{"qualifiedName":"nl2--nl2proc--nl2proc001--zipcode"}},{"guid":"6c231364-2b1a-4a6b-abcb-1fd7e8869834","typeName":"m4i_field","uniqueAttributes":{"qualifiedName":"nl2--nl2proc--nl2proc001--opstate"}},{"guid":"5bd5196f-349e-42ea-b816-d31ab734a0fe","typeName":"m4i_field","uniqueAttributes":{"qualifiedName":"nl2--nl2proc--nl2proc001--ownership"}}]},"guid":"04d4f33f-fd0d-46bc-8336-85f25f2916b2","isIncomplete":false,"provenanceType":0,"status":"ACTIVE","createdBy":"admin","updatedBy":"admin","createTime":1656521946452,"updateTime":1663927932384,"version":0,"relationshipAttributes":{"inputToProcesses":[],"pipeline":null,"schema":[],"ArchiMateReference":[],"childDataset":[],"collections":[{"guid":"000db032-27ae-4762-90ef-7a3dbc1a243e","typeName":"m4i_collection","entityStatus":"ACTIVE","displayText":"NL2-PROC","relationshipType":"m4i_dataset_assignment","relationshipGuid":"03500bd7-a907-402a-9505-887bc1e4d2f8","relationshipStatus":"ACTIVE","relationshipAttributes":{"typeName":"m4i_dataset_assignment"}}],"model":null,"source":[{"guid":"2bee6dca-fea0-478b-824e-d97365d18bbe","typeName":"m4i_source","entityStatus":"ACTIVE","displayText":"/hr/hr/Data Dictionary_template.xlsm","relationshipType":"m4i_referenceable_source_assignment","relationshipGuid":"984bb57a-eecd-4907-8101-f0e81f634808","relationshipStatus":"ACTIVE","relationshipAttributes":{"typeName":"m4i_referenceable_source_assignment"}}],"fields":[{"guid":"283cde83-1a96-43c6-b99f-4b8aa5c55337","typeName":"m4i_field","entityStatus":"ACTIVE","displayText":"CorrAddress","relationshipType":"m4i_field_assignment","relationshipGuid":"c1064caa-dc99-4131-906b-776c6865132b","relationshipStatus":"ACTIVE","relationshipAttributes":{"typeName":"m4i_field_assignment","attributes":{"typeInformation":null}}},{"guid":"e2bda746-a01b-4801-8e15-c9a82411ae32","typeName":"m4i_field","entityStatus":"ACTIVE","displayText":"YearInc","relationshipType":"m4i_field_assignment","relationshipGuid":"af9aae2e-6f5d-4744-9a86-c211d49ce935","relationshipStatus":"ACTIVE","relationshipAttributes":{"typeName":"m4i_field_assignment","attributes":{"typeInformation":null}}},{"guid":"b2660514-b0d8-48d1-b6eb-0d30e2d9ce26","typeName":"m4i_field","entityStatus":"ACTIVE","displayText":"OpCity","relationshipType":"m4i_field_assignment","relationshipGuid":"399c33bd-2c5a-49d0-a9d7-46f481eaf32a","relationshipStatus":"ACTIVE","relationshipAttributes":{"typeName":"m4i_field_assignment","attributes":{"typeInformation":null}}},{"guid":"2777d137-2ffe-408e-9e06-ae5bf0bdce08","typeName":"m4i_field","entityStatus":"ACTIVE","displayText":"Locations","relationshipType":"m4i_field_assignment","relationshipGuid":"c02322cb-82a8-4adf-9b8d-84367a7a6eb6","relationshipStatus":"ACTIVE","relationshipAttributes":{"typeName":"m4i_field_assignment","attributes":{"typeInformation":null}}},{"guid":"eccab04e-b2df-4622-9929-24ede4475704","typeName":"m4i_field","entityStatus":"ACTIVE","displayText":"NameContact","relationshipType":"m4i_field_assignment","relationshipGuid":"c7e63c1d-37bf-40db-91be-180661e8d6f1","relationshipStatus":"ACTIVE","relationshipAttributes":{"typeName":"m4i_field_assignment","attributes":{"typeInformation":null}}},{"guid":"f5e37ddd-514d-4cf5-bd80-afeb93e90d61","typeName":"m4i_field","entityStatus":"ACTIVE","displayText":"GenMail","relationshipType":"m4i_field_assignment","relationshipGuid":"6267e2f7-d636-4d5c-a997-565c4b29f4cb","relationshipStatus":"ACTIVE","relationshipAttributes":{"typeName":"m4i_field_assignment","attributes":{"typeInformation":null}}},{"guid":"3973b521-7579-43bc-953f-e498c99ea2eb","typeName":"m4i_field","entityStatus":"ACTIVE","displayText":"TypeVendor","relationshipType":"m4i_field_assignment","relationshipGuid":"33cf660f-437e-4449-a0a1-acf6fc552c61","relationshipStatus":"ACTIVE","relationshipAttributes":{"typeName":"m4i_field_assignment","attributes":{"typeInformation":null}}},{"guid":"ca6c2dd1-2b21-4287-85ea-2211beb4748c","typeName":"m4i_field","entityStatus":"ACTIVE","displayText":"LegalName","relationshipType":"m4i_field_assignment","relationshipGuid":"4e8e37f2-805d-4c57-a578-00f0a31ef677","relationshipStatus":"ACTIVE","relationshipAttributes":{"typeName":"m4i_field_assignment","attributes":{"typeInformation":null}}},{"guid":"d93d177e-f005-407d-bf91-89f283a59980","typeName":"m4i_field","entityStatus":"ACTIVE","displayText":"City","relationshipType":"m4i_field_assignment","relationshipGuid":"cec2b12b-80ac-40da-9b7e-637a8a3afc46","relationshipStatus":"ACTIVE","relationshipAttributes":{"typeName":"m4i_field_assignment","attributes":{"typeInformation":null}}},{"guid":"535cef7e-12e8-4bd6-92cb-e25f3c2bf67e","typeName":"m4i_field","entityStatus":"ACTIVE","displayText":"Website","relationshipType":"m4i_field_assignment","relationshipGuid":"033e42e4-bfe0-4cae-ba02-47ddb88056d9","relationshipStatus":"ACTIVE","relationshipAttributes":{"typeName":"m4i_field_assignment","attributes":{"typeInformation":null}}},{"guid":"daf896b9-6ef2-4f39-a2f5-d44040bff407","typeName":"m4i_field","entityStatus":"ACTIVE","displayText":"GenPhone","relationshipType":"m4i_field_assignment","relationshipGuid":"c0330e6b-2186-4b62-a876-ee3ae115b291","relationshipStatus":"ACTIVE","relationshipAttributes":{"typeName":"m4i_field_assignment","attributes":{"typeInformation":null}}},{"guid":"e23178c7-ecce-4c69-940a-7de3fa30ab6a","typeName":"m4i_field","entityStatus":"ACTIVE","displayText":"ShortName","relationshipType":"m4i_field_assignment","relationshipGuid":"99f2d14e-6b93-4e6f-abb2-c2088b441d09","relationshipStatus":"ACTIVE","relationshipAttributes":{"typeName":"m4i_field_assignment","attributes":{"typeInformation":null}}},{"guid":"b7f13441-c7f5-4815-8c50-e3a62b30e5f6","typeName":"m4i_field","entityStatus":"ACTIVE","displayText":"State","relationshipType":"m4i_field_assignment","relationshipGuid":"023f8b2e-e480-4a9d-83af-728536d50c42","relationshipStatus":"ACTIVE","relationshipAttributes":{"typeName":"m4i_field_assignment","attributes":{"typeInformation":null}}},{"guid":"41683165-1298-4c9b-8c7c-3b13d9c8719f","typeName":"m4i_field","entityStatus":"ACTIVE","displayText":"OpZipCode","relationshipType":"m4i_field_assignment","relationshipGuid":"e41dbdcc-eda7-4458-a61b-0e0f16cd708c","relationshipStatus":"ACTIVE","relationshipAttributes":{"typeName":"m4i_field_assignment","attributes":{"typeInformation":null}}},{"guid":"c4a69c31-a6f1-4545-a5fa-2978a824d822","typeName":"m4i_field","entityStatus":"ACTIVE","displayText":"ParentComp","relationshipType":"m4i_field_assignment","relationshipGuid":"f854bc78-a51f-41ac-a072-0cdd9ff4ac0f","relationshipStatus":"ACTIVE","relationshipAttributes":{"typeName":"m4i_field_assignment","attributes":{"typeInformation":null}}},{"guid":"afbade69-0232-42e8-9279-3922090ab7c3","typeName":"m4i_field","entityStatus":"ACTIVE","displayText":"FunctionContact","relationshipType":"m4i_field_assignment","relationshipGuid":"9a1cc292-8614-4753-8bdd-c042cda74f40","relationshipStatus":"ACTIVE","relationshipAttributes":{"typeName":"m4i_field_assignment","attributes":{"typeInformation":null}}},{"guid":"f14be9c6-157e-4042-bc29-5e7fd34ca1c9","typeName":"m4i_field","entityStatus":"ACTIVE","displayText":"ParentRegNo","relationshipType":"m4i_field_assignment","relationshipGuid":"dc571141-24f8-467e-89e6-eeef0e515f41","relationshipStatus":"ACTIVE","relationshipAttributes":{"typeName":"m4i_field_assignment","attributes":{"typeInformation":null}}},{"guid":"2fc8fb98-0969-4b93-9569-5c44cdd9c824","typeName":"m4i_field","entityStatus":"ACTIVE","displayText":"ProductServices","relationshipType":"m4i_field_assignment","relationshipGuid":"2e9e281a-2272-40ac-a25c-41cde5451e57","relationshipStatus":"ACTIVE","relationshipAttributes":{"typeName":"m4i_field_assignment","attributes":{"typeInformation":null}}},{"guid":"a586e7a3-d185-4ba2-819e-ec005df0440a","typeName":"m4i_field","entityStatus":"ACTIVE","displayText":"ParentLegalName","relationshipType":"m4i_field_assignment","relationshipGuid":"50b225a4-b6b4-4859-9679-4e2473a05278","relationshipStatus":"ACTIVE","relationshipAttributes":{"typeName":"m4i_field_assignment","attributes":{"typeInformation":null}}},{"guid":"903ef8dc-fedc-4575-8a37-458f9d6fc97a","typeName":"m4i_field","entityStatus":"ACTIVE","displayText":"OpCountry","relationshipType":"m4i_field_assignment","relationshipGuid":"4f0f757a-91ad-4168-bd0d-cfcabfa6b870","relationshipStatus":"ACTIVE","relationshipAttributes":{"typeName":"m4i_field_assignment","attributes":{"typeInformation":null}}},{"guid":"8e25fcb4-38aa-4858-ad89-9f38702fa8d9","typeName":"m4i_field","entityStatus":"ACTIVE","displayText":"MailPSC","relationshipType":"m4i_field_assignment","relationshipGuid":"ace92096-f868-49be-b3ce-08cdde05b495","relationshipStatus":"ACTIVE","relationshipAttributes":{"typeName":"m4i_field_assignment","attributes":{"typeInformation":null}}},{"guid":"3951229b-2305-46e5-aa22-84c14a5167de","typeName":"m4i_field","entityStatus":"ACTIVE","displayText":"MailFin","relationshipType":"m4i_field_assignment","relationshipGuid":"9dd77566-e162-4ed5-8e65-9b73ffe9722d","relationshipStatus":"ACTIVE","relationshipAttributes":{"typeName":"m4i_field_assignment","attributes":{"typeInformation":null}}},{"guid":"c21b935c-e83a-4697-8e22-203d2d438be3","typeName":"m4i_field","entityStatus":"ACTIVE","displayText":"CMT","relationshipType":"m4i_field_assignment","relationshipGuid":"dee5e8aa-ddc0-416d-ab15-8f385bdfcefc","relationshipStatus":"ACTIVE","relationshipAttributes":{"typeName":"m4i_field_assignment","attributes":{"typeInformation":null}}},{"guid":"2a0d4dbd-070c-4983-8698-135312f7c7c3","typeName":"m4i_field","entityStatus":"ACTIVE","displayText":"OpAddress","relationshipType":"m4i_field_assignment","relationshipGuid":"21fca677-b970-4cf1-b15c-5d20c603e883","relationshipStatus":"ACTIVE","relationshipAttributes":{"typeName":"m4i_field_assignment","attributes":{"typeInformation":null}}},{"guid":"d14c81a4-71a9-4a05-86dd-4ec61e196e37","typeName":"m4i_field","entityStatus":"ACTIVE","displayText":"Address","relationshipType":"m4i_field_assignment","relationshipGuid":"fd0dfbad-c9e5-49f7-bdb7-057132cd4355","relationshipStatus":"ACTIVE","relationshipAttributes":{"typeName":"m4i_field_assignment","attributes":{"typeInformation":null}}},{"guid":"4f4cbbf7-a63a-4541-8f19-e50fa64148a0","typeName":"m4i_field","entityStatus":"ACTIVE","displayText":"VATnumber","relationshipType":"m4i_field_assignment","relationshipGuid":"6c9ec99d-3303-4834-a168-a24486fa613a","relationshipStatus":"ACTIVE","relationshipAttributes":{"typeName":"m4i_field_assignment","attributes":{"typeInformation":null}}},{"guid":"f4565f89-2e4c-4b4d-a4e7-121189152ead","typeName":"m4i_field","entityStatus":"ACTIVE","displayText":"MailContact","relationshipType":"m4i_field_assignment","relationshipGuid":"2a43805a-2411-4e91-aa80-f2c1414cd796","relationshipStatus":"ACTIVE","relationshipAttributes":{"typeName":"m4i_field_assignment","attributes":{"typeInformation":null}}},{"guid":"09b34533-86d0-4397-a9ea-728544d4c1c5","typeName":"m4i_field","entityStatus":"ACTIVE","displayText":"PhoneContact","relationshipType":"m4i_field_assignment","relationshipGuid":"d4265df5-610c-44a4-9974-d679ff0e2716","relationshipStatus":"ACTIVE","relationshipAttributes":{"typeName":"m4i_field_assignment","attributes":{"typeInformation":null}}},{"guid":"1a2efb9d-2856-493f-8ea6-d057e96abde9","typeName":"m4i_field","entityStatus":"ACTIVE","displayText":"Country","relationshipType":"m4i_field_assignment","relationshipGuid":"3daa9d51-ced3-4136-b08d-b232b6d72e8d","relationshipStatus":"ACTIVE","relationshipAttributes":{"typeName":"m4i_field_assignment","attributes":{"typeInformation":null}}},{"guid":"fed7d6b6-3a49-4c48-b7fa-fda76a1a7d87","typeName":"m4i_field","entityStatus":"ACTIVE","displayText":"CompRegNo","relationshipType":"m4i_field_assignment","relationshipGuid":"978dde04-80e5-4619-a827-988cfb416e5a","relationshipStatus":"ACTIVE","relationshipAttributes":{"typeName":"m4i_field_assignment","attributes":{"typeInformation":null}}},{"guid":"790aea88-92ab-4d89-a9d9-7973fbbffa55","typeName":"m4i_field","entityStatus":"ACTIVE","displayText":"ZIPcode","relationshipType":"m4i_field_assignment","relationshipGuid":"744afc0d-8cbf-4c64-ab2c-ed96e40020e9","relationshipStatus":"ACTIVE","relationshipAttributes":{"typeName":"m4i_field_assignment","attributes":{"typeInformation":null}}},{"guid":"6c231364-2b1a-4a6b-abcb-1fd7e8869834","typeName":"m4i_field","entityStatus":"ACTIVE","displayText":"OpState","relationshipType":"m4i_field_assignment","relationshipGuid":"5a8add6b-7b4d-4a30-b60e-cacfa000397d","relationshipStatus":"ACTIVE","relationshipAttributes":{"typeName":"m4i_field_assignment","attributes":{"typeInformation":null}}},{"guid":"5bd5196f-349e-42ea-b816-d31ab734a0fe","typeName":"m4i_field","entityStatus":"ACTIVE","displayText":"Ownership","relationshipType":"m4i_field_assignment","relationshipGuid":"c25fa408-68c4-48f8-a485-7c3d95602b26","relationshipStatus":"ACTIVE","relationshipAttributes":{"typeName":"m4i_field_assignment","attributes":{"typeInformation":null}}}],"parentDataset":[],"meanings":[],"outputFromProcesses":[]},"classifications":[{"typeName":"PII","entityGuid":"59f4f7a8-74e5-4b24-806f-4e9638550feb","entityStatus":"ACTIVE","propagate":true,"validityPeriods":[],"removePropagationsOnEntityDelete":true},{"typeName":"PII","entityGuid":"cb9ef4bc-4c68-4510-8816-f5e439105f2b","entityStatus":"ACTIVE","propagate":true,"validityPeriods":[],"removePropagationsOnEntityDelete":true},{"typeName":"PII","entityGuid":"e93cc475-faf6-4ac0-89dc-62554a056e7a","entityStatus":"ACTIVE","propagate":true,"validityPeriods":[],"removePropagationsOnEntityDelete":true},{"typeName":"PII","entityGuid":"8c301ae1-74d9-4cf7-b8a7-81b0142bb660","entityStatus":"ACTIVE","propagate":true,"validityPeriods":[],"removePropagationsOnEntityDelete":true},{"typeName":"PII","entityGuid":"5280c854-8e38-40ef-9b96-3710fdd2f5f0","entityStatus":"ACTIVE","propagate":true,"validityPeriods":[],"removePropagationsOnEntityDelete":true},{"typeName":"PII","entityGuid":"2510d037-7c6f-407f-972b-075d34e24d62","entityStatus":"ACTIVE","propagate":true,"validityPeriods":[],"removePropagationsOnEntityDelete":true},{"typeName":"PII","entityGuid":"e4c88df0-f2bd-4cb1-aad7-b24a3cee2021","entityStatus":"ACTIVE","propagate":true,"validityPeriods":[],"removePropagationsOnEntityDelete":true},{"typeName":"PII","entityGuid":"ddb6042d-155d-4b53-80f2-037df21da1d9","entityStatus":"ACTIVE","propagate":true,"validityPeriods":[],"removePropagationsOnEntityDelete":true},{"typeName":"PII","entityGuid":"e15088f4-a893-484c-85e7-3013fc6ddc9d","entityStatus":"ACTIVE","propagate":true,"validityPeriods":[],"removePropagationsOnEntityDelete":true},{"typeName":"PII","entityGuid":"fc714ece-629d-4e02-b1a3-042025639d0a","entityStatus":"ACTIVE","propagate":true,"validityPeriods":[],"removePropagationsOnEntityDelete":true},{"typeName":"PII","entityGuid":"c413fb3a-bb3f-4ea1-a2c0-d9a9adbc2149","entityStatus":"ACTIVE","propagate":true,"validityPeriods":[],"removePropagationsOnEntityDelete":true},{"typeName":"PII","entityGuid":"99ac3730-d700-4007-98c2-8a06077e59db","entityStatus":"ACTIVE","propagate":true,"validityPeriods":[],"removePropagationsOnEntityDelete":true},{"typeName":"PII","entityGuid":"dc82651d-d03f-461f-a0cd-4e61f9514015","entityStatus":"ACTIVE","propagate":true,"validityPeriods":[],"removePropagationsOnEntityDelete":true},{"typeName":"PII","entityGuid":"653c17da-e3b1-48ce-a698-52d76986a6ea","entityStatus":"ACTIVE","propagate":true,"validityPeriods":[],"removePropagationsOnEntityDelete":true}],"labels":[],"proxy":false}}