{"referredEntities":{},"entity":{"typeName":"m4i_data_entity","attributes":{"archimateReference":[],"replicatedTo":null,"replicatedFrom":null,"steward":[{"guid":"4f4948ae-2df0-437d-8c6a-e9cba5db8063","typeName":"m4i_person","uniqueAttributes":{"qualifiedName":"cornelis.kramer@email.com","email":"cornelis.kramer@email.com"}}],"qualifiedName":"personnel-and-organization--organization","parentEntity":[],"source":[],"dataDomain":[{"guid":"d56db187-2627-41a6-8698-f74d4b76227e","typeName":"m4i_data_domain","uniqueAttributes":{"qualifiedName":"personnel-and-organization"}}],"childEntity":[],"name":"Organization","definition":"This entity contains information about the organizational unit in which a group of employees work together within an assigned discipline. ","attributes":[{"guid":"bb7eb559-447e-4acf-824b-b66b7473c769","typeName":"m4i_data_attribute","uniqueAttributes":{"qualifiedName":"personnel-and-organization--organization--organization"}},{"guid":"cd28eaf5-5d73-4dde-a2f2-140bf7a45b1b","typeName":"m4i_data_attribute","uniqueAttributes":{"qualifiedName":"personnel-and-organization--organization--basket"}},{"guid":"f7b58db1-b62e-4481-a4e9-3e2db68b0b6c","typeName":"m4i_data_attribute","uniqueAttributes":{"qualifiedName":"personnel-and-organization--organization--functional-organization"}},{"guid":"f809feb9-f81d-4376-ad4c-d2c648c4f56c","typeName":"m4i_data_attribute","uniqueAttributes":{"qualifiedName":"personnel-and-organization--organization--hierarchical-organization"}}],"businessOwner":[{"guid":"45e581d9-452c-4d48-98e0-452b7a109efb","typeName":"m4i_person","uniqueAttributes":{"qualifiedName":"merel.hofman@email.com","email":"merel.hofman@email.com"}}]},"guid":"0947802f-d016-4031-b90f-10d27b102439","isIncomplete":false,"provenanceType":0,"status":"ACTIVE","createdBy":"admin","updatedBy":"admin","createTime":1656521947978,"updateTime":1663931063480,"version":0,"relationshipAttributes":{"ArchiMateReference":[],"steward":[{"guid":"4f4948ae-2df0-437d-8c6a-e9cba5db8063","typeName":"m4i_person","entityStatus":"ACTIVE","displayText":"Cornelis Kramer","relationshipType":"m4i_data_entity_steward_assignment","relationshipGuid":"aa77765b-7719-4778-8b7f-eb0f24806ebf","relationshipStatus":"ACTIVE","relationshipAttributes":{"typeName":"m4i_data_entity_steward_assignment"}}],"dataDomain":[{"guid":"d56db187-2627-41a6-8698-f74d4b76227e","typeName":"m4i_data_domain","entityStatus":"ACTIVE","displayText":"Personnel and Organization","relationshipType":"m4i_data_entity_assignment","relationshipGuid":"ddfefbd4-941e-4b2a-8308-6da7db26625a","relationshipStatus":"ACTIVE","relationshipAttributes":{"typeName":"m4i_data_entity_assignment"}}],"parentEntity":[],"childEntity":[],"attributes":[{"guid":"cd28eaf5-5d73-4dde-a2f2-140bf7a45b1b","typeName":"m4i_data_attribute","entityStatus":"ACTIVE","displayText":"Basket","relationshipType":"m4i_data_entity_attribute_assignment","relationshipGuid":"ddb22109-9200-40cc-9360-af0bd8234b6e","relationshipStatus":"ACTIVE","relationshipAttributes":{"typeName":"m4i_data_entity_attribute_assignment"}},{"guid":"f7b58db1-b62e-4481-a4e9-3e2db68b0b6c","typeName":"m4i_data_attribute","entityStatus":"ACTIVE","displayText":"Functional Organization","relationshipType":"m4i_data_entity_attribute_assignment","relationshipGuid":"9cfed2c3-5c01-45ef-bba1-4198a5113ced","relationshipStatus":"ACTIVE","relationshipAttributes":{"typeName":"m4i_data_entity_attribute_assignment"}},{"guid":"f809feb9-f81d-4376-ad4c-d2c648c4f56c","typeName":"m4i_data_attribute","entityStatus":"ACTIVE","displayText":"Hierarchical Organization","relationshipType":"m4i_data_entity_attribute_assignment","relationshipGuid":"77ad6f9e-509c-459c-ba7d-2d8429f13437","relationshipStatus":"ACTIVE","relationshipAttributes":{"typeName":"m4i_data_entity_attribute_assignment"}},{"guid":"bb7eb559-447e-4acf-824b-b66b7473c769","typeName":"m4i_data_attribute","entityStatus":"ACTIVE","displayText":"Organization","relationshipType":"m4i_data_entity_attribute_assignment","relationshipGuid":"a7f9d308-2f7e-4a37-95ee-df95a5df5a23","relationshipStatus":"ACTIVE","relationshipAttributes":{"typeName":"m4i_data_entity_attribute_assignment"}}],"source":[{"guid":"2bee6dca-fea0-478b-824e-d97365d18bbe","typeName":"m4i_source","entityStatus":"ACTIVE","displayText":"/hr/hr/Data Dictionary_template.xlsm","relationshipType":"m4i_referenceable_source_assignment","relationshipGuid":"32c1a1d2-d895-4686-b71c-ac522e1ef627","relationshipStatus":"ACTIVE","relationshipAttributes":{"typeName":"m4i_referenceable_source_assignment"}}],"businessOwner":[{"guid":"45e581d9-452c-4d48-98e0-452b7a109efb","typeName":"m4i_person","entityStatus":"ACTIVE","displayText":"Merel Hofman","relationshipType":"m4i_data_entity_business_owner_assignment","relationshipGuid":"7db5b302-2215-4a91-92b4-6d7e65cf4fcb","relationshipStatus":"ACTIVE","relationshipAttributes":{"typeName":"m4i_data_entity_business_owner_assignment"}}],"meanings":[]},"labels":[],"proxy":false}}