{"referredEntities":{},"entity":{"typeName":"m4i_person","attributes":{"archimateReference":[],"replicatedTo":null,"replicatedFrom":null,"qualifiedName":"johanna.richter@email.com","name":"Johanna Richter","source":[],"email":"johanna.richter@email.com"},"guid":"0a30e2bc-f152-4a93-890e-e6f39f3f864f","isIncomplete":false,"provenanceType":0,"status":"ACTIVE","createdBy":"admin","updatedBy":"admin","createTime":1656521943868,"updateTime":1663931063480,"version":0,"relationshipAttributes":{"indexPatterns":[],"stewardAttribute":[],"ArchiMateReference":[],"visualizations":[],"domainLead":[],"businessOwnerAttribute":[{"guid":"ebc1227e-8331-48cd-98ce-2f4132dd1981","typeName":"m4i_data_attribute","entityStatus":"ACTIVE","displayText":"Generic mail adress","relationshipType":"m4i_data_attribute_business_owner_assignment","relationshipGuid":"7cd04585-911c-4a6d-bc6b-a25d74b38dea","relationshipStatus":"ACTIVE","relationshipAttributes":{"typeName":"m4i_data_attribute_business_owner_assignment"}},{"guid":"59f4f7a8-74e5-4b24-806f-4e9638550feb","typeName":"m4i_data_attribute","entityStatus":"ACTIVE","displayText":"Operating Address","relationshipType":"m4i_data_attribute_business_owner_assignment","relationshipGuid":"4bed14f2-c308-4d5a-a13f-dfdd84fb12c7","relationshipStatus":"ACTIVE","relationshipAttributes":{"typeName":"m4i_data_attribute_business_owner_assignment"}},{"guid":"8f5b54d6-3259-4a0f-8c7d-cf65420a3bb8","typeName":"m4i_data_attribute","entityStatus":"ACTIVE","displayText":"Product/ service description","relationshipType":"m4i_data_attribute_business_owner_assignment","relationshipGuid":"738a0fe0-9ee7-489d-aecf-e4cf49104043","relationshipStatus":"ACTIVE","relationshipAttributes":{"typeName":"m4i_data_attribute_business_owner_assignment"}},{"guid":"e4c88df0-f2bd-4cb1-aad7-b24a3cee2021","typeName":"m4i_data_attribute","entityStatus":"ACTIVE","displayText":"Contact person name","relationshipType":"m4i_data_attribute_business_owner_assignment","relationshipGuid":"c8a064dc-23d6-497d-95a5-e4a573680307","relationshipStatus":"ACTIVE","relationshipAttributes":{"typeName":"m4i_data_attribute_business_owner_assignment"}},{"guid":"3bf59b23-b612-4ca4-be5e-1a455469b0b3","typeName":"m4i_data_attribute","entityStatus":"ACTIVE","displayText":"State of registration","relationshipType":"m4i_data_attribute_business_owner_assignment","relationshipGuid":"415ec263-471a-4150-a705-eafb487d1296","relationshipStatus":"ACTIVE","relationshipAttributes":{"typeName":"m4i_data_attribute_business_owner_assignment"}},{"guid":"a1957cf3-b8dc-4396-8fef-72a29b5dbc5d","typeName":"m4i_data_attribute","entityStatus":"ACTIVE","displayText":"Country of registration","relationshipType":"m4i_data_attribute_business_owner_assignment","relationshipGuid":"99b177f7-03fa-41b0-9677-58b50ec19747","relationshipStatus":"ACTIVE","relationshipAttributes":{"typeName":"m4i_data_attribute_business_owner_assignment"}},{"guid":"ce8fc180-cb3f-4e8e-b4b1-17dda85feca2","typeName":"m4i_data_attribute","entityStatus":"ACTIVE","displayText":"City of registration","relationshipType":"m4i_data_attribute_business_owner_assignment","relationshipGuid":"c3e7f15e-c169-4bcd-8f4d-1913277e8d9a","relationshipStatus":"ACTIVE","relationshipAttributes":{"typeName":"m4i_data_attribute_business_owner_assignment"}},{"guid":"fc714ece-629d-4e02-b1a3-042025639d0a","typeName":"m4i_data_attribute","entityStatus":"ACTIVE","displayText":"Company address","relationshipType":"m4i_data_attribute_business_owner_assignment","relationshipGuid":"fd5d7431-761c-494f-a9c4-8d25748bf287","relationshipStatus":"ACTIVE","relationshipAttributes":{"typeName":"m4i_data_attribute_business_owner_assignment"}},{"guid":"41b6a418-dbaf-461b-bc66-e7285c1cbd25","typeName":"m4i_data_attribute","entityStatus":"ACTIVE","displayText":"Type of ownership","relationshipType":"m4i_data_attribute_business_owner_assignment","relationshipGuid":"f354bbde-3fa3-4499-8daf-3d4e0206a335","relationshipStatus":"ACTIVE","relationshipAttributes":{"typeName":"m4i_data_attribute_business_owner_assignment"}},{"guid":"0b915e7a-6b54-401a-8e2c-3590719e32ea","typeName":"m4i_data_attribute","entityStatus":"ACTIVE","displayText":"Parent company registration number","relationshipType":"m4i_data_attribute_business_owner_assignment","relationshipGuid":"75567af7-e78b-4462-8846-2385398b86b9","relationshipStatus":"ACTIVE","relationshipAttributes":{"typeName":"m4i_data_attribute_business_owner_assignment"}},{"guid":"32d08426-6992-4fec-9de2-fbfea85af237","typeName":"m4i_data_attribute","entityStatus":"ACTIVE","displayText":"Type of vendor","relationshipType":"m4i_data_attribute_business_owner_assignment","relationshipGuid":"6010acf0-55d1-4172-92e5-d160c60dbab7","relationshipStatus":"ACTIVE","relationshipAttributes":{"typeName":"m4i_data_attribute_business_owner_assignment"}},{"guid":"e93cc475-faf6-4ac0-89dc-62554a056e7a","typeName":"m4i_data_attribute","entityStatus":"ACTIVE","displayText":"Contact person phone number","relationshipType":"m4i_data_attribute_business_owner_assignment","relationshipGuid":"15ffca4b-bfe0-4635-9d4e-dbd4f9dd9382","relationshipStatus":"ACTIVE","relationshipAttributes":{"typeName":"m4i_data_attribute_business_owner_assignment"}},{"guid":"627edc0c-1b4c-4f0c-b132-756a347c013e","typeName":"m4i_data_attribute","entityStatus":"ACTIVE","displayText":"Geographic location","relationshipType":"m4i_data_attribute_business_owner_assignment","relationshipGuid":"793035e4-2a8a-4794-bb11-18f89d797c31","relationshipStatus":"ACTIVE","relationshipAttributes":{"typeName":"m4i_data_attribute_business_owner_assignment"}},{"guid":"6c13c3d0-2244-462e-a91c-fefeca1238f1","typeName":"m4i_data_attribute","entityStatus":"ACTIVE","displayText":"Offered categories","relationshipType":"m4i_data_attribute_business_owner_assignment","relationshipGuid":"a4caf238-22ec-4c44-80d1-ea003a406253","relationshipStatus":"ACTIVE","relationshipAttributes":{"typeName":"m4i_data_attribute_business_owner_assignment"}},{"guid":"bd2d3acb-2592-455c-bd51-207a335dc2a8","typeName":"m4i_data_attribute","entityStatus":"ACTIVE","displayText":"Finance company email address","relationshipType":"m4i_data_attribute_business_owner_assignment","relationshipGuid":"86c1cf31-eff6-4c7e-82cf-56fd57487d88","relationshipStatus":"ACTIVE","relationshipAttributes":{"typeName":"m4i_data_attribute_business_owner_assignment"}},{"guid":"e15088f4-a893-484c-85e7-3013fc6ddc9d","typeName":"m4i_data_attribute","entityStatus":"ACTIVE","displayText":"Operating Country","relationshipType":"m4i_data_attribute_business_owner_assignment","relationshipGuid":"466e416c-ccc8-457b-82d9-4c2dce89a5b0","relationshipStatus":"ACTIVE","relationshipAttributes":{"typeName":"m4i_data_attribute_business_owner_assignment"}},{"guid":"7bc1515c-0628-4828-895a-f0da8bf6dae4","typeName":"m4i_data_attribute","entityStatus":"ACTIVE","displayText":"Parent company name","relationshipType":"m4i_data_attribute_business_owner_assignment","relationshipGuid":"82d1742d-4bc6-4c66-afea-f846b05dbfa0","relationshipStatus":"ACTIVE","relationshipAttributes":{"typeName":"m4i_data_attribute_business_owner_assignment"}},{"guid":"dc82651d-d03f-461f-a0cd-4e61f9514015","typeName":"m4i_data_attribute","entityStatus":"ACTIVE","displayText":"Operating City","relationshipType":"m4i_data_attribute_business_owner_assignment","relationshipGuid":"e82b4c37-63fb-494c-8096-81aa70ec6a9d","relationshipStatus":"ACTIVE","relationshipAttributes":{"typeName":"m4i_data_attribute_business_owner_assignment"}},{"guid":"c413fb3a-bb3f-4ea1-a2c0-d9a9adbc2149","typeName":"m4i_data_attribute","entityStatus":"ACTIVE","displayText":"Zipcode","relationshipType":"m4i_data_attribute_business_owner_assignment","relationshipGuid":"962e97c9-8f6c-4a85-8763-636b9305917f","relationshipStatus":"ACTIVE","relationshipAttributes":{"typeName":"m4i_data_attribute_business_owner_assignment"}},{"guid":"3bf681d3-c6c8-402a-a0b6-58f2084e00bc","typeName":"m4i_data_attribute","entityStatus":"ACTIVE","displayText":"Incorporation","relationshipType":"m4i_data_attribute_business_owner_assignment","relationshipGuid":"1052d741-c027-4090-a546-e1c8f10a459d","relationshipStatus":"ACTIVE","relationshipAttributes":{"typeName":"m4i_data_attribute_business_owner_assignment"}},{"guid":"5280c854-8e38-40ef-9b96-3710fdd2f5f0","typeName":"m4i_data_attribute","entityStatus":"ACTIVE","displayText":"Operating Zipcode","relationshipType":"m4i_data_attribute_business_owner_assignment","relationshipGuid":"adcedf7f-fad8-4f90-a83e-f5d63be9b1c7","relationshipStatus":"ACTIVE","relationshipAttributes":{"typeName":"m4i_data_attribute_business_owner_assignment"}},{"guid":"f53150ab-a451-41c2-bd41-98f8ec51f317","typeName":"m4i_data_attribute","entityStatus":"ACTIVE","displayText":"Contact person function","relationshipType":"m4i_data_attribute_business_owner_assignment","relationshipGuid":"1f02cf42-47d0-4125-afcd-01e788594bed","relationshipStatus":"ACTIVE","relationshipAttributes":{"typeName":"m4i_data_attribute_business_owner_assignment"}},{"guid":"c2e2c2d9-f0b2-4f0d-b994-9684395dfdd4","typeName":"m4i_data_attribute","entityStatus":"ACTIVE","displayText":"Generic phone number","relationshipType":"m4i_data_attribute_business_owner_assignment","relationshipGuid":"2b1d82f7-2e7a-4257-86f6-763436d56ea5","relationshipStatus":"ACTIVE","relationshipAttributes":{"typeName":"m4i_data_attribute_business_owner_assignment"}},{"guid":"1945b51b-0f13-4bcf-bd2b-e745d79248d0","typeName":"m4i_data_attribute","entityStatus":"ACTIVE","displayText":"Purchasing company email address","relationshipType":"m4i_data_attribute_business_owner_assignment","relationshipGuid":"978d02a9-c080-4359-9bd7-e4a0e5d5e605","relationshipStatus":"ACTIVE","relationshipAttributes":{"typeName":"m4i_data_attribute_business_owner_assignment"}},{"guid":"2510d037-7c6f-407f-972b-075d34e24d62","typeName":"m4i_data_attribute","entityStatus":"ACTIVE","displayText":"Company VAT number","relationshipType":"m4i_data_attribute_business_owner_assignment","relationshipGuid":"2a2b9d11-fd2a-4220-a927-3d11166fb5c7","relationshipStatus":"ACTIVE","relationshipAttributes":{"typeName":"m4i_data_attribute_business_owner_assignment"}},{"guid":"ddb6042d-155d-4b53-80f2-037df21da1d9","typeName":"m4i_data_attribute","entityStatus":"ACTIVE","displayText":"Legal entity","relationshipType":"m4i_data_attribute_business_owner_assignment","relationshipGuid":"34e06f76-e728-444e-8f01-e6af39d9605d","relationshipStatus":"ACTIVE","relationshipAttributes":{"typeName":"m4i_data_attribute_business_owner_assignment"}},{"guid":"cb9ef4bc-4c68-4510-8816-f5e439105f2b","typeName":"m4i_data_attribute","entityStatus":"ACTIVE","displayText":"Operating State","relationshipType":"m4i_data_attribute_business_owner_assignment","relationshipGuid":"ad6745c7-c8e4-4ee0-984b-932534304c2f","relationshipStatus":"ACTIVE","relationshipAttributes":{"typeName":"m4i_data_attribute_business_owner_assignment"}},{"guid":"193e678e-4572-4ac1-b453-c6cc61682648","typeName":"m4i_data_attribute","entityStatus":"ACTIVE","displayText":"Company website","relationshipType":"m4i_data_attribute_business_owner_assignment","relationshipGuid":"03d83bf8-4833-437b-9d51-91d582789710","relationshipStatus":"ACTIVE","relationshipAttributes":{"typeName":"m4i_data_attribute_business_owner_assignment"}},{"guid":"578fcafa-16fb-4c46-a0eb-107b9f0eaf1e","typeName":"m4i_data_attribute","entityStatus":"ACTIVE","displayText":"Supplier short","relationshipType":"m4i_data_attribute_business_owner_assignment","relationshipGuid":"fd0394c7-397a-4578-89e8-1c4f0d78e47c","relationshipStatus":"ACTIVE","relationshipAttributes":{"typeName":"m4i_data_attribute_business_owner_assignment"}},{"guid":"8c301ae1-74d9-4cf7-b8a7-81b0142bb660","typeName":"m4i_data_attribute","entityStatus":"ACTIVE","displayText":"Company registration number","relationshipType":"m4i_data_attribute_business_owner_assignment","relationshipGuid":"3ededdae-fc7c-4ab3-8c02-9597c82f6dc6","relationshipStatus":"ACTIVE","relationshipAttributes":{"typeName":"m4i_data_attribute_business_owner_assignment"}},{"guid":"99ac3730-d700-4007-98c2-8a06077e59db","typeName":"m4i_data_attribute","entityStatus":"ACTIVE","displayText":"Corresponding address","relationshipType":"m4i_data_attribute_business_owner_assignment","relationshipGuid":"ff54f1b6-1bea-4ce7-b325-a25c1ba92b89","relationshipStatus":"ACTIVE","relationshipAttributes":{"typeName":"m4i_data_attribute_business_owner_assignment"}},{"guid":"680b4339-7c07-48ba-b6e6-a7558ef0381a","typeName":"m4i_data_attribute","entityStatus":"ACTIVE","displayText":"Subsidiary to parent","relationshipType":"m4i_data_attribute_business_owner_assignment","relationshipGuid":"54da979d-6b25-4476-b186-8f4e6dcdaacd","relationshipStatus":"ACTIVE","relationshipAttributes":{"typeName":"m4i_data_attribute_business_owner_assignment"}},{"guid":"653c17da-e3b1-48ce-a698-52d76986a6ea","typeName":"m4i_data_attribute","entityStatus":"ACTIVE","displayText":"Contact person mail address","relationshipType":"m4i_data_attribute_business_owner_assignment","relationshipGuid":"db6cae98-4bef-4aa2-98bd-4c4fbe912a14","relationshipStatus":"ACTIVE","relationshipAttributes":{"typeName":"m4i_data_attribute_business_owner_assignment"}}],"source":[{"guid":"2bee6dca-fea0-478b-824e-d97365d18bbe","typeName":"m4i_source","entityStatus":"ACTIVE","displayText":"/hr/hr/Data Dictionary_template.xlsm","relationshipType":"m4i_referenceable_source_assignment","relationshipGuid":"24134129-7a26-41f6-9430-7588b49cffb8","relationshipStatus":"ACTIVE","relationshipAttributes":{"typeName":"m4i_referenceable_source_assignment"}}],"dashboards":[],"stewardEntity":[],"meanings":[],"businessOwnerEntity":[{"guid":"97e544aa-47c6-4326-8975-76df2203f39d","typeName":"m4i_data_entity","entityStatus":"ACTIVE","displayText":"Company Contacts","relationshipType":"m4i_data_entity_business_owner_assignment","relationshipGuid":"a27a741c-0084-4408-a2cc-7724785a789a","relationshipStatus":"ACTIVE","relationshipAttributes":{"typeName":"m4i_data_entity_business_owner_assignment"}},{"guid":"0ed13fa1-bbce-4368-adee-8199e4266463","typeName":"m4i_data_entity","entityStatus":"ACTIVE","displayText":"Company Information","relationshipType":"m4i_data_entity_business_owner_assignment","relationshipGuid":"7230ac3b-9caa-4e74-b753-c24826097513","relationshipStatus":"ACTIVE","relationshipAttributes":{"typeName":"m4i_data_entity_business_owner_assignment"}}],"ProcessOwner":[]},"labels":[],"proxy":false}}