{"referredEntities":{},"entity":{"typeName":"m4i_data_quality","attributes":{"owner":null,"archimateReference":[],"expression":"Formatting('oee', R'^[0-9]+$')","replicatedTo":null,"userDescription":null,"replicatedFrom":null,"qualifiedName":"nl3--nl3plant--nl3plant001--oee--14","displayName":null,"description":null,"active":true,"source":[],"businessRuleDescription":"","ruleDescription":"This field must be numeric","name":"nl3--nl3plant--nl3plant001--oee--14","filterRequired":true,"id":14,"qualityDimension":"Accuracy","expressionVersion":"","fields":[{"guid":"16ed0a09-3a94-449e-8185-e16d720ef8da","typeName":"m4i_field","uniqueAttributes":{"qualifiedName":"nl3--nl3plant--nl3plant001--oee"}}]},"guid":"0e0b34ad-a064-44e1-9849-cac58afdb4ac","isIncomplete":false,"status":"ACTIVE","createdBy":"admin","updatedBy":"admin","createTime":1666701543730,"updateTime":1666701543730,"version":0,"relationshipAttributes":{"inputToProcesses":[],"pipeline":null,"schema":[],"ArchiMateReference":[],"model":null,"source":[{"guid":"76c08811-3d6f-4c96-8716-d1c2eea338ca","typeName":"m4i_source","entityStatus":"ACTIVE","displayText":"Plant","relationshipType":"m4i_referenceable_source_assignment","relationshipGuid":"21d49bcb-ae6c-4510-9cd9-2753a975ae79","relationshipStatus":"ACTIVE","relationshipAttributes":{"typeName":"m4i_referenceable_source_assignment"}}],"fields":[{"guid":"16ed0a09-3a94-449e-8185-e16d720ef8da","typeName":"m4i_field","entityStatus":"ACTIVE","displayText":"OEE","relationshipType":"m4i_data_quality_field_assignment","relationshipGuid":"2fb72a10-853c-49be-8222-9051e47e24d1","relationshipStatus":"ACTIVE","relationshipAttributes":{"typeName":"m4i_data_quality_field_assignment"}}],"meanings":[],"outputFromProcesses":[]},"labels":[]}}