{"referredEntities":{},"entity":{"typeName":"m4i_data_entity","attributes":{"archimateReference":[],"replicatedTo":null,"replicatedFrom":null,"steward":[{"guid":"9e8c280b-b4f7-45e0-b287-49dddaf21e23","typeName":"m4i_person","uniqueAttributes":{"qualifiedName":"lore.brandt@email.com","email":"lore.brandt@email.com"}}],"qualifiedName":"procurement--company-information","parentEntity":[],"source":[],"dataDomain":[{"guid":"393d8dde-964a-4586-8202-fc984cd16f2a","typeName":"m4i_data_domain","uniqueAttributes":{"qualifiedName":"procurement"}}],"childEntity":[],"name":"Company Information","definition":"Generic (master) data that represents the supplier that wants to do business with the company","attributes":[{"guid":"0b915e7a-6b54-401a-8e2c-3590719e32ea","typeName":"m4i_data_attribute","uniqueAttributes":{"qualifiedName":"procurement--company-information--parent-company-registration-number"}},{"guid":"32d08426-6992-4fec-9de2-fbfea85af237","typeName":"m4i_data_attribute","uniqueAttributes":{"qualifiedName":"procurement--company-information--type-of-vendor"}},{"guid":"627edc0c-1b4c-4f0c-b132-756a347c013e","typeName":"m4i_data_attribute","uniqueAttributes":{"qualifiedName":"procurement--company-information--geographic-location"}},{"guid":"6c13c3d0-2244-462e-a91c-fefeca1238f1","typeName":"m4i_data_attribute","uniqueAttributes":{"qualifiedName":"procurement--company-information--offered-categories"}},{"guid":"578fcafa-16fb-4c46-a0eb-107b9f0eaf1e","typeName":"m4i_data_attribute","uniqueAttributes":{"qualifiedName":"procurement--company-information--supplier-short"}},{"guid":"e15088f4-a893-484c-85e7-3013fc6ddc9d","typeName":"m4i_data_attribute","uniqueAttributes":{"qualifiedName":"procurement--company-information--operating-country"}},{"guid":"dc82651d-d03f-461f-a0cd-4e61f9514015","typeName":"m4i_data_attribute","uniqueAttributes":{"qualifiedName":"procurement--company-information--operating-city"}},{"guid":"3bf681d3-c6c8-402a-a0b6-58f2084e00bc","typeName":"m4i_data_attribute","uniqueAttributes":{"qualifiedName":"procurement--company-information--incorporation"}},{"guid":"5280c854-8e38-40ef-9b96-3710fdd2f5f0","typeName":"m4i_data_attribute","uniqueAttributes":{"qualifiedName":"procurement--company-information--operating-zipcode"}},{"guid":"99ac3730-d700-4007-98c2-8a06077e59db","typeName":"m4i_data_attribute","uniqueAttributes":{"qualifiedName":"procurement--company-information--corresponding-address"}},{"guid":"c413fb3a-bb3f-4ea1-a2c0-d9a9adbc2149","typeName":"m4i_data_attribute","uniqueAttributes":{"qualifiedName":"procurement--company-information--zipcode"}},{"guid":"8c301ae1-74d9-4cf7-b8a7-81b0142bb660","typeName":"m4i_data_attribute","uniqueAttributes":{"qualifiedName":"procurement--company-information--company-registration-number"}},{"guid":"7bc1515c-0628-4828-895a-f0da8bf6dae4","typeName":"m4i_data_attribute","uniqueAttributes":{"qualifiedName":"procurement--company-information--parent-company-name"}},{"guid":"193e678e-4572-4ac1-b453-c6cc61682648","typeName":"m4i_data_attribute","uniqueAttributes":{"qualifiedName":"procurement--company-information--company-website"}},{"guid":"680b4339-7c07-48ba-b6e6-a7558ef0381a","typeName":"m4i_data_attribute","uniqueAttributes":{"qualifiedName":"procurement--company-information--subsidiary-to-parent"}},{"guid":"59f4f7a8-74e5-4b24-806f-4e9638550feb","typeName":"m4i_data_attribute","uniqueAttributes":{"qualifiedName":"procurement--company-information--operating-address"}},{"guid":"8f5b54d6-3259-4a0f-8c7d-cf65420a3bb8","typeName":"m4i_data_attribute","uniqueAttributes":{"qualifiedName":"procurement--company-information--product/-service-description"}},{"guid":"2510d037-7c6f-407f-972b-075d34e24d62","typeName":"m4i_data_attribute","uniqueAttributes":{"qualifiedName":"procurement--company-information--company-vat-number"}},{"guid":"ddb6042d-155d-4b53-80f2-037df21da1d9","typeName":"m4i_data_attribute","uniqueAttributes":{"qualifiedName":"procurement--company-information--legal-entity"}},{"guid":"cb9ef4bc-4c68-4510-8816-f5e439105f2b","typeName":"m4i_data_attribute","uniqueAttributes":{"qualifiedName":"procurement--company-information--operating-state"}},{"guid":"3bf59b23-b612-4ca4-be5e-1a455469b0b3","typeName":"m4i_data_attribute","uniqueAttributes":{"qualifiedName":"procurement--company-information--state-of-registration"}},{"guid":"a1957cf3-b8dc-4396-8fef-72a29b5dbc5d","typeName":"m4i_data_attribute","uniqueAttributes":{"qualifiedName":"procurement--company-information--country-of-registration"}},{"guid":"ce8fc180-cb3f-4e8e-b4b1-17dda85feca2","typeName":"m4i_data_attribute","uniqueAttributes":{"qualifiedName":"procurement--company-information--city-of-registration"}},{"guid":"fc714ece-629d-4e02-b1a3-042025639d0a","typeName":"m4i_data_attribute","uniqueAttributes":{"qualifiedName":"procurement--company-information--company-address"}},{"guid":"41b6a418-dbaf-461b-bc66-e7285c1cbd25","typeName":"m4i_data_attribute","uniqueAttributes":{"qualifiedName":"procurement--company-information--type-of-ownership"}}],"businessOwner":[{"guid":"0a30e2bc-f152-4a93-890e-e6f39f3f864f","typeName":"m4i_person","uniqueAttributes":{"qualifiedName":"johanna.richter@email.com","email":"johanna.richter@email.com"}}]},"guid":"0ed13fa1-bbce-4368-adee-8199e4266463","isIncomplete":false,"provenanceType":0,"status":"ACTIVE","createdBy":"admin","updatedBy":"admin","createTime":1656521952158,"updateTime":1663931063480,"version":0,"relationshipAttributes":{"ArchiMateReference":[],"steward":[{"guid":"9e8c280b-b4f7-45e0-b287-49dddaf21e23","typeName":"m4i_person","entityStatus":"ACTIVE","displayText":"Lore Brandt","relationshipType":"m4i_data_entity_steward_assignment","relationshipGuid":"32f1f0d9-580c-4d38-a9f4-6ee18d4efb73","relationshipStatus":"ACTIVE","relationshipAttributes":{"typeName":"m4i_data_entity_steward_assignment"}}],"dataDomain":[{"guid":"393d8dde-964a-4586-8202-fc984cd16f2a","typeName":"m4i_data_domain","entityStatus":"ACTIVE","displayText":"Procurement","relationshipType":"m4i_data_entity_assignment","relationshipGuid":"ed8bda8f-fef2-4ec5-b4b8-eba30ab73ebf","relationshipStatus":"ACTIVE","relationshipAttributes":{"typeName":"m4i_data_entity_assignment"}}],"parentEntity":[],"childEntity":[],"attributes":[{"guid":"59f4f7a8-74e5-4b24-806f-4e9638550feb","typeName":"m4i_data_attribute","entityStatus":"ACTIVE","displayText":"Operating Address","relationshipType":"m4i_data_entity_attribute_assignment","relationshipGuid":"170cb3ee-234e-47dc-bbe7-3b7d8fc0b574","relationshipStatus":"ACTIVE","relationshipAttributes":{"typeName":"m4i_data_entity_attribute_assignment"}},{"guid":"8f5b54d6-3259-4a0f-8c7d-cf65420a3bb8","typeName":"m4i_data_attribute","entityStatus":"ACTIVE","displayText":"Product/ service description","relationshipType":"m4i_data_entity_attribute_assignment","relationshipGuid":"201a7cea-c433-4be3-97e8-64cc7b9ce418","relationshipStatus":"ACTIVE","relationshipAttributes":{"typeName":"m4i_data_entity_attribute_assignment"}},{"guid":"3bf59b23-b612-4ca4-be5e-1a455469b0b3","typeName":"m4i_data_attribute","entityStatus":"ACTIVE","displayText":"State of registration","relationshipType":"m4i_data_entity_attribute_assignment","relationshipGuid":"9c988372-dfd7-4011-b2f2-db24252c0878","relationshipStatus":"ACTIVE","relationshipAttributes":{"typeName":"m4i_data_entity_attribute_assignment"}},{"guid":"a1957cf3-b8dc-4396-8fef-72a29b5dbc5d","typeName":"m4i_data_attribute","entityStatus":"ACTIVE","displayText":"Country of registration","relationshipType":"m4i_data_entity_attribute_assignment","relationshipGuid":"f13770a7-eb7a-4c9d-81ac-082314efc2b1","relationshipStatus":"ACTIVE","relationshipAttributes":{"typeName":"m4i_data_entity_attribute_assignment"}},{"guid":"ce8fc180-cb3f-4e8e-b4b1-17dda85feca2","typeName":"m4i_data_attribute","entityStatus":"ACTIVE","displayText":"City of registration","relationshipType":"m4i_data_entity_attribute_assignment","relationshipGuid":"c38bb5fa-bcdc-438d-b012-030ae7c6fe1c","relationshipStatus":"ACTIVE","relationshipAttributes":{"typeName":"m4i_data_entity_attribute_assignment"}},{"guid":"fc714ece-629d-4e02-b1a3-042025639d0a","typeName":"m4i_data_attribute","entityStatus":"ACTIVE","displayText":"Company address","relationshipType":"m4i_data_entity_attribute_assignment","relationshipGuid":"95c5ec25-63a1-4e82-8448-8c5cf415d2dc","relationshipStatus":"ACTIVE","relationshipAttributes":{"typeName":"m4i_data_entity_attribute_assignment"}},{"guid":"41b6a418-dbaf-461b-bc66-e7285c1cbd25","typeName":"m4i_data_attribute","entityStatus":"ACTIVE","displayText":"Type of ownership","relationshipType":"m4i_data_entity_attribute_assignment","relationshipGuid":"a8907b8d-edfb-4540-8ddc-67ddcc589006","relationshipStatus":"ACTIVE","relationshipAttributes":{"typeName":"m4i_data_entity_attribute_assignment"}},{"guid":"0b915e7a-6b54-401a-8e2c-3590719e32ea","typeName":"m4i_data_attribute","entityStatus":"ACTIVE","displayText":"Parent company registration number","relationshipType":"m4i_data_entity_attribute_assignment","relationshipGuid":"4ae7c9a4-29b1-4d0b-84e7-e109fa4912c8","relationshipStatus":"ACTIVE","relationshipAttributes":{"typeName":"m4i_data_entity_attribute_assignment"}},{"guid":"32d08426-6992-4fec-9de2-fbfea85af237","typeName":"m4i_data_attribute","entityStatus":"ACTIVE","displayText":"Type of vendor","relationshipType":"m4i_data_entity_attribute_assignment","relationshipGuid":"e709cbdf-44d1-4ea0-abdd-d7ca1588439d","relationshipStatus":"ACTIVE","relationshipAttributes":{"typeName":"m4i_data_entity_attribute_assignment"}},{"guid":"627edc0c-1b4c-4f0c-b132-756a347c013e","typeName":"m4i_data_attribute","entityStatus":"ACTIVE","displayText":"Geographic location","relationshipType":"m4i_data_entity_attribute_assignment","relationshipGuid":"54994ab6-326c-4186-aa4b-fa0e27050196","relationshipStatus":"ACTIVE","relationshipAttributes":{"typeName":"m4i_data_entity_attribute_assignment"}},{"guid":"6c13c3d0-2244-462e-a91c-fefeca1238f1","typeName":"m4i_data_attribute","entityStatus":"ACTIVE","displayText":"Offered categories","relationshipType":"m4i_data_entity_attribute_assignment","relationshipGuid":"5ea9c37c-d752-4664-8517-c2c06a38253d","relationshipStatus":"ACTIVE","relationshipAttributes":{"typeName":"m4i_data_entity_attribute_assignment"}},{"guid":"e15088f4-a893-484c-85e7-3013fc6ddc9d","typeName":"m4i_data_attribute","entityStatus":"ACTIVE","displayText":"Operating Country","relationshipType":"m4i_data_entity_attribute_assignment","relationshipGuid":"1433472f-0d4a-4462-9222-dfa5e6dddddf","relationshipStatus":"ACTIVE","relationshipAttributes":{"typeName":"m4i_data_entity_attribute_assignment"}},{"guid":"7bc1515c-0628-4828-895a-f0da8bf6dae4","typeName":"m4i_data_attribute","entityStatus":"ACTIVE","displayText":"Parent company name","relationshipType":"m4i_data_entity_attribute_assignment","relationshipGuid":"e6a2d79a-acf2-41dd-8180-91983b6c704f","relationshipStatus":"ACTIVE","relationshipAttributes":{"typeName":"m4i_data_entity_attribute_assignment"}},{"guid":"dc82651d-d03f-461f-a0cd-4e61f9514015","typeName":"m4i_data_attribute","entityStatus":"ACTIVE","displayText":"Operating City","relationshipType":"m4i_data_entity_attribute_assignment","relationshipGuid":"59fbf7fa-a389-4d4c-b605-d0e3b79c49a3","relationshipStatus":"ACTIVE","relationshipAttributes":{"typeName":"m4i_data_entity_attribute_assignment"}},{"guid":"c413fb3a-bb3f-4ea1-a2c0-d9a9adbc2149","typeName":"m4i_data_attribute","entityStatus":"ACTIVE","displayText":"Zipcode","relationshipType":"m4i_data_entity_attribute_assignment","relationshipGuid":"adf402b0-d9e6-4739-b206-61b82a26697d","relationshipStatus":"ACTIVE","relationshipAttributes":{"typeName":"m4i_data_entity_attribute_assignment"}},{"guid":"3bf681d3-c6c8-402a-a0b6-58f2084e00bc","typeName":"m4i_data_attribute","entityStatus":"ACTIVE","displayText":"Incorporation","relationshipType":"m4i_data_entity_attribute_assignment","relationshipGuid":"acadf2a1-9a5b-4c98-a48a-8fb7627c400a","relationshipStatus":"ACTIVE","relationshipAttributes":{"typeName":"m4i_data_entity_attribute_assignment"}},{"guid":"5280c854-8e38-40ef-9b96-3710fdd2f5f0","typeName":"m4i_data_attribute","entityStatus":"ACTIVE","displayText":"Operating Zipcode","relationshipType":"m4i_data_entity_attribute_assignment","relationshipGuid":"75957bea-ff09-4e10-ade0-257cb4591fc9","relationshipStatus":"ACTIVE","relationshipAttributes":{"typeName":"m4i_data_entity_attribute_assignment"}},{"guid":"2510d037-7c6f-407f-972b-075d34e24d62","typeName":"m4i_data_attribute","entityStatus":"ACTIVE","displayText":"Company VAT number","relationshipType":"m4i_data_entity_attribute_assignment","relationshipGuid":"773e18fa-c648-40be-a224-4b0019593ba4","relationshipStatus":"ACTIVE","relationshipAttributes":{"typeName":"m4i_data_entity_attribute_assignment"}},{"guid":"ddb6042d-155d-4b53-80f2-037df21da1d9","typeName":"m4i_data_attribute","entityStatus":"ACTIVE","displayText":"Legal entity","relationshipType":"m4i_data_entity_attribute_assignment","relationshipGuid":"2e06bbb1-df2f-4189-aa94-17d8f1370c24","relationshipStatus":"ACTIVE","relationshipAttributes":{"typeName":"m4i_data_entity_attribute_assignment"}},{"guid":"cb9ef4bc-4c68-4510-8816-f5e439105f2b","typeName":"m4i_data_attribute","entityStatus":"ACTIVE","displayText":"Operating State","relationshipType":"m4i_data_entity_attribute_assignment","relationshipGuid":"abe0d6aa-8a7e-4009-ab8a-2223e5c0ffa8","relationshipStatus":"ACTIVE","relationshipAttributes":{"typeName":"m4i_data_entity_attribute_assignment"}},{"guid":"193e678e-4572-4ac1-b453-c6cc61682648","typeName":"m4i_data_attribute","entityStatus":"ACTIVE","displayText":"Company website","relationshipType":"m4i_data_entity_attribute_assignment","relationshipGuid":"84eff4fe-0642-40fb-829e-480be798a87e","relationshipStatus":"ACTIVE","relationshipAttributes":{"typeName":"m4i_data_entity_attribute_assignment"}},{"guid":"578fcafa-16fb-4c46-a0eb-107b9f0eaf1e","typeName":"m4i_data_attribute","entityStatus":"ACTIVE","displayText":"Supplier short","relationshipType":"m4i_data_entity_attribute_assignment","relationshipGuid":"078b2c6a-d0b6-4223-9932-1a359002d6d5","relationshipStatus":"ACTIVE","relationshipAttributes":{"typeName":"m4i_data_entity_attribute_assignment"}},{"guid":"8c301ae1-74d9-4cf7-b8a7-81b0142bb660","typeName":"m4i_data_attribute","entityStatus":"ACTIVE","displayText":"Company registration number","relationshipType":"m4i_data_entity_attribute_assignment","relationshipGuid":"5da86696-0fcf-470f-9908-c42360494737","relationshipStatus":"ACTIVE","relationshipAttributes":{"typeName":"m4i_data_entity_attribute_assignment"}},{"guid":"99ac3730-d700-4007-98c2-8a06077e59db","typeName":"m4i_data_attribute","entityStatus":"ACTIVE","displayText":"Corresponding address","relationshipType":"m4i_data_entity_attribute_assignment","relationshipGuid":"07fbbab4-b514-461b-8128-0e5b23e677b1","relationshipStatus":"ACTIVE","relationshipAttributes":{"typeName":"m4i_data_entity_attribute_assignment"}},{"guid":"680b4339-7c07-48ba-b6e6-a7558ef0381a","typeName":"m4i_data_attribute","entityStatus":"ACTIVE","displayText":"Subsidiary to parent","relationshipType":"m4i_data_entity_attribute_assignment","relationshipGuid":"259bd6d4-8c2d-49a9-9dec-d48e017f8364","relationshipStatus":"ACTIVE","relationshipAttributes":{"typeName":"m4i_data_entity_attribute_assignment"}}],"source":[{"guid":"2bee6dca-fea0-478b-824e-d97365d18bbe","typeName":"m4i_source","entityStatus":"ACTIVE","displayText":"/hr/hr/Data Dictionary_template.xlsm","relationshipType":"m4i_referenceable_source_assignment","relationshipGuid":"b0d7848d-cb24-4e60-8aa8-d910d7686e1c","relationshipStatus":"ACTIVE","relationshipAttributes":{"typeName":"m4i_referenceable_source_assignment"}}],"businessOwner":[{"guid":"0a30e2bc-f152-4a93-890e-e6f39f3f864f","typeName":"m4i_person","entityStatus":"ACTIVE","displayText":"Johanna Richter","relationshipType":"m4i_data_entity_business_owner_assignment","relationshipGuid":"7230ac3b-9caa-4e74-b753-c24826097513","relationshipStatus":"ACTIVE","relationshipAttributes":{"typeName":"m4i_data_entity_business_owner_assignment"}}],"meanings":[]},"classifications":[{"typeName":"PII","entityGuid":"59f4f7a8-74e5-4b24-806f-4e9638550feb","entityStatus":"ACTIVE","propagate":true,"validityPeriods":[],"removePropagationsOnEntityDelete":true},{"typeName":"PII","entityGuid":"cb9ef4bc-4c68-4510-8816-f5e439105f2b","entityStatus":"ACTIVE","propagate":true,"validityPeriods":[],"removePropagationsOnEntityDelete":true},{"typeName":"PII","entityGuid":"8c301ae1-74d9-4cf7-b8a7-81b0142bb660","entityStatus":"ACTIVE","propagate":true,"validityPeriods":[],"removePropagationsOnEntityDelete":true},{"typeName":"PII","entityGuid":"5280c854-8e38-40ef-9b96-3710fdd2f5f0","entityStatus":"ACTIVE","propagate":true,"validityPeriods":[],"removePropagationsOnEntityDelete":true},{"typeName":"PII","entityGuid":"2510d037-7c6f-407f-972b-075d34e24d62","entityStatus":"ACTIVE","propagate":true,"validityPeriods":[],"removePropagationsOnEntityDelete":true},{"typeName":"PII","entityGuid":"ddb6042d-155d-4b53-80f2-037df21da1d9","entityStatus":"ACTIVE","propagate":true,"validityPeriods":[],"removePropagationsOnEntityDelete":true},{"typeName":"PII","entityGuid":"e15088f4-a893-484c-85e7-3013fc6ddc9d","entityStatus":"ACTIVE","propagate":true,"validityPeriods":[],"removePropagationsOnEntityDelete":true},{"typeName":"PII","entityGuid":"fc714ece-629d-4e02-b1a3-042025639d0a","entityStatus":"ACTIVE","propagate":true,"validityPeriods":[],"removePropagationsOnEntityDelete":true},{"typeName":"PII","entityGuid":"c413fb3a-bb3f-4ea1-a2c0-d9a9adbc2149","entityStatus":"ACTIVE","propagate":true,"validityPeriods":[],"removePropagationsOnEntityDelete":true},{"typeName":"PII","entityGuid":"99ac3730-d700-4007-98c2-8a06077e59db","entityStatus":"ACTIVE","propagate":true,"validityPeriods":[],"removePropagationsOnEntityDelete":true},{"typeName":"PII","entityGuid":"dc82651d-d03f-461f-a0cd-4e61f9514015","entityStatus":"ACTIVE","propagate":true,"validityPeriods":[],"removePropagationsOnEntityDelete":true}],"labels":[],"proxy":false}}