{"referredEntities":{},"entity":{"typeName":"m4i_kafka_cluster","attributes":{"archimateReference":[],"childSystem":[],"replicatedTo":null,"replicatedFrom":null,"qualifiedName":"cc1--kaf1--kaf1-hr","confluentEnvironment":[{"guid":"9e13ba4f-6170-4ca6-8af9-46b42a62b628","typeName":"m4i_confluent_environment","uniqueAttributes":{"qualifiedName":"cc1--kaf1"}}],"source":[],"kafkaReplicas":0,"parentSystem":[],"collections":[],"name":"kaf1-hr","kafkaPartitions":0,"definition":null},"guid":"0f44af6d-ced0-4c45-b959-983f5c8d7327","isIncomplete":false,"provenanceType":0,"status":"ACTIVE","createdBy":"admin","updatedBy":"admin","createTime":1656522042649,"updateTime":1663931063480,"version":0,"relationshipAttributes":{"ArchiMateReference":[],"parentSystem":[],"childSystem":[],"collections":[{"guid":"eaceff70-4c3b-4ccc-b38c-912ed76963af","typeName":"m4i_collection","entityStatus":"ACTIVE","displayText":"cc1--kaf1--kaf1-hr--data","relationshipType":"m4i_collection_assignment","relationshipGuid":"93de4d56-8153-43f3-ae42-549b5d888157","relationshipStatus":"ACTIVE","relationshipAttributes":{"typeName":"m4i_collection_assignment"}}],"confluentEnvironment":[{"guid":"9e13ba4f-6170-4ca6-8af9-46b42a62b628","typeName":"m4i_confluent_environment","entityStatus":"ACTIVE","displayText":"kaf1","relationshipType":"m4i_kafka_cluster_assignment","relationshipGuid":"72211f7c-c268-4613-bc9c-e4d4cef1650b","relationshipStatus":"ACTIVE","relationshipAttributes":{"typeName":"m4i_kafka_cluster_assignment"}}],"source":[],"meanings":[]},"labels":[],"proxy":false}}