{"referredEntities":{},"entity":{"typeName":"m4i_kafka_field","attributes":{"archimateReference":[],"replicatedTo":null,"replicatedFrom":null,"hasContent":null,"steward":[],"qualifiedName":"cc1--kaf1--kaf1-hr--change-event--payload--payload--cc_employee","source":[],"datasets":[],"parentField":[],"optionalField":null,"name":"CC_EMPLOYEE","definition":null,"attributes":[],"fieldType":"string","childField":[]},"guid":"11bc66db-5593-4214-a9e9-74fb7aaf7f8d","isIncomplete":false,"provenanceType":0,"status":"ACTIVE","createdBy":"admin","updatedBy":"admin","createTime":1656522102741,"updateTime":1663931063480,"version":0,"relationshipAttributes":{"ArchiMateReference":[],"dataQuality":[],"attributes":[{"guid":"2f112ea8-8d2e-4539-a4f2-7da2af924d77","typeName":"m4i_data_attribute","entityStatus":"ACTIVE","displayText":"Const Center Employee","relationshipType":"m4i_data_attribute_field_assignment","relationshipGuid":"e00e8b15-6ecc-4faa-9c71-ecbb3b149906","relationshipStatus":"ACTIVE","relationshipAttributes":{"typeName":"m4i_data_attribute_field_assignment"}}],"datasets":[],"source":[],"meanings":[],"parentField":[{"guid":"c662301f-a509-47bf-9a4b-279f6b0bb7ec","typeName":"m4i_kafka_field","entityStatus":"ACTIVE","displayText":"payload","relationshipType":"m4i_field_parent_assignment","relationshipGuid":"1a876abb-75df-4293-9feb-240b9e7010df","relationshipStatus":"ACTIVE","relationshipAttributes":{"typeName":"m4i_field_parent_assignment"}}],"childField":[]},"classifications":[{"typeName":"low_risk","entityGuid":"2f112ea8-8d2e-4539-a4f2-7da2af924d77","entityStatus":"ACTIVE","propagate":true,"validityPeriods":[],"removePropagationsOnEntityDelete":true},{"typeName":"key_data","entityGuid":"2f112ea8-8d2e-4539-a4f2-7da2af924d77","entityStatus":"ACTIVE","propagate":true,"validityPeriods":[],"removePropagationsOnEntityDelete":true}],"labels":[],"proxy":false}}