{"referredEntities":{},"entity":{"typeName":"m4i_system","attributes":{"parentSystem":[],"archimateReference":[],"childSystem":[],"replicatedTo":null,"replicatedFrom":null,"collections":[{"guid":"51925044-95e1-4100-bc21-9dc7e27fe452","typeName":"m4i_collection","uniqueAttributes":{"qualifiedName":"nl1--nl1hr"}}],"qualifiedName":"nl1","name":"NL1","definition":null,"source":[]},"guid":"17926116-f221-43e0-82d5-3ee578bfa308","isIncomplete":false,"provenanceType":0,"status":"ACTIVE","createdBy":"admin","updatedBy":"admin","createTime":1656521945105,"updateTime":1663931063480,"version":0,"relationshipAttributes":{"parentSystem":[],"ArchiMateReference":[],"childSystem":[],"collections":[{"guid":"51925044-95e1-4100-bc21-9dc7e27fe452","typeName":"m4i_collection","entityStatus":"ACTIVE","displayText":"NL1-HR","relationshipType":"m4i_collection_assignment","relationshipGuid":"0e0a6bd5-b988-4110-9bb6-a617689eae12","relationshipStatus":"ACTIVE","relationshipAttributes":{"typeName":"m4i_collection_assignment"}}],"source":[{"guid":"2bee6dca-fea0-478b-824e-d97365d18bbe","typeName":"m4i_source","entityStatus":"ACTIVE","displayText":"/hr/hr/Data Dictionary_template.xlsm","relationshipType":"m4i_referenceable_source_assignment","relationshipGuid":"e9991f9b-c279-4e64-90f4-959d40e21556","relationshipStatus":"ACTIVE","relationshipAttributes":{"typeName":"m4i_referenceable_source_assignment"}}],"meanings":[]},"labels":[],"proxy":false}}