{"referredEntities":{},"entity":{"typeName":"m4i_dashboard","attributes":{"owner":null,"creator":[],"kibanaSpace":[{"guid":"748d58a6-9d7f-4d2d-82e7-0559dd4fdd16","typeName":"m4i_kibana_space","uniqueAttributes":{"qualifiedName":"elas1--kib1-hourly"}}],"archimateReference":[],"replicatedTo":null,"userDescription":null,"replicatedFrom":null,"qualifiedName":"kib1-hourly-dashboard","displayName":null,"description":null,"source":[],"parentDataset":[],"version":"1.0.0","childDataset":[],"elasticCluster":[],"collections":[],"name":"plant hourly dashboard","definition":null,"fields":[],"updatedAt":"6-28-2020"},"guid":"1c04ab3e-f885-4264-a32f-32321df38ecf","isIncomplete":false,"provenanceType":0,"status":"ACTIVE","createdBy":"admin","updatedBy":"admin","createTime":1663930589816,"updateTime":1663931063480,"version":0,"relationshipAttributes":{"inputToProcesses":[],"schema":[],"ArchiMateReference":[],"kibanaSpace":[{"guid":"748d58a6-9d7f-4d2d-82e7-0559dd4fdd16","typeName":"m4i_kibana_space","entityStatus":"ACTIVE","displayText":"kib1-hourly","relationshipType":"m4i_kibana_space_dashboard_assignment","relationshipGuid":"c5c40efc-6861-4b0a-8688-12c221dbd65d","relationshipStatus":"ACTIVE","relationshipAttributes":{"typeName":"m4i_kibana_space_dashboard_assignment"}}],"creator":[],"source":[],"parentDataset":[],"meanings":[],"pipeline":null,"elasticCluster":[],"childDataset":[{"guid":"2337c1fc-e3d7-4e04-a5f5-181df03e113d","typeName":"m4i_visualization","entityStatus":"ACTIVE","displayText":"table","relationshipType":"m4i_dataset_parent_assignment","relationshipGuid":"27be9708-8161-4868-b887-905edefde3c3","relationshipStatus":"ACTIVE","relationshipAttributes":{"typeName":"m4i_dataset_parent_assignment"}},{"guid":"cdcd293d-2236-47a9-b3b4-9c0d130c7f30","typeName":"m4i_visualization","entityStatus":"ACTIVE","displayText":"bar-graph","relationshipType":"m4i_dataset_parent_assignment","relationshipGuid":"d1077485-bf32-4df0-ad58-4d0ef3fc05f8","relationshipStatus":"ACTIVE","relationshipAttributes":{"typeName":"m4i_dataset_parent_assignment"}}],"collections":[],"model":null,"fields":[],"outputFromProcesses":[{"guid":"6545daf7-6f7a-4cbe-8be5-3c25582204e3","typeName":"m4i_generic_process","entityStatus":"ACTIVE","displayText":"Used in change dashboard","relationshipType":"process_dataset_outputs","relationshipGuid":"2650a483-5068-46ef-af0e-3a0f7481e680","relationshipStatus":"ACTIVE","relationshipAttributes":{"typeName":"process_dataset_outputs"}},{"guid":"2cde0b17-bdd0-46b3-abf1-87b98ca2042c","typeName":"m4i_generic_process","entityStatus":"ACTIVE","displayText":"Used in change dashboard","relationshipType":"process_dataset_outputs","relationshipGuid":"cce4ecb5-b9e1-4ed9-b63b-ca1b56c0f478","relationshipStatus":"ACTIVE","relationshipAttributes":{"typeName":"process_dataset_outputs"}}]},"labels":[],"proxy":false}}