{"referredEntities":{},"entity":{"typeName":"m4i_data_quality","attributes":{"owner":null,"archimateReference":[],"expression":"formatting('FULL_NAME', r'[A-Z]')","replicatedTo":null,"userDescription":null,"replicatedFrom":null,"qualifiedName":"nl1--nl1hr--nl1hr001--fullname--33","displayName":null,"description":null,"active":false,"source":[],"businessRuleDescription":"","ruleDescription":"This field should not contain only Capitals","name":"nl1--nl1hr--nl1hr001--fullname--33","filterRequired":true,"id":33,"qualityDimension":"Accuracy","expressionVersion":"1","fields":[{"guid":"ef2574a8-ac41-4f14-ba4a-a29974117b60","typeName":"m4i_field","uniqueAttributes":{"qualifiedName":"nl1--nl1hr--nl1hr001--fullname"}}]},"guid":"1de6e6c1-d94b-4ae5-b89e-1974573031b3","isIncomplete":false,"provenanceType":0,"status":"ACTIVE","createdBy":"admin","updatedBy":"admin","createTime":1656522080758,"updateTime":1663931063480,"version":0,"relationshipAttributes":{"inputToProcesses":[],"pipeline":null,"schema":[],"ArchiMateReference":[],"model":null,"source":[{"guid":"2bee6dca-fea0-478b-824e-d97365d18bbe","typeName":"m4i_source","entityStatus":"ACTIVE","displayText":"/hr/hr/Data Dictionary_template.xlsm","relationshipType":"m4i_referenceable_source_assignment","relationshipGuid":"eee28618-54bf-4ea2-85c6-8f0ae7a106ce","relationshipStatus":"ACTIVE","relationshipAttributes":{"typeName":"m4i_referenceable_source_assignment"}}],"fields":[{"guid":"ef2574a8-ac41-4f14-ba4a-a29974117b60","typeName":"m4i_field","entityStatus":"ACTIVE","displayText":"FULLNAME","relationshipType":"m4i_data_quality_field_assignment","relationshipGuid":"f15688f6-89cc-4074-ab87-439b6defdefd","relationshipStatus":"ACTIVE","relationshipAttributes":{"typeName":"m4i_data_quality_field_assignment"}}],"meanings":[],"outputFromProcesses":[]},"labels":[],"proxy":false}}