{"referredEntities":{},"entity":{"typeName":"m4i_data_quality","attributes":{"owner":null,"archimateReference":[],"expression":"completeness('EMPLOYEE_NUMBER')","replicatedTo":null,"userDescription":null,"replicatedFrom":null,"qualifiedName":"nl1--nl1hr--nl1hr001--employee_number--1","displayName":null,"description":null,"active":true,"source":[],"businessRuleDescription":"","ruleDescription":"This field has to be filled at all times","name":"nl1--nl1hr--nl1hr001--employee_number--1","filterRequired":true,"id":1,"qualityDimension":"Completeness","expressionVersion":"1","fields":[{"guid":"c4a698ee-685a-41c0-917a-4124fc1a57ab","typeName":"m4i_field","uniqueAttributes":{"qualifiedName":"nl1--nl1hr--nl1hr001--employee_number"}}]},"guid":"1fc000c8-0737-4863-9c63-b236f639cb57","isIncomplete":false,"provenanceType":0,"status":"ACTIVE","createdBy":"admin","updatedBy":"admin","createTime":1656522080758,"updateTime":1663931063480,"version":0,"relationshipAttributes":{"inputToProcesses":[],"pipeline":null,"schema":[],"ArchiMateReference":[],"model":null,"source":[{"guid":"2bee6dca-fea0-478b-824e-d97365d18bbe","typeName":"m4i_source","entityStatus":"ACTIVE","displayText":"/hr/hr/Data Dictionary_template.xlsm","relationshipType":"m4i_referenceable_source_assignment","relationshipGuid":"1543491f-37b7-4932-a214-c6a1d49e2011","relationshipStatus":"ACTIVE","relationshipAttributes":{"typeName":"m4i_referenceable_source_assignment"}}],"fields":[{"guid":"c4a698ee-685a-41c0-917a-4124fc1a57ab","typeName":"m4i_field","entityStatus":"ACTIVE","displayText":"EMPLOYEE_NUMBER","relationshipType":"m4i_data_quality_field_assignment","relationshipGuid":"51ed14c5-52a7-48e7-9283-9a616f8d4198","relationshipStatus":"ACTIVE","relationshipAttributes":{"typeName":"m4i_data_quality_field_assignment"}}],"meanings":[],"outputFromProcesses":[]},"labels":[],"proxy":false}}