{"referredEntities":{},"entity":{"typeName":"m4i_data_quality","attributes":{"owner":null,"archimateReference":[],"expression":"Formatting('uptime', R'^[0-9]+$')","replicatedTo":null,"userDescription":null,"replicatedFrom":null,"qualifiedName":"nl3--nl3plant--nl3plant001--uptime--3","displayName":null,"description":null,"active":true,"source":[],"businessRuleDescription":"","ruleDescription":"This field must be numeric","name":"nl3--nl3plant--nl3plant001--uptime--3","filterRequired":true,"id":3,"qualityDimension":"Accuracy","expressionVersion":"","fields":[{"guid":"104e9fef-72b9-40d1-8f81-2be2820ed123","typeName":"m4i_field","uniqueAttributes":{"qualifiedName":"nl3--nl3plant--nl3plant001--uptime"}}]},"guid":"2000006a-c294-4fa1-9f0e-0c4531640ba9","isIncomplete":false,"status":"ACTIVE","createdBy":"admin","updatedBy":"admin","createTime":1666701543730,"updateTime":1666701543730,"version":0,"relationshipAttributes":{"inputToProcesses":[],"pipeline":null,"schema":[],"ArchiMateReference":[],"model":null,"source":[{"guid":"76c08811-3d6f-4c96-8716-d1c2eea338ca","typeName":"m4i_source","entityStatus":"ACTIVE","displayText":"Plant","relationshipType":"m4i_referenceable_source_assignment","relationshipGuid":"4b635ef6-bcdb-421f-9353-00df44689c94","relationshipStatus":"ACTIVE","relationshipAttributes":{"typeName":"m4i_referenceable_source_assignment"}}],"fields":[{"guid":"104e9fef-72b9-40d1-8f81-2be2820ed123","typeName":"m4i_field","entityStatus":"ACTIVE","displayText":"UpTime","relationshipType":"m4i_data_quality_field_assignment","relationshipGuid":"a3f28083-7915-4895-b263-5c6bcc554579","relationshipStatus":"ACTIVE","relationshipAttributes":{"typeName":"m4i_data_quality_field_assignment"}}],"meanings":[],"outputFromProcesses":[]},"labels":[]}}