{"referredEntities":{},"entity":{"typeName":"m4i_elastic_field","attributes":{"archimateReference":[],"replicatedTo":null,"replicatedFrom":null,"hasContent":null,"steward":[],"qualifiedName":"elas1--hourly--scheduleddowntime","source":[],"datasets":[],"parentField":[],"optionalField":null,"name":"scheduleddowntime","definition":null,"attributes":[],"fieldType":"keyword","childField":[]},"guid":"2dfbaf85-af6a-4189-a5c8-2bdd6decf32b","isIncomplete":false,"provenanceType":0,"status":"ACTIVE","createdBy":"admin","updatedBy":"admin","createTime":1663930105074,"updateTime":1663930105074,"version":0,"relationshipAttributes":{"ArchiMateReference":[],"dataQuality":[],"attributes":[{"guid":"a48ff719-ba8f-41f6-9c8a-5011e0c92089","typeName":"m4i_data_attribute","entityStatus":"ACTIVE","displayText":"ScheduledDownTime","relationshipType":"m4i_data_attribute_field_assignment","relationshipGuid":"9bd8fe01-b3fd-48f8-808c-9a5c9416471b","relationshipStatus":"ACTIVE","relationshipAttributes":{"typeName":"m4i_data_attribute_field_assignment"}}],"datasets":[{"guid":"8e146f38-013e-4935-84aa-8d59a5539d3d","typeName":"m4i_elastic_index","entityStatus":"ACTIVE","displayText":"hourly","relationshipType":"m4i_field_assignment","relationshipGuid":"b53a00f0-3c1e-40fe-a727-84da46845482","relationshipStatus":"ACTIVE","relationshipAttributes":{"typeName":"m4i_field_assignment","attributes":{"typeInformation":null}}}],"source":[],"meanings":[],"parentField":[],"childField":[]},"classifications":[{"typeName":"low_risk","entityGuid":"a48ff719-ba8f-41f6-9c8a-5011e0c92089","entityStatus":"ACTIVE","propagate":true,"validityPeriods":[],"removePropagationsOnEntityDelete":true}],"labels":[],"proxy":false}}