{"referredEntities":{},"entity":{"typeName":"m4i_elastic_field","attributes":{"archimateReference":[],"replicatedTo":null,"replicatedFrom":null,"hasContent":null,"steward":[],"qualifiedName":"elas1--hourly--site","source":[],"datasets":[],"parentField":[],"optionalField":null,"name":"site","definition":null,"attributes":[],"fieldType":"keyword","childField":[]},"guid":"2e66aea2-8f06-4026-9a76-cd95bd07e78f","isIncomplete":false,"provenanceType":0,"status":"ACTIVE","createdBy":"admin","updatedBy":"admin","createTime":1663930105074,"updateTime":1663930105074,"version":0,"relationshipAttributes":{"ArchiMateReference":[],"dataQuality":[],"attributes":[{"guid":"4af8483e-a388-4cfd-bcc7-d1ca6d7e4408","typeName":"m4i_data_attribute","entityStatus":"ACTIVE","displayText":"Site","relationshipType":"m4i_data_attribute_field_assignment","relationshipGuid":"ab29ae17-fa69-4b9f-9155-1002a1f265b4","relationshipStatus":"ACTIVE","relationshipAttributes":{"typeName":"m4i_data_attribute_field_assignment"}}],"datasets":[{"guid":"8e146f38-013e-4935-84aa-8d59a5539d3d","typeName":"m4i_elastic_index","entityStatus":"ACTIVE","displayText":"hourly","relationshipType":"m4i_field_assignment","relationshipGuid":"33149d0c-c128-4e5c-b0c8-bc1eca8518ca","relationshipStatus":"ACTIVE","relationshipAttributes":{"typeName":"m4i_field_assignment","attributes":{"typeInformation":null}}}],"source":[],"meanings":[],"parentField":[],"childField":[]},"classifications":[{"typeName":"low_risk","entityGuid":"4af8483e-a388-4cfd-bcc7-d1ca6d7e4408","entityStatus":"ACTIVE","propagate":true,"validityPeriods":[],"removePropagationsOnEntityDelete":true}],"labels":[],"proxy":false}}