{"referredEntities":{},"entity":{"typeName":"m4i_field","attributes":{"archimateReference":[],"replicatedTo":null,"replicatedFrom":null,"hasContent":null,"steward":[],"qualifiedName":"nl2--nl2proc--nl2proc001--productservices","source":[],"datasets":[{"guid":"04d4f33f-fd0d-46bc-8336-85f25f2916b2","typeName":"m4i_dataset","uniqueAttributes":{"qualifiedName":"nl2--nl2proc--nl2proc001"}}],"parentField":[],"optionalField":null,"name":"ProductServices","definition":null,"attributes":[{"guid":"8f5b54d6-3259-4a0f-8c7d-cf65420a3bb8","typeName":"m4i_data_attribute","uniqueAttributes":{"qualifiedName":"procurement--company-information--product/-service-description"}}],"fieldType":"Text","childField":[]},"guid":"2fc8fb98-0969-4b93-9569-5c44cdd9c824","isIncomplete":false,"provenanceType":0,"status":"ACTIVE","createdBy":"admin","updatedBy":"admin","createTime":1656522007150,"updateTime":1663927932384,"version":0,"relationshipAttributes":{"ArchiMateReference":[],"dataQuality":[],"attributes":[{"guid":"8f5b54d6-3259-4a0f-8c7d-cf65420a3bb8","typeName":"m4i_data_attribute","entityStatus":"ACTIVE","displayText":"Product/ service description","relationshipType":"m4i_data_attribute_field_assignment","relationshipGuid":"4c5c1846-d4c5-4615-af6b-7b841744a8aa","relationshipStatus":"ACTIVE","relationshipAttributes":{"typeName":"m4i_data_attribute_field_assignment"}}],"datasets":[{"guid":"04d4f33f-fd0d-46bc-8336-85f25f2916b2","typeName":"m4i_dataset","entityStatus":"ACTIVE","displayText":"NL2-PROC-001","relationshipType":"m4i_field_assignment","relationshipGuid":"2e9e281a-2272-40ac-a25c-41cde5451e57","relationshipStatus":"ACTIVE","relationshipAttributes":{"typeName":"m4i_field_assignment","attributes":{"typeInformation":null}}}],"source":[{"guid":"2bee6dca-fea0-478b-824e-d97365d18bbe","typeName":"m4i_source","entityStatus":"ACTIVE","displayText":"/hr/hr/Data Dictionary_template.xlsm","relationshipType":"m4i_referenceable_source_assignment","relationshipGuid":"df1aa120-78a2-4438-b07c-896c2734249b","relationshipStatus":"ACTIVE","relationshipAttributes":{"typeName":"m4i_referenceable_source_assignment"}}],"parentField":[],"meanings":[],"childField":[]},"classifications":[{"typeName":"key_data","entityGuid":"8f5b54d6-3259-4a0f-8c7d-cf65420a3bb8","entityStatus":"ACTIVE","propagate":true,"validityPeriods":[],"removePropagationsOnEntityDelete":true},{"typeName":"low_risk","entityGuid":"8f5b54d6-3259-4a0f-8c7d-cf65420a3bb8","entityStatus":"ACTIVE","propagate":true,"validityPeriods":[],"removePropagationsOnEntityDelete":true}],"labels":[],"proxy":false}}