{"referredEntities":{},"entity":{"typeName":"m4i_elastic_field","attributes":{"archimateReference":[],"replicatedTo":null,"replicatedFrom":null,"hasContent":null,"steward":[],"qualifiedName":"elas1--hr--FTE","source":[],"datasets":[],"parentField":[],"optionalField":null,"name":"FTE","definition":null,"attributes":[],"fieldType":"float","childField":[]},"guid":"30b4f02e-b033-4c8c-a4ab-f591115b8cd7","isIncomplete":false,"provenanceType":0,"status":"ACTIVE","createdBy":"admin","updatedBy":"admin","createTime":1656522169104,"updateTime":1663931063480,"version":0,"relationshipAttributes":{"ArchiMateReference":[],"dataQuality":[],"attributes":[{"guid":"8436e4d8-2974-4149-bcaa-3579bf8626a9","typeName":"m4i_data_attribute","entityStatus":"ACTIVE","displayText":"Full Time Equivalent","relationshipType":"m4i_data_attribute_field_assignment","relationshipGuid":"dd2e4d52-1d5b-4ec8-ad5d-8be6c14f0a76","relationshipStatus":"ACTIVE","relationshipAttributes":{"typeName":"m4i_data_attribute_field_assignment"}},{"guid":"467de671-6003-4191-a49d-3a5b311018b6","typeName":"m4i_data_attribute","entityStatus":"ACTIVE","displayText":"Full Time Equivalent","relationshipType":"m4i_data_attribute_field_assignment","relationshipGuid":"6e030646-467c-4280-bf69-60a1bf8196ce","relationshipStatus":"ACTIVE","relationshipAttributes":{"typeName":"m4i_data_attribute_field_assignment"}}],"datasets":[{"guid":"3a9efda8-6721-4aaa-a71d-cf00349895fd","typeName":"m4i_elastic_index","entityStatus":"ACTIVE","displayText":"hr","relationshipType":"m4i_field_assignment","relationshipGuid":"fc5d0170-d685-4107-b42b-35ee2257b5a3","relationshipStatus":"ACTIVE","relationshipAttributes":{"typeName":"m4i_field_assignment","attributes":{"typeInformation":null}}}],"source":[],"meanings":[],"parentField":[],"childField":[]},"classifications":[{"typeName":"low_risk","entityGuid":"467de671-6003-4191-a49d-3a5b311018b6","entityStatus":"ACTIVE","propagate":true,"validityPeriods":[],"removePropagationsOnEntityDelete":true},{"typeName":"low_risk","entityGuid":"8436e4d8-2974-4149-bcaa-3579bf8626a9","entityStatus":"ACTIVE","propagate":true,"validityPeriods":[],"removePropagationsOnEntityDelete":true},{"typeName":"key_data","entityGuid":"467de671-6003-4191-a49d-3a5b311018b6","entityStatus":"ACTIVE","propagate":true,"validityPeriods":[],"removePropagationsOnEntityDelete":true},{"typeName":"key_data","entityGuid":"8436e4d8-2974-4149-bcaa-3579bf8626a9","entityStatus":"ACTIVE","propagate":true,"validityPeriods":[],"removePropagationsOnEntityDelete":true}],"labels":[],"proxy":false}}