{"referredEntities":{},"entity":{"typeName":"m4i_data_attribute","attributes":{"archimateReference":[],"replicatedTo":null,"replicatedFrom":null,"steward":[{"guid":"265dad2b-2fc0-44c3-a828-06476d5f1e38","typeName":"m4i_person","uniqueAttributes":{"qualifiedName":"iris.jacobs@email.com","email":"iris.jacobs@email.com"}}],"qualifiedName":"plant-data--hourly-data--workcenterid","dataEntity":[{"guid":"19736d3b-e7c6-4f95-8ce6-a6f215eff467","typeName":"m4i_data_entity","uniqueAttributes":{"qualifiedName":"plant-data--hourly-data"}}],"source":[],"isKeyData":"Internal","hasPII":null,"attributeType":"Numeric","name":"WorkCenterId","definition":"This attribute yields the Id of the relevant work center","riskClassification":"Low","fields":[{"guid":"714e3f40-8668-41e3-8052-14b5d0e11935","typeName":"m4i_elastic_field","uniqueAttributes":{"qualifiedName":"elas1--hourly--workcenterid"}},{"guid":"a41f6678-09b4-4eb5-a42c-a6c291e5da5d","typeName":"m4i_field","uniqueAttributes":{"qualifiedName":"nl3--nl3plant--nl3plant001--workcenterid"}},{"guid":"547cb8a7-392b-4b3e-8ba9-2428125aaa78","typeName":"m4i_kafka_field","uniqueAttributes":{"qualifiedName":"cc1--kaf1--kaf1-hr--hourly--cc1--kaf1--kaf1-hr--hourly--workcenterid"}}],"businessOwner":[{"guid":"dc408458-fd6d-4080-a324-9900585d1146","typeName":"m4i_person","uniqueAttributes":{"qualifiedName":"jane.martens@email.com","email":"jane.martens@email.com"}}]},"guid":"3578d728-49ac-4629-9186-0c517bc8991f","isIncomplete":false,"provenanceType":0,"status":"ACTIVE","createdBy":"admin","updatedBy":"admin","createTime":1656521955001,"updateTime":1663930105074,"version":0,"relationshipAttributes":{"ArchiMateReference":[],"steward":[{"guid":"265dad2b-2fc0-44c3-a828-06476d5f1e38","typeName":"m4i_person","entityStatus":"ACTIVE","displayText":"Iris Jacobs","relationshipType":"m4i_data_attribute_steward_assignment","relationshipGuid":"631d0432-192b-4db6-9f31-edf39774a429","relationshipStatus":"ACTIVE","relationshipAttributes":{"typeName":"m4i_data_attribute_steward_assignment"}}],"dataEntity":[{"guid":"19736d3b-e7c6-4f95-8ce6-a6f215eff467","typeName":"m4i_data_entity","entityStatus":"ACTIVE","displayText":"hourly data","relationshipType":"m4i_data_entity_attribute_assignment","relationshipGuid":"2709ba5d-e716-4256-988e-8c4acb683b0e","relationshipStatus":"ACTIVE","relationshipAttributes":{"typeName":"m4i_data_entity_attribute_assignment"}}],"source":[{"guid":"2bee6dca-fea0-478b-824e-d97365d18bbe","typeName":"m4i_source","entityStatus":"ACTIVE","displayText":"/hr/hr/Data Dictionary_template.xlsm","relationshipType":"m4i_referenceable_source_assignment","relationshipGuid":"a8d8a8e2-60c1-4dcf-89af-2b8425381ab1","relationshipStatus":"ACTIVE","relationshipAttributes":{"typeName":"m4i_referenceable_source_assignment"}}],"fields":[{"guid":"714e3f40-8668-41e3-8052-14b5d0e11935","typeName":"m4i_elastic_field","entityStatus":"ACTIVE","displayText":"workcenterid","relationshipType":"m4i_data_attribute_field_assignment","relationshipGuid":"d4163170-2a78-4512-b6d7-82e0eb29b19c","relationshipStatus":"ACTIVE","relationshipAttributes":{"typeName":"m4i_data_attribute_field_assignment"}},{"guid":"a41f6678-09b4-4eb5-a42c-a6c291e5da5d","typeName":"m4i_field","entityStatus":"ACTIVE","displayText":"WorkCenterId","relationshipType":"m4i_data_attribute_field_assignment","relationshipGuid":"f89a0c80-47b0-45b7-ad40-917a2a2d3570","relationshipStatus":"ACTIVE","relationshipAttributes":{"typeName":"m4i_data_attribute_field_assignment"}},{"guid":"547cb8a7-392b-4b3e-8ba9-2428125aaa78","typeName":"m4i_kafka_field","entityStatus":"ACTIVE","displayText":"cc1--kaf1--kaf1-hr--hourly--workcenterid","relationshipType":"m4i_data_attribute_field_assignment","relationshipGuid":"5e1cd676-c4f7-46f6-9cd1-4f27559c676d","relationshipStatus":"ACTIVE","relationshipAttributes":{"typeName":"m4i_data_attribute_field_assignment"}}],"businessOwner":[{"guid":"dc408458-fd6d-4080-a324-9900585d1146","typeName":"m4i_person","entityStatus":"ACTIVE","displayText":"Jane Martens","relationshipType":"m4i_data_attribute_business_owner_assignment","relationshipGuid":"8a4864a9-172d-42be-aa4e-8d17dd0849ff","relationshipStatus":"ACTIVE","relationshipAttributes":{"typeName":"m4i_data_attribute_business_owner_assignment"}}],"meanings":[]},"classifications":[{"typeName":"low_risk","entityGuid":"3578d728-49ac-4629-9186-0c517bc8991f","entityStatus":"ACTIVE","propagate":true,"validityPeriods":[],"removePropagationsOnEntityDelete":true}],"labels":[],"proxy":false}}