{"referredEntities":{},"entity":{"typeName":"m4i_elastic_field","attributes":{"archimateReference":[],"replicatedTo":null,"replicatedFrom":null,"hasContent":null,"steward":[],"qualifiedName":"elas1--hourly--month","source":[],"datasets":[],"parentField":[],"optionalField":null,"name":"month","definition":null,"attributes":[],"fieldType":"keyword","childField":[]},"guid":"36780d13-5c49-47cc-a108-81b1180045a5","isIncomplete":false,"provenanceType":0,"status":"ACTIVE","createdBy":"admin","updatedBy":"admin","createTime":1663930105074,"updateTime":1663930105074,"version":0,"relationshipAttributes":{"ArchiMateReference":[],"dataQuality":[],"attributes":[{"guid":"04408291-54fb-448d-87ae-58cfb8137647","typeName":"m4i_data_attribute","entityStatus":"ACTIVE","displayText":"month","relationshipType":"m4i_data_attribute_field_assignment","relationshipGuid":"32b6a0f4-cbfe-4c50-a2df-2cc158917062","relationshipStatus":"ACTIVE","relationshipAttributes":{"typeName":"m4i_data_attribute_field_assignment"}}],"datasets":[{"guid":"8e146f38-013e-4935-84aa-8d59a5539d3d","typeName":"m4i_elastic_index","entityStatus":"ACTIVE","displayText":"hourly","relationshipType":"m4i_field_assignment","relationshipGuid":"c8790104-d79c-4794-b3c6-a342d0492d90","relationshipStatus":"ACTIVE","relationshipAttributes":{"typeName":"m4i_field_assignment","attributes":{"typeInformation":null}}}],"source":[],"meanings":[],"parentField":[],"childField":[]},"classifications":[{"typeName":"low_risk","entityGuid":"04408291-54fb-448d-87ae-58cfb8137647","entityStatus":"ACTIVE","propagate":true,"validityPeriods":[],"removePropagationsOnEntityDelete":true}],"labels":[],"proxy":false}}