{"referredEntities":{},"entity":{"typeName":"m4i_field","attributes":{"archimateReference":[],"replicatedTo":null,"replicatedFrom":null,"hasContent":null,"steward":[],"qualifiedName":"nl3--nl3plant--nl3plant001--hour","source":[],"datasets":[{"guid":"2230cf23-c90c-4a2f-be3e-e402503c4544","typeName":"m4i_dataset","uniqueAttributes":{"qualifiedName":"nl3--nl3plant--nl3plant001"}}],"parentField":[],"optionalField":null,"name":"Hour","definition":null,"attributes":[{"guid":"387218d7-cfc9-4540-90cf-0c8b10caefce","typeName":"m4i_data_attribute","uniqueAttributes":{"qualifiedName":"plant-data--hourly-data--hour"}}],"fieldType":"Numeric","childField":[]},"guid":"39c34224-1db0-4d5a-b546-b94c2fb1a95e","isIncomplete":false,"provenanceType":0,"status":"ACTIVE","createdBy":"admin","updatedBy":"admin","createTime":1656522073615,"updateTime":1663927932384,"version":0,"relationshipAttributes":{"ArchiMateReference":[],"dataQuality":[],"attributes":[{"guid":"387218d7-cfc9-4540-90cf-0c8b10caefce","typeName":"m4i_data_attribute","entityStatus":"ACTIVE","displayText":"Hour","relationshipType":"m4i_data_attribute_field_assignment","relationshipGuid":"47d0ab61-255f-4c23-9e02-0e3f73ed2e9d","relationshipStatus":"ACTIVE","relationshipAttributes":{"typeName":"m4i_data_attribute_field_assignment"}}],"datasets":[{"guid":"2230cf23-c90c-4a2f-be3e-e402503c4544","typeName":"m4i_dataset","entityStatus":"ACTIVE","displayText":"NL3-PLANT-001","relationshipType":"m4i_field_assignment","relationshipGuid":"8220105e-235d-4107-b6c0-fafc7b8803b3","relationshipStatus":"ACTIVE","relationshipAttributes":{"typeName":"m4i_field_assignment","attributes":{"typeInformation":null}}}],"source":[{"guid":"2bee6dca-fea0-478b-824e-d97365d18bbe","typeName":"m4i_source","entityStatus":"ACTIVE","displayText":"/hr/hr/Data Dictionary_template.xlsm","relationshipType":"m4i_referenceable_source_assignment","relationshipGuid":"988e0eb9-ac05-416a-8f1b-bb5f701c6c81","relationshipStatus":"ACTIVE","relationshipAttributes":{"typeName":"m4i_referenceable_source_assignment"}}],"parentField":[],"meanings":[],"childField":[]},"classifications":[{"typeName":"low_risk","entityGuid":"387218d7-cfc9-4540-90cf-0c8b10caefce","entityStatus":"ACTIVE","propagate":true,"validityPeriods":[],"removePropagationsOnEntityDelete":true}],"labels":[],"proxy":false}}