{"referredEntities":{},"entity":{"typeName":"m4i_gov_data_quality","attributes":{"owner":null,"archimateReference":[],"expression":"conditional_value('target_relationship_type', 'target_typename', {'m4i_field_assignment':'m4i_kafka_field'})","replicatedTo":null,"userDescription":null,"replicatedFrom":null,"qualifiedName":"m4i_kafka_topic--fields--target","displayName":null,"description":null,"active":true,"source":[],"ruleDescription":"fields target relation type is m4i_kafka_field","nonCompliantMessage":"This entity is missing a target relationship with type m4i_kafka_field","ruleType":"relationship","name":"m4i_kafka_topic--fields--target","compliantMessage":"This entity has a target relationship with type m4i_kafka_field","id":9,"qualityDimension":"completeness","expressionVersion":"1"},"guid":"3fdce577-b205-4ddd-b4c0-b5aa5ba013d2","isIncomplete":false,"provenanceType":0,"status":"ACTIVE","createdBy":"admin","updatedBy":"admin","createTime":1656522427794,"updateTime":1663931063480,"version":0,"relationshipAttributes":{"inputToProcesses":[],"pipeline":null,"schema":[],"ArchiMateReference":[],"model":null,"source":[],"meanings":[],"outputFromProcesses":[]},"labels":[],"proxy":false}}