{"referredEntities":{},"entity":{"typeName":"m4i_dataset","attributes":{"owner":null,"archimateReference":[],"replicatedTo":null,"userDescription":null,"replicatedFrom":null,"qualifiedName":"nl3--nl3plant--nl3plant002","displayName":null,"description":null,"source":[],"parentDataset":[],"childDataset":[],"collections":[{"guid":"11ff304e-1146-4c82-b801-bb8f5434b5d4","typeName":"m4i_collection","uniqueAttributes":{"qualifiedName":"nl3--nl3plant"}}],"name":"NL3-PLANT-002","definition":null,"fields":[{"guid":"391ed356-e45d-42fa-a734-4674f319f002","typeName":"m4i_field","uniqueAttributes":{"qualifiedName":"nl3--nl3plant--nl3plant002--plant"}},{"guid":"d39cdd75-5c55-43b4-89a9-24d1f8e85bfe","typeName":"m4i_field","uniqueAttributes":{"qualifiedName":"nl3--nl3plant--nl3plant002--date"}},{"guid":"a8dd424c-eb6f-4fef-b2a9-113762faf9eb","typeName":"m4i_field","uniqueAttributes":{"qualifiedName":"nl3--nl3plant--nl3plant002--site"}},{"guid":"5058153c-5c09-4db3-8ee0-885c12b23d0f","typeName":"m4i_field","uniqueAttributes":{"qualifiedName":"nl3--nl3plant--nl3plant002--workcenterid"}},{"guid":"4f85c0cb-6fc3-49c3-968c-f6c122717783","typeName":"m4i_field","uniqueAttributes":{"qualifiedName":"nl3--nl3plant--nl3plant002--supervisorid"}},{"guid":"56e3b9c8-6632-4695-ae4b-196df48353f4","typeName":"m4i_field","uniqueAttributes":{"qualifiedName":"nl3--nl3plant--nl3plant002--downtimetype"}},{"guid":"4c9dd402-b57f-43c5-b41a-ecf5cc7c4126","typeName":"m4i_field","uniqueAttributes":{"qualifiedName":"nl3--nl3plant--nl3plant002--workorderid"}},{"guid":"137d476b-b8fd-4539-a7b8-06e3106fc075","typeName":"m4i_field","uniqueAttributes":{"qualifiedName":"nl3--nl3plant--nl3plant002--shiftid"}},{"guid":"1b20ce10-a146-4553-901a-73e17ce34727","typeName":"m4i_field","uniqueAttributes":{"qualifiedName":"nl3--nl3plant--nl3plant002--line"}},{"guid":"a42405e9-58b7-4528-be93-8d12bafcf984","typeName":"m4i_field","uniqueAttributes":{"qualifiedName":"nl3--nl3plant--nl3plant002--skuid"}},{"guid":"01ad87a7-6018-4ac9-97dd-16ba5ed22cf0","typeName":"m4i_field","uniqueAttributes":{"qualifiedName":"nl3--nl3plant--nl3plant002--siteid"}},{"guid":"64412064-a5f2-4bab-a181-64f30ff8daf6","typeName":"m4i_field","uniqueAttributes":{"qualifiedName":"nl3--nl3plant--nl3plant002--downtimeduration"}},{"guid":"036241ee-c91c-4c9a-86ce-8ef4764c3eb5","typeName":"m4i_field","uniqueAttributes":{"qualifiedName":"nl3--nl3plant--nl3plant002--downtimestatus"}},{"guid":"81d35460-80e4-43a8-a7aa-fb4c92fa547a","typeName":"m4i_field","uniqueAttributes":{"qualifiedName":"nl3--nl3plant--nl3plant002--downtimereasondescription"}},{"guid":"32b96243-08bf-49b4-af6e-0eb7c8e6ecc8","typeName":"m4i_field","uniqueAttributes":{"qualifiedName":"nl3--nl3plant--nl3plant002--month"}},{"guid":"9816a9f3-0eac-4602-8cab-7dd48ea09267","typeName":"m4i_field","uniqueAttributes":{"qualifiedName":"nl3--nl3plant--nl3plant002--downtimestartdatetime"}},{"guid":"dd856e1b-27ba-4462-90fa-1ed3beb9b42c","typeName":"m4i_field","uniqueAttributes":{"qualifiedName":"nl3--nl3plant--nl3plant002--plantid"}},{"guid":"31b4cd56-8e6f-4671-9dee-429ff5fe2c37","typeName":"m4i_field","uniqueAttributes":{"qualifiedName":"nl3--nl3plant--nl3plant002--modifiedon"}},{"guid":"96f5eb9c-8a4f-4958-a2b7-aa305813c2a1","typeName":"m4i_field","uniqueAttributes":{"qualifiedName":"nl3--nl3plant--nl3plant002--workcentername"}},{"guid":"1169b857-6e41-4469-b470-423e63a5206c","typeName":"m4i_field","uniqueAttributes":{"qualifiedName":"nl3--nl3plant--nl3plant002--assetmodel"}},{"guid":"50702db0-5d0e-488a-88ad-fd5808b86bb6","typeName":"m4i_field","uniqueAttributes":{"qualifiedName":"nl3--nl3plant--nl3plant002--createdon"}},{"guid":"4cfbb060-ca75-4b34-ae7c-1273e55e7561","typeName":"m4i_field","uniqueAttributes":{"qualifiedName":"nl3--nl3plant--nl3plant002--sku"}},{"guid":"a7679d49-adbc-46cf-b704-a4ae6cc7ef37","typeName":"m4i_field","uniqueAttributes":{"qualifiedName":"nl3--nl3plant--nl3plant002--year"}},{"guid":"2403e46b-de4a-475d-8b47-6c262c25aba0","typeName":"m4i_field","uniqueAttributes":{"qualifiedName":"nl3--nl3plant--nl3plant002--assetname"}},{"guid":"2dc57d92-6c00-4a2d-8f33-6e4cbf4efb0c","typeName":"m4i_field","uniqueAttributes":{"qualifiedName":"nl3--nl3plant--nl3plant002--assettype"}},{"guid":"668abdec-9e7a-45a1-9484-b9a89b92561e","typeName":"m4i_field","uniqueAttributes":{"qualifiedName":"nl3--nl3plant--nl3plant002--downtimereasonid"}},{"guid":"33fb5b9a-7514-42b7-9465-dc5ce5d7201c","typeName":"m4i_field","uniqueAttributes":{"qualifiedName":"nl3--nl3plant--nl3plant002--downtimereasonname"}},{"guid":"ad77e9be-c37b-48aa-97ca-098ecab35d1c","typeName":"m4i_field","uniqueAttributes":{"qualifiedName":"nl3--nl3plant--nl3plant002--equipmentname"}},{"guid":"03a42ead-b915-4b1e-99b4-ddd0c132b62d","typeName":"m4i_field","uniqueAttributes":{"qualifiedName":"nl3--nl3plant--nl3plant002--shiftname"}},{"guid":"11aafff7-9371-44cb-8e4e-dea5e59b272c","typeName":"m4i_field","uniqueAttributes":{"qualifiedName":"nl3--nl3plant--nl3plant002--lineid"}},{"guid":"b493169d-b155-4c2c-b4b4-1845a9de2d44","typeName":"m4i_field","uniqueAttributes":{"qualifiedName":"nl3--nl3plant--nl3plant002--leaderid"}},{"guid":"7a1199f1-ff6e-495d-8157-290dc2625979","typeName":"m4i_field","uniqueAttributes":{"qualifiedName":"nl3--nl3plant--nl3plant002--shifttype"}},{"guid":"b68104cf-5d81-46b7-8b7f-2c2c9be98776","typeName":"m4i_field","uniqueAttributes":{"qualifiedName":"nl3--nl3plant--nl3plant002--assetid"}},{"guid":"bc1cf48e-a3c1-4c50-80fd-4e2810078d7b","typeName":"m4i_field","uniqueAttributes":{"qualifiedName":"nl3--nl3plant--nl3plant002--hashingkey"}},{"guid":"2a0cd757-7ca9-4094-8857-c6301732658a","typeName":"m4i_field","uniqueAttributes":{"qualifiedName":"nl3--nl3plant--nl3plant002--valuestreamname"}},{"guid":"f4d7a85a-bedf-4c79-aef5-3e9baf988252","typeName":"m4i_field","uniqueAttributes":{"qualifiedName":"nl3--nl3plant--nl3plant002--equipmentid"}},{"guid":"25aa3f28-9e62-48a3-b9c3-c9f84b858698","typeName":"m4i_field","uniqueAttributes":{"qualifiedName":"nl3--nl3plant--nl3plant002--week"}},{"guid":"61af6dba-df37-4d9f-a89b-3faf61f6de92","typeName":"m4i_field","uniqueAttributes":{"qualifiedName":"nl3--nl3plant--nl3plant002--downtimeenddatetime"}},{"guid":"ef3c5d0e-6d97-4045-bf42-7393d2cc8ef7","typeName":"m4i_field","uniqueAttributes":{"qualifiedName":"nl3--nl3plant--nl3plant002--assetcategory"}},{"guid":"cd43658e-62df-44a0-8a18-1dcb9ab471d6","typeName":"m4i_field","uniqueAttributes":{"qualifiedName":"nl3--nl3plant--nl3plant002--downtimeid"}},{"guid":"08c1d172-3174-4d6c-9d4f-a380649b4407","typeName":"m4i_field","uniqueAttributes":{"qualifiedName":"nl3--nl3plant--nl3plant002--workorder"}},{"guid":"a41d063c-62a4-463e-8be5-b9b35fd30588","typeName":"m4i_field","uniqueAttributes":{"qualifiedName":"nl3--nl3plant--nl3plant002--createdby"}},{"guid":"b5a6d0cb-75f5-43a1-893f-b9e508ae6dce","typeName":"m4i_field","uniqueAttributes":{"qualifiedName":"nl3--nl3plant--nl3plant002--skudescription"}}]},"guid":"4086f053-a8c9-4382-af9e-e4e08effd3c9","isIncomplete":false,"provenanceType":0,"status":"ACTIVE","createdBy":"admin","updatedBy":"admin","createTime":1656521946452,"updateTime":1663931063480,"version":0,"relationshipAttributes":{"inputToProcesses":[],"pipeline":null,"schema":[],"ArchiMateReference":[],"childDataset":[],"collections":[{"guid":"11ff304e-1146-4c82-b801-bb8f5434b5d4","typeName":"m4i_collection","entityStatus":"ACTIVE","displayText":"NL3-PLANT","relationshipType":"m4i_dataset_assignment","relationshipGuid":"841dc403-538d-4381-8f4a-580a61e4d0d7","relationshipStatus":"ACTIVE","relationshipAttributes":{"typeName":"m4i_dataset_assignment"}}],"model":null,"source":[{"guid":"2bee6dca-fea0-478b-824e-d97365d18bbe","typeName":"m4i_source","entityStatus":"ACTIVE","displayText":"/hr/hr/Data Dictionary_template.xlsm","relationshipType":"m4i_referenceable_source_assignment","relationshipGuid":"92b31eeb-a9df-4a47-a821-0592310c359f","relationshipStatus":"ACTIVE","relationshipAttributes":{"typeName":"m4i_referenceable_source_assignment"}}],"fields":[{"guid":"391ed356-e45d-42fa-a734-4674f319f002","typeName":"m4i_field","entityStatus":"ACTIVE","displayText":"Plant","relationshipType":"m4i_field_assignment","relationshipGuid":"3522f86b-8384-41c5-a690-791ef079fb4b","relationshipStatus":"ACTIVE","relationshipAttributes":{"typeName":"m4i_field_assignment","attributes":{"typeInformation":null}}},{"guid":"d39cdd75-5c55-43b4-89a9-24d1f8e85bfe","typeName":"m4i_field","entityStatus":"ACTIVE","displayText":"date","relationshipType":"m4i_field_assignment","relationshipGuid":"babb3c17-22b9-49be-b52f-c1ff8430a90a","relationshipStatus":"ACTIVE","relationshipAttributes":{"typeName":"m4i_field_assignment","attributes":{"typeInformation":null}}},{"guid":"a8dd424c-eb6f-4fef-b2a9-113762faf9eb","typeName":"m4i_field","entityStatus":"ACTIVE","displayText":"Site","relationshipType":"m4i_field_assignment","relationshipGuid":"bd018459-1289-4f4e-9ff6-748967f5ca66","relationshipStatus":"ACTIVE","relationshipAttributes":{"typeName":"m4i_field_assignment","attributes":{"typeInformation":null}}},{"guid":"137d476b-b8fd-4539-a7b8-06e3106fc075","typeName":"m4i_field","entityStatus":"ACTIVE","displayText":"ShiftId","relationshipType":"m4i_field_assignment","relationshipGuid":"a0c919df-0b6c-4c2c-b78e-d606020b2cb8","relationshipStatus":"ACTIVE","relationshipAttributes":{"typeName":"m4i_field_assignment","attributes":{"typeInformation":null}}},{"guid":"1b20ce10-a146-4553-901a-73e17ce34727","typeName":"m4i_field","entityStatus":"ACTIVE","displayText":"Line","relationshipType":"m4i_field_assignment","relationshipGuid":"6c346dcc-45bc-483c-9a3e-3e65e7c5ace7","relationshipStatus":"ACTIVE","relationshipAttributes":{"typeName":"m4i_field_assignment","attributes":{"typeInformation":null}}},{"guid":"a42405e9-58b7-4528-be93-8d12bafcf984","typeName":"m4i_field","entityStatus":"ACTIVE","displayText":"SKUId","relationshipType":"m4i_field_assignment","relationshipGuid":"112bf44b-8040-43d3-a611-ee2ab378bf96","relationshipStatus":"ACTIVE","relationshipAttributes":{"typeName":"m4i_field_assignment","attributes":{"typeInformation":null}}},{"guid":"01ad87a7-6018-4ac9-97dd-16ba5ed22cf0","typeName":"m4i_field","entityStatus":"ACTIVE","displayText":"SiteId","relationshipType":"m4i_field_assignment","relationshipGuid":"37e9ee6f-6ff5-4d24-828c-04ec53524ace","relationshipStatus":"ACTIVE","relationshipAttributes":{"typeName":"m4i_field_assignment","attributes":{"typeInformation":null}}},{"guid":"4cfbb060-ca75-4b34-ae7c-1273e55e7561","typeName":"m4i_field","entityStatus":"ACTIVE","displayText":"SKU","relationshipType":"m4i_field_assignment","relationshipGuid":"92d596aa-6e1b-4665-961d-9b35006d772c","relationshipStatus":"ACTIVE","relationshipAttributes":{"typeName":"m4i_field_assignment","attributes":{"typeInformation":null}}},{"guid":"5058153c-5c09-4db3-8ee0-885c12b23d0f","typeName":"m4i_field","entityStatus":"ACTIVE","displayText":"WorkCenterId","relationshipType":"m4i_field_assignment","relationshipGuid":"fcad35a9-f766-4e3f-8505-c63a9559681c","relationshipStatus":"ACTIVE","relationshipAttributes":{"typeName":"m4i_field_assignment","attributes":{"typeInformation":null}}},{"guid":"7a1199f1-ff6e-495d-8157-290dc2625979","typeName":"m4i_field","entityStatus":"ACTIVE","displayText":"ShiftType","relationshipType":"m4i_field_assignment","relationshipGuid":"83beab33-5f30-4ab0-b147-63b413fb2b6e","relationshipStatus":"ACTIVE","relationshipAttributes":{"typeName":"m4i_field_assignment","attributes":{"typeInformation":null}}},{"guid":"4c9dd402-b57f-43c5-b41a-ecf5cc7c4126","typeName":"m4i_field","entityStatus":"ACTIVE","displayText":"WorkOrderId","relationshipType":"m4i_field_assignment","relationshipGuid":"bf46a20f-5c4e-4230-b3b4-704ee741d59b","relationshipStatus":"ACTIVE","relationshipAttributes":{"typeName":"m4i_field_assignment","attributes":{"typeInformation":null}}},{"guid":"2a0cd757-7ca9-4094-8857-c6301732658a","typeName":"m4i_field","entityStatus":"ACTIVE","displayText":"ValueStreamName","relationshipType":"m4i_field_assignment","relationshipGuid":"d50a7dae-70f6-484c-89aa-ab331fc3664f","relationshipStatus":"ACTIVE","relationshipAttributes":{"typeName":"m4i_field_assignment","attributes":{"typeInformation":null}}},{"guid":"61af6dba-df37-4d9f-a89b-3faf61f6de92","typeName":"m4i_field","entityStatus":"ACTIVE","displayText":"DownTimeEndDateTime","relationshipType":"m4i_field_assignment","relationshipGuid":"f70df249-3c12-4ee0-bb74-b01aa27feedc","relationshipStatus":"ACTIVE","relationshipAttributes":{"typeName":"m4i_field_assignment","attributes":{"typeInformation":null}}},{"guid":"cd43658e-62df-44a0-8a18-1dcb9ab471d6","typeName":"m4i_field","entityStatus":"ACTIVE","displayText":"DowntimeId","relationshipType":"m4i_field_assignment","relationshipGuid":"4efbbb61-b008-4902-9599-51d56096f5c0","relationshipStatus":"ACTIVE","relationshipAttributes":{"typeName":"m4i_field_assignment","attributes":{"typeInformation":null}}},{"guid":"08c1d172-3174-4d6c-9d4f-a380649b4407","typeName":"m4i_field","entityStatus":"ACTIVE","displayText":"WorkOrder","relationshipType":"m4i_field_assignment","relationshipGuid":"f446f7b5-b8a0-42a8-9365-e089983bbaf0","relationshipStatus":"ACTIVE","relationshipAttributes":{"typeName":"m4i_field_assignment","attributes":{"typeInformation":null}}},{"guid":"ef3c5d0e-6d97-4045-bf42-7393d2cc8ef7","typeName":"m4i_field","entityStatus":"ACTIVE","displayText":"AssetCategory","relationshipType":"m4i_field_assignment","relationshipGuid":"892ab83d-2209-47cc-a63e-a5bb701a076b","relationshipStatus":"ACTIVE","relationshipAttributes":{"typeName":"m4i_field_assignment","attributes":{"typeInformation":null}}},{"guid":"64412064-a5f2-4bab-a181-64f30ff8daf6","typeName":"m4i_field","entityStatus":"ACTIVE","displayText":"DownTimeDuration","relationshipType":"m4i_field_assignment","relationshipGuid":"56f1f52d-b1a9-4aec-be22-1e5201aae888","relationshipStatus":"ACTIVE","relationshipAttributes":{"typeName":"m4i_field_assignment","attributes":{"typeInformation":null}}},{"guid":"dd856e1b-27ba-4462-90fa-1ed3beb9b42c","typeName":"m4i_field","entityStatus":"ACTIVE","displayText":"PlantId","relationshipType":"m4i_field_assignment","relationshipGuid":"3d52907f-fabd-4a1e-97c1-85df2d983653","relationshipStatus":"ACTIVE","relationshipAttributes":{"typeName":"m4i_field_assignment","attributes":{"typeInformation":null}}},{"guid":"50702db0-5d0e-488a-88ad-fd5808b86bb6","typeName":"m4i_field","entityStatus":"ACTIVE","displayText":"CreatedOn","relationshipType":"m4i_field_assignment","relationshipGuid":"86c49e2d-0770-4653-94dc-f62244c8cbe1","relationshipStatus":"ACTIVE","relationshipAttributes":{"typeName":"m4i_field_assignment","attributes":{"typeInformation":null}}},{"guid":"9816a9f3-0eac-4602-8cab-7dd48ea09267","typeName":"m4i_field","entityStatus":"ACTIVE","displayText":"DownTimeStartDateTime","relationshipType":"m4i_field_assignment","relationshipGuid":"07e3e38c-70f9-4612-a25c-af5555486dd4","relationshipStatus":"ACTIVE","relationshipAttributes":{"typeName":"m4i_field_assignment","attributes":{"typeInformation":null}}},{"guid":"2403e46b-de4a-475d-8b47-6c262c25aba0","typeName":"m4i_field","entityStatus":"ACTIVE","displayText":"AssetName","relationshipType":"m4i_field_assignment","relationshipGuid":"ace3f2a6-cace-4338-a24f-a847f1e62ec8","relationshipStatus":"ACTIVE","relationshipAttributes":{"typeName":"m4i_field_assignment","attributes":{"typeInformation":null}}},{"guid":"96f5eb9c-8a4f-4958-a2b7-aa305813c2a1","typeName":"m4i_field","entityStatus":"ACTIVE","displayText":"WorkCenterName","relationshipType":"m4i_field_assignment","relationshipGuid":"31608b73-360b-4595-9fe2-a30ce9b8a075","relationshipStatus":"ACTIVE","relationshipAttributes":{"typeName":"m4i_field_assignment","attributes":{"typeInformation":null}}},{"guid":"b493169d-b155-4c2c-b4b4-1845a9de2d44","typeName":"m4i_field","entityStatus":"ACTIVE","displayText":"LeaderId","relationshipType":"m4i_field_assignment","relationshipGuid":"fb1f5324-0f7f-42e5-9c9c-cc0e512297e2","relationshipStatus":"ACTIVE","relationshipAttributes":{"typeName":"m4i_field_assignment","attributes":{"typeInformation":null}}},{"guid":"ad77e9be-c37b-48aa-97ca-098ecab35d1c","typeName":"m4i_field","entityStatus":"ACTIVE","displayText":"EquipmentName","relationshipType":"m4i_field_assignment","relationshipGuid":"2c4075ba-af1e-49d6-a8b3-39d9e2d1c526","relationshipStatus":"ACTIVE","relationshipAttributes":{"typeName":"m4i_field_assignment","attributes":{"typeInformation":null}}},{"guid":"03a42ead-b915-4b1e-99b4-ddd0c132b62d","typeName":"m4i_field","entityStatus":"ACTIVE","displayText":"ShiftName","relationshipType":"m4i_field_assignment","relationshipGuid":"11d9265a-9915-4671-af5e-e3ba515905b2","relationshipStatus":"ACTIVE","relationshipAttributes":{"typeName":"m4i_field_assignment","attributes":{"typeInformation":null}}},{"guid":"668abdec-9e7a-45a1-9484-b9a89b92561e","typeName":"m4i_field","entityStatus":"ACTIVE","displayText":"DownTimeReasonId","relationshipType":"m4i_field_assignment","relationshipGuid":"dc56abc8-f6df-405b-b645-5e4caa9f54a4","relationshipStatus":"ACTIVE","relationshipAttributes":{"typeName":"m4i_field_assignment","attributes":{"typeInformation":null}}},{"guid":"b68104cf-5d81-46b7-8b7f-2c2c9be98776","typeName":"m4i_field","entityStatus":"ACTIVE","displayText":"AssetId","relationshipType":"m4i_field_assignment","relationshipGuid":"e26e134e-b450-456e-8999-5ed74f307971","relationshipStatus":"ACTIVE","relationshipAttributes":{"typeName":"m4i_field_assignment","attributes":{"typeInformation":null}}},{"guid":"bc1cf48e-a3c1-4c50-80fd-4e2810078d7b","typeName":"m4i_field","entityStatus":"ACTIVE","displayText":"HashingKey","relationshipType":"m4i_field_assignment","relationshipGuid":"9ab56601-d88f-4894-95c6-46467c67e465","relationshipStatus":"ACTIVE","relationshipAttributes":{"typeName":"m4i_field_assignment","attributes":{"typeInformation":null}}},{"guid":"a41d063c-62a4-463e-8be5-b9b35fd30588","typeName":"m4i_field","entityStatus":"ACTIVE","displayText":"CreatedBy","relationshipType":"m4i_field_assignment","relationshipGuid":"96af519a-42e3-49ab-9d57-d49b577c5646","relationshipStatus":"ACTIVE","relationshipAttributes":{"typeName":"m4i_field_assignment","attributes":{"typeInformation":null}}},{"guid":"25aa3f28-9e62-48a3-b9c3-c9f84b858698","typeName":"m4i_field","entityStatus":"ACTIVE","displayText":"week","relationshipType":"m4i_field_assignment","relationshipGuid":"d6eee459-ac30-430b-bd09-126839a6f883","relationshipStatus":"ACTIVE","relationshipAttributes":{"typeName":"m4i_field_assignment","attributes":{"typeInformation":null}}},{"guid":"036241ee-c91c-4c9a-86ce-8ef4764c3eb5","typeName":"m4i_field","entityStatus":"ACTIVE","displayText":"DownTimeStatus","relationshipType":"m4i_field_assignment","relationshipGuid":"a9aa42d2-4958-400b-ac62-5ec67ecc252e","relationshipStatus":"ACTIVE","relationshipAttributes":{"typeName":"m4i_field_assignment","attributes":{"typeInformation":null}}},{"guid":"4f85c0cb-6fc3-49c3-968c-f6c122717783","typeName":"m4i_field","entityStatus":"ACTIVE","displayText":"SupervisorId","relationshipType":"m4i_field_assignment","relationshipGuid":"0e8b0000-409d-4aad-a6c3-a1a6e8f8e41c","relationshipStatus":"ACTIVE","relationshipAttributes":{"typeName":"m4i_field_assignment","attributes":{"typeInformation":null}}},{"guid":"56e3b9c8-6632-4695-ae4b-196df48353f4","typeName":"m4i_field","entityStatus":"ACTIVE","displayText":"DowntimeType","relationshipType":"m4i_field_assignment","relationshipGuid":"e6898bc4-feee-4d87-b0c9-a2f92adb5b20","relationshipStatus":"ACTIVE","relationshipAttributes":{"typeName":"m4i_field_assignment","attributes":{"typeInformation":null}}},{"guid":"33fb5b9a-7514-42b7-9465-dc5ce5d7201c","typeName":"m4i_field","entityStatus":"ACTIVE","displayText":"DownTimeReasonName","relationshipType":"m4i_field_assignment","relationshipGuid":"ce2a0a7a-405e-40f1-9b14-42b12fa9db3a","relationshipStatus":"ACTIVE","relationshipAttributes":{"typeName":"m4i_field_assignment","attributes":{"typeInformation":null}}},{"guid":"b5a6d0cb-75f5-43a1-893f-b9e508ae6dce","typeName":"m4i_field","entityStatus":"ACTIVE","displayText":"SKUDescription","relationshipType":"m4i_field_assignment","relationshipGuid":"e6549b1f-5504-4231-b862-216b8270dae7","relationshipStatus":"ACTIVE","relationshipAttributes":{"typeName":"m4i_field_assignment","attributes":{"typeInformation":null}}},{"guid":"a7679d49-adbc-46cf-b704-a4ae6cc7ef37","typeName":"m4i_field","entityStatus":"ACTIVE","displayText":"year","relationshipType":"m4i_field_assignment","relationshipGuid":"445980a3-ba34-4683-9eb9-d7b929835410","relationshipStatus":"ACTIVE","relationshipAttributes":{"typeName":"m4i_field_assignment","attributes":{"typeInformation":null}}},{"guid":"f4d7a85a-bedf-4c79-aef5-3e9baf988252","typeName":"m4i_field","entityStatus":"ACTIVE","displayText":"EquipmentId","relationshipType":"m4i_field_assignment","relationshipGuid":"729c2b41-f8ef-46f1-9156-d63a10cd3ad2","relationshipStatus":"ACTIVE","relationshipAttributes":{"typeName":"m4i_field_assignment","attributes":{"typeInformation":null}}},{"guid":"1169b857-6e41-4469-b470-423e63a5206c","typeName":"m4i_field","entityStatus":"ACTIVE","displayText":"AssetModel","relationshipType":"m4i_field_assignment","relationshipGuid":"e8520523-5a7a-4268-bef8-adc0a1f79fbb","relationshipStatus":"ACTIVE","relationshipAttributes":{"typeName":"m4i_field_assignment","attributes":{"typeInformation":null}}},{"guid":"81d35460-80e4-43a8-a7aa-fb4c92fa547a","typeName":"m4i_field","entityStatus":"ACTIVE","displayText":"DownTimeReasonDescription","relationshipType":"m4i_field_assignment","relationshipGuid":"802df65d-0f35-41d3-b0d6-9b9c4b860a51","relationshipStatus":"ACTIVE","relationshipAttributes":{"typeName":"m4i_field_assignment","attributes":{"typeInformation":null}}},{"guid":"31b4cd56-8e6f-4671-9dee-429ff5fe2c37","typeName":"m4i_field","entityStatus":"ACTIVE","displayText":"ModifiedOn","relationshipType":"m4i_field_assignment","relationshipGuid":"9fc69d5c-ed33-464e-bfff-6ecbe796dfa1","relationshipStatus":"ACTIVE","relationshipAttributes":{"typeName":"m4i_field_assignment","attributes":{"typeInformation":null}}},{"guid":"32b96243-08bf-49b4-af6e-0eb7c8e6ecc8","typeName":"m4i_field","entityStatus":"ACTIVE","displayText":"month","relationshipType":"m4i_field_assignment","relationshipGuid":"626ee5ec-fe2e-4b23-be21-53e057ea0040","relationshipStatus":"ACTIVE","relationshipAttributes":{"typeName":"m4i_field_assignment","attributes":{"typeInformation":null}}},{"guid":"11aafff7-9371-44cb-8e4e-dea5e59b272c","typeName":"m4i_field","entityStatus":"ACTIVE","displayText":"LineId","relationshipType":"m4i_field_assignment","relationshipGuid":"2e6beb71-fe0c-4b6b-adcf-ab4b9261b076","relationshipStatus":"ACTIVE","relationshipAttributes":{"typeName":"m4i_field_assignment","attributes":{"typeInformation":null}}},{"guid":"2dc57d92-6c00-4a2d-8f33-6e4cbf4efb0c","typeName":"m4i_field","entityStatus":"ACTIVE","displayText":"AssetType","relationshipType":"m4i_field_assignment","relationshipGuid":"83617397-4eee-41b6-b3e1-f66393cd4a6c","relationshipStatus":"ACTIVE","relationshipAttributes":{"typeName":"m4i_field_assignment","attributes":{"typeInformation":null}}}],"parentDataset":[],"meanings":[],"outputFromProcesses":[]},"labels":[],"proxy":false}}