{"referredEntities":{},"entity":{"typeName":"m4i_field","attributes":{"archimateReference":[],"replicatedTo":null,"replicatedFrom":null,"hasContent":null,"steward":[],"qualifiedName":"nl3--nl3plant--nl3plant002--workorderid","source":[],"datasets":[{"guid":"4086f053-a8c9-4382-af9e-e4e08effd3c9","typeName":"m4i_dataset","uniqueAttributes":{"qualifiedName":"nl3--nl3plant--nl3plant002"}}],"parentField":[],"optionalField":null,"name":"WorkOrderId","definition":null,"attributes":[{"guid":"2c0a2e7c-4f76-423b-ba66-f7450613f5d3","typeName":"m4i_data_attribute","uniqueAttributes":{"qualifiedName":"plant-data--downtime-events--workorderid"}}],"fieldType":"Numeric","childField":[]},"guid":"4c9dd402-b57f-43c5-b41a-ecf5cc7c4126","isIncomplete":false,"provenanceType":0,"status":"ACTIVE","createdBy":"admin","updatedBy":"admin","createTime":1656522073615,"updateTime":1663927932384,"version":0,"relationshipAttributes":{"ArchiMateReference":[],"dataQuality":[],"attributes":[{"guid":"2c0a2e7c-4f76-423b-ba66-f7450613f5d3","typeName":"m4i_data_attribute","entityStatus":"ACTIVE","displayText":"WorkOrderId","relationshipType":"m4i_data_attribute_field_assignment","relationshipGuid":"a3d93a80-89b3-4a27-bf1e-dd50bad087a4","relationshipStatus":"ACTIVE","relationshipAttributes":{"typeName":"m4i_data_attribute_field_assignment"}}],"datasets":[{"guid":"4086f053-a8c9-4382-af9e-e4e08effd3c9","typeName":"m4i_dataset","entityStatus":"ACTIVE","displayText":"NL3-PLANT-002","relationshipType":"m4i_field_assignment","relationshipGuid":"bf46a20f-5c4e-4230-b3b4-704ee741d59b","relationshipStatus":"ACTIVE","relationshipAttributes":{"typeName":"m4i_field_assignment","attributes":{"typeInformation":null}}}],"source":[{"guid":"2bee6dca-fea0-478b-824e-d97365d18bbe","typeName":"m4i_source","entityStatus":"ACTIVE","displayText":"/hr/hr/Data Dictionary_template.xlsm","relationshipType":"m4i_referenceable_source_assignment","relationshipGuid":"ce680da6-ad5c-4c4a-970a-882f387151e4","relationshipStatus":"ACTIVE","relationshipAttributes":{"typeName":"m4i_referenceable_source_assignment"}}],"parentField":[],"meanings":[],"childField":[]},"classifications":[{"typeName":"low_risk","entityGuid":"2c0a2e7c-4f76-423b-ba66-f7450613f5d3","entityStatus":"ACTIVE","propagate":true,"validityPeriods":[],"removePropagationsOnEntityDelete":true}],"labels":[],"proxy":false}}