{"referredEntities":{},"entity":{"typeName":"m4i_gov_data_quality","attributes":{"owner":null,"archimateReference":[],"expression":"conditional_value('target_relationship_type', 'source_typename', {'m4i_data_attribute_business_owner_assignment':'m4i_data_attribute'})","replicatedTo":null,"userDescription":null,"replicatedFrom":null,"qualifiedName":"m4i_data_attribute--businessOwner--source","displayName":null,"description":null,"active":true,"source":[],"ruleDescription":"businessOwner source relation type is a m4i_data_attribute","nonCompliantMessage":"This entity is missing a source relationship type as m4i_data_attribute","ruleType":"relationship","name":"m4i_data_attribute--businessOwner--source","compliantMessage":"This entity has a source relationship type as m4i_data_attribute","id":12,"qualityDimension":"completeness","expressionVersion":"1"},"guid":"4d052701-40d0-44bf-9815-4f5915131470","isIncomplete":false,"provenanceType":0,"status":"ACTIVE","createdBy":"admin","updatedBy":"admin","createTime":1656522427794,"updateTime":1663931063480,"version":0,"relationshipAttributes":{"inputToProcesses":[],"pipeline":null,"schema":[],"ArchiMateReference":[],"model":null,"source":[],"meanings":[],"outputFromProcesses":[]},"labels":[],"proxy":false}}