{"referredEntities":{},"entity":{"typeName":"m4i_field","attributes":{"archimateReference":[],"replicatedTo":null,"replicatedFrom":null,"hasContent":null,"steward":[],"qualifiedName":"nl3--nl3plant--nl3plant001--shiftid","source":[],"datasets":[{"guid":"2230cf23-c90c-4a2f-be3e-e402503c4544","typeName":"m4i_dataset","uniqueAttributes":{"qualifiedName":"nl3--nl3plant--nl3plant001"}}],"parentField":[],"optionalField":null,"name":"ShiftId","definition":null,"attributes":[{"guid":"a8249ddd-3aac-49bf-8076-bbd52db1c7d4","typeName":"m4i_data_attribute","uniqueAttributes":{"qualifiedName":"plant-data--hourly-data--shiftid"}}],"fieldType":"Numeric","childField":[]},"guid":"4fb8e1e8-96f3-4edd-a951-e98310526654","isIncomplete":false,"provenanceType":0,"status":"ACTIVE","createdBy":"admin","updatedBy":"admin","createTime":1656522073615,"updateTime":1666701543730,"version":0,"relationshipAttributes":{"ArchiMateReference":[],"dataQuality":[{"guid":"71979146-c465-4293-a0e8-10825a7d4fb6","typeName":"m4i_data_quality","entityStatus":"ACTIVE","displayText":"nl3--nl3plant--nl3plant001--shiftid--9","relationshipType":"m4i_data_quality_field_assignment","relationshipGuid":"a262889e-eaae-4730-925b-59a22c424e97","relationshipStatus":"ACTIVE","relationshipAttributes":{"typeName":"m4i_data_quality_field_assignment"}}],"attributes":[{"guid":"a8249ddd-3aac-49bf-8076-bbd52db1c7d4","typeName":"m4i_data_attribute","entityStatus":"ACTIVE","displayText":"ShiftId","relationshipType":"m4i_data_attribute_field_assignment","relationshipGuid":"71f25e62-cbac-44ef-a842-4e45b8f5eb20","relationshipStatus":"ACTIVE","relationshipAttributes":{"typeName":"m4i_data_attribute_field_assignment"}}],"datasets":[{"guid":"2230cf23-c90c-4a2f-be3e-e402503c4544","typeName":"m4i_dataset","entityStatus":"ACTIVE","displayText":"NL3-PLANT-001","relationshipType":"m4i_field_assignment","relationshipGuid":"70eb9f6f-1de5-426b-bb38-e5e5b2551207","relationshipStatus":"ACTIVE","relationshipAttributes":{"typeName":"m4i_field_assignment","attributes":{"typeInformation":null}}}],"source":[{"guid":"2bee6dca-fea0-478b-824e-d97365d18bbe","typeName":"m4i_source","entityStatus":"ACTIVE","displayText":"/hr/hr/Data Dictionary_template.xlsm","relationshipType":"m4i_referenceable_source_assignment","relationshipGuid":"06e9efad-6ad7-458a-92a0-d5ae62ae5a93","relationshipStatus":"ACTIVE","relationshipAttributes":{"typeName":"m4i_referenceable_source_assignment"}}],"parentField":[],"meanings":[],"childField":[]},"classifications":[{"typeName":"low_risk","entityGuid":"a8249ddd-3aac-49bf-8076-bbd52db1c7d4","entityStatus":"ACTIVE","propagate":true,"validityPeriods":[],"removePropagationsOnEntityDelete":true}],"labels":[],"proxy":false}}