{"referredEntities":{},"entity":{"typeName":"m4i_kafka_field","attributes":{"archimateReference":[],"replicatedTo":null,"replicatedFrom":null,"hasContent":null,"steward":[],"qualifiedName":"cc1--kaf1--kaf1-hr--hourly--cc1--kaf1--kaf1-hr--hourly--workcenterid","source":[],"datasets":[],"parentField":[],"optionalField":null,"name":"cc1--kaf1--kaf1-hr--hourly--workcenterid","definition":null,"attributes":[],"fieldType":"string","childField":[]},"guid":"547cb8a7-392b-4b3e-8ba9-2428125aaa78","isIncomplete":false,"provenanceType":0,"status":"ACTIVE","createdBy":"admin","updatedBy":"admin","createTime":1663929263859,"updateTime":1663929263859,"version":0,"relationshipAttributes":{"ArchiMateReference":[],"dataQuality":[],"attributes":[{"guid":"3578d728-49ac-4629-9186-0c517bc8991f","typeName":"m4i_data_attribute","entityStatus":"ACTIVE","displayText":"WorkCenterId","relationshipType":"m4i_data_attribute_field_assignment","relationshipGuid":"5e1cd676-c4f7-46f6-9cd1-4f27559c676d","relationshipStatus":"ACTIVE","relationshipAttributes":{"typeName":"m4i_data_attribute_field_assignment"}}],"datasets":[{"guid":"d23a7a85-7666-4726-b1c1-ab85df2f1312","typeName":"m4i_kafka_topic","entityStatus":"ACTIVE","displayText":"hourly","relationshipType":"m4i_field_assignment","relationshipGuid":"cb6b8db9-6949-4bf8-b3e5-a09f88524135","relationshipStatus":"ACTIVE","relationshipAttributes":{"typeName":"m4i_field_assignment","attributes":{"typeInformation":null}}}],"source":[],"meanings":[],"parentField":[],"childField":[]},"classifications":[{"typeName":"low_risk","entityGuid":"3578d728-49ac-4629-9186-0c517bc8991f","entityStatus":"ACTIVE","propagate":true,"validityPeriods":[],"removePropagationsOnEntityDelete":true}],"labels":[],"proxy":false}}