{"referredEntities":{},"entity":{"typeName":"m4i_gov_data_quality","attributes":{"owner":null,"archimateReference":[],"expression":"conditional_value('target_relationship_type', 'target_typename', {'m4i_dataset_assignment':'m4i_dataset'})","replicatedTo":null,"userDescription":null,"replicatedFrom":null,"qualifiedName":"m4i_collection--datasets--target","displayName":null,"description":null,"active":true,"source":[],"ruleDescription":"datasets target relation type is m4i_dataset","nonCompliantMessage":"This entity is missing a target relationship with type m4i_dataset","ruleType":"relationship","name":"m4i_collection--datasets--target","compliantMessage":"This entity has a target relationship with type m4i_dataset","id":7,"qualityDimension":"completeness","expressionVersion":"1"},"guid":"5b30492c-2fca-4db2-abbd-4c9782932c19","isIncomplete":false,"provenanceType":0,"status":"ACTIVE","createdBy":"admin","updatedBy":"admin","createTime":1656522427794,"updateTime":1663931063480,"version":0,"relationshipAttributes":{"inputToProcesses":[],"pipeline":null,"schema":[],"ArchiMateReference":[],"model":null,"source":[],"meanings":[],"outputFromProcesses":[]},"labels":[],"proxy":false}}