{"referredEntities":{},"entity":{"typeName":"m4i_generic_process","attributes":{"owner":null,"outputs":[{"guid":"ac7d0a6e-9605-4610-8992-dbf05103c980","typeName":"m4i_dashboard","uniqueAttributes":{"qualifiedName":"kib1-hr-change-dashboard"}}],"archimateReference":[],"replicatedTo":null,"userDescription":null,"replicatedFrom":null,"qualifiedName":"kib1-hr-bar-graph--kib1-hr-change-dashboard","displayName":null,"inputs":[{"guid":"d830db18-40ab-4d4e-ac1d-d2ff085915cf","typeName":"m4i_visualization","uniqueAttributes":{"qualifiedName":"kib1-hr-bar-graph"}}],"description":null,"source":[],"processOwner":[],"name":"Used in change dashboard"},"guid":"5fdf05a7-e535-4f57-8ef4-ff97ac6699e6","isIncomplete":false,"provenanceType":0,"status":"ACTIVE","createdBy":"admin","updatedBy":"admin","createTime":1656522310137,"updateTime":1663931063480,"version":0,"relationshipAttributes":{"outputs":[{"guid":"ac7d0a6e-9605-4610-8992-dbf05103c980","typeName":"m4i_dashboard","entityStatus":"ACTIVE","displayText":"change dashboard","relationshipType":"process_dataset_outputs","relationshipGuid":"26d5411b-b136-4025-9cc9-70a8b738ff90","relationshipStatus":"ACTIVE","relationshipAttributes":{"typeName":"process_dataset_outputs"}}],"ArchiMateReference":[],"processOwner":[],"inputs":[{"guid":"d830db18-40ab-4d4e-ac1d-d2ff085915cf","typeName":"m4i_visualization","entityStatus":"ACTIVE","displayText":"bar-graph","relationshipType":"dataset_process_inputs","relationshipGuid":"d5ad51d8-757b-402f-be93-ff24f1aadf3e","relationshipStatus":"ACTIVE","relationshipAttributes":{"typeName":"dataset_process_inputs"}}],"source":[],"meanings":[]},"labels":[],"proxy":false}}