{"referredEntities":{},"entity":{"typeName":"m4i_generic_process","attributes":{"owner":null,"outputs":[{"guid":"1c04ab3e-f885-4264-a32f-32321df38ecf","typeName":"m4i_dashboard","uniqueAttributes":{"qualifiedName":"kib1-hourly-dashboard"}}],"archimateReference":[],"replicatedTo":null,"userDescription":null,"replicatedFrom":null,"qualifiedName":"kib1-hourly-table--kib1-hourly-dashboard","displayName":null,"inputs":[{"guid":"2337c1fc-e3d7-4e04-a5f5-181df03e113d","typeName":"m4i_visualization","uniqueAttributes":{"qualifiedName":"kib1-hourly-table"}}],"description":null,"source":[],"processOwner":[],"name":"Used in change dashboard"},"guid":"6545daf7-6f7a-4cbe-8be5-3c25582204e3","isIncomplete":false,"provenanceType":0,"status":"ACTIVE","createdBy":"admin","updatedBy":"admin","createTime":1663930650754,"updateTime":1663931063480,"version":0,"relationshipAttributes":{"outputs":[{"guid":"1c04ab3e-f885-4264-a32f-32321df38ecf","typeName":"m4i_dashboard","entityStatus":"ACTIVE","displayText":"plant hourly dashboard","relationshipType":"process_dataset_outputs","relationshipGuid":"2650a483-5068-46ef-af0e-3a0f7481e680","relationshipStatus":"ACTIVE","relationshipAttributes":{"typeName":"process_dataset_outputs"}}],"ArchiMateReference":[],"processOwner":[],"inputs":[{"guid":"2337c1fc-e3d7-4e04-a5f5-181df03e113d","typeName":"m4i_visualization","entityStatus":"ACTIVE","displayText":"table","relationshipType":"dataset_process_inputs","relationshipGuid":"d0c58eac-9c4c-4749-8d11-c59b735ab843","relationshipStatus":"ACTIVE","relationshipAttributes":{"typeName":"dataset_process_inputs"}}],"source":[],"meanings":[]},"labels":[],"proxy":false}}