{"referredEntities":{},"entity":{"typeName":"m4i_elastic_field","attributes":{"archimateReference":[],"replicatedTo":null,"replicatedFrom":null,"hasContent":null,"steward":[],"qualifiedName":"elas1--hr--BASKET","source":[],"datasets":[],"parentField":[],"optionalField":null,"name":"BASKET","definition":null,"attributes":[],"fieldType":"keyword","childField":[]},"guid":"654850d7-6a5d-4b18-a238-2baf8d31d5a4","isIncomplete":false,"provenanceType":0,"status":"ACTIVE","createdBy":"admin","updatedBy":"admin","createTime":1656522169104,"updateTime":1663931063480,"version":0,"relationshipAttributes":{"ArchiMateReference":[],"dataQuality":[],"attributes":[{"guid":"94a1c5f2-8639-4709-a0b7-ea4f4cef09d0","typeName":"m4i_data_attribute","entityStatus":"ACTIVE","displayText":"Basket","relationshipType":"m4i_data_attribute_field_assignment","relationshipGuid":"4b978fc3-f9b9-4cb2-a6a1-a9baa388c543","relationshipStatus":"ACTIVE","relationshipAttributes":{"typeName":"m4i_data_attribute_field_assignment"}},{"guid":"b4435642-bde8-46bb-80e4-8172a19bc6c7","typeName":"m4i_data_attribute","entityStatus":"ACTIVE","displayText":"Basket","relationshipType":"m4i_data_attribute_field_assignment","relationshipGuid":"a161bbc0-7777-4e48-b528-17dec33cc532","relationshipStatus":"ACTIVE","relationshipAttributes":{"typeName":"m4i_data_attribute_field_assignment"}}],"datasets":[{"guid":"3a9efda8-6721-4aaa-a71d-cf00349895fd","typeName":"m4i_elastic_index","entityStatus":"ACTIVE","displayText":"hr","relationshipType":"m4i_field_assignment","relationshipGuid":"01e58479-b4eb-4393-aa13-8669c7a66366","relationshipStatus":"ACTIVE","relationshipAttributes":{"typeName":"m4i_field_assignment","attributes":{"typeInformation":null}}}],"source":[],"meanings":[],"parentField":[],"childField":[]},"classifications":[{"typeName":"low_risk","entityGuid":"94a1c5f2-8639-4709-a0b7-ea4f4cef09d0","entityStatus":"ACTIVE","propagate":true,"validityPeriods":[],"removePropagationsOnEntityDelete":true},{"typeName":"key_data","entityGuid":"b4435642-bde8-46bb-80e4-8172a19bc6c7","entityStatus":"ACTIVE","propagate":true,"validityPeriods":[],"removePropagationsOnEntityDelete":true},{"typeName":"low_risk","entityGuid":"b4435642-bde8-46bb-80e4-8172a19bc6c7","entityStatus":"ACTIVE","propagate":true,"validityPeriods":[],"removePropagationsOnEntityDelete":true},{"typeName":"key_data","entityGuid":"94a1c5f2-8639-4709-a0b7-ea4f4cef09d0","entityStatus":"ACTIVE","propagate":true,"validityPeriods":[],"removePropagationsOnEntityDelete":true}],"labels":[],"proxy":false}}