{"referredEntities":{},"entity":{"typeName":"m4i_elastic_field","attributes":{"archimateReference":[],"replicatedTo":null,"replicatedFrom":null,"hasContent":null,"steward":[],"qualifiedName":"elas1--hourly--downtime","source":[],"datasets":[],"parentField":[],"optionalField":null,"name":"downtime","definition":null,"attributes":[],"fieldType":"keyword","childField":[]},"guid":"679e6a6f-662f-4889-a942-c7aaae256147","isIncomplete":false,"provenanceType":0,"status":"ACTIVE","createdBy":"admin","updatedBy":"admin","createTime":1663930105074,"updateTime":1663930105074,"version":0,"relationshipAttributes":{"ArchiMateReference":[],"dataQuality":[],"attributes":[{"guid":"75035074-c4c1-4cfb-aafb-271b2aec51b8","typeName":"m4i_data_attribute","entityStatus":"ACTIVE","displayText":"DownTime","relationshipType":"m4i_data_attribute_field_assignment","relationshipGuid":"311afee3-c38f-42dd-820a-7425c71ce24e","relationshipStatus":"ACTIVE","relationshipAttributes":{"typeName":"m4i_data_attribute_field_assignment"}}],"datasets":[{"guid":"8e146f38-013e-4935-84aa-8d59a5539d3d","typeName":"m4i_elastic_index","entityStatus":"ACTIVE","displayText":"hourly","relationshipType":"m4i_field_assignment","relationshipGuid":"af093f42-73ad-4650-aec6-cb78f95b28da","relationshipStatus":"ACTIVE","relationshipAttributes":{"typeName":"m4i_field_assignment","attributes":{"typeInformation":null}}}],"source":[],"meanings":[],"parentField":[],"childField":[]},"classifications":[{"typeName":"low_risk","entityGuid":"75035074-c4c1-4cfb-aafb-271b2aec51b8","entityStatus":"ACTIVE","propagate":true,"validityPeriods":[],"removePropagationsOnEntityDelete":true}],"labels":[],"proxy":false}}