{"referredEntities":{},"entity":{"typeName":"m4i_data_attribute","attributes":{"archimateReference":[],"replicatedTo":null,"replicatedFrom":null,"steward":[{"guid":"55520e1f-52a3-4696-97e5-b5879323b53a","typeName":"m4i_person","uniqueAttributes":{"qualifiedName":"harper.taylor@email.com","email":"harper.taylor@email.com"}}],"qualifiedName":"personnel-and-organization--personnel--external--payroll","dataEntity":[{"guid":"c0af931d-1cd3-4ecb-970f-ab804d289ada","typeName":"m4i_data_entity","uniqueAttributes":{"qualifiedName":"personnel-and-organization--personnel--external"}}],"source":[],"isKeyData":"Yes","hasPII":null,"attributeType":"Text","name":"Payroll","definition":"This attribute describes the country where the employee is on the payroll as well as the period of payment.","riskClassification":"Low","fields":[{"guid":"256c4e35-2705-4494-bcba-cfef75694a86","typeName":"m4i_elastic_field","uniqueAttributes":{"qualifiedName":"elas1--hr--PAYROLL"}},{"guid":"1fec5463-2a52-4c6e-840a-7846854d54dc","typeName":"m4i_field","uniqueAttributes":{"qualifiedName":"nl1--nl1hr--nl1hr001--payroll"}},{"guid":"b0de95f9-7e12-4505-a4ce-a165943936ce","typeName":"m4i_kafka_field","uniqueAttributes":{"qualifiedName":"cc1--kaf1--kaf1-hr--change-event--payload--payload--payroll"}}],"businessOwner":[{"guid":"665870e3-92cb-4dae-b58e-f4db45a7af38","typeName":"m4i_person","uniqueAttributes":{"qualifiedName":"summer.reid@email.com","email":"summer.reid@email.com"}}]},"guid":"6b0e188f-91f0-4f5d-9dd4-cb9fb6c51619","isIncomplete":false,"provenanceType":0,"status":"ACTIVE","createdBy":"admin","updatedBy":"admin","createTime":1656521955001,"updateTime":1663931063480,"version":0,"relationshipAttributes":{"ArchiMateReference":[],"steward":[{"guid":"55520e1f-52a3-4696-97e5-b5879323b53a","typeName":"m4i_person","entityStatus":"ACTIVE","displayText":"Harper Taylor","relationshipType":"m4i_data_attribute_steward_assignment","relationshipGuid":"b6fa942c-b168-4cee-9e15-b4aa1ec1105b","relationshipStatus":"ACTIVE","relationshipAttributes":{"typeName":"m4i_data_attribute_steward_assignment"}}],"dataEntity":[{"guid":"c0af931d-1cd3-4ecb-970f-ab804d289ada","typeName":"m4i_data_entity","entityStatus":"ACTIVE","displayText":"External","relationshipType":"m4i_data_entity_attribute_assignment","relationshipGuid":"76b3a287-ea1a-4e8a-a5b7-bcc2c636ed27","relationshipStatus":"ACTIVE","relationshipAttributes":{"typeName":"m4i_data_entity_attribute_assignment"}}],"source":[{"guid":"2bee6dca-fea0-478b-824e-d97365d18bbe","typeName":"m4i_source","entityStatus":"ACTIVE","displayText":"/hr/hr/Data Dictionary_template.xlsm","relationshipType":"m4i_referenceable_source_assignment","relationshipGuid":"f2abc7fd-f031-4b68-808d-a3addeae9cf6","relationshipStatus":"ACTIVE","relationshipAttributes":{"typeName":"m4i_referenceable_source_assignment"}}],"fields":[{"guid":"256c4e35-2705-4494-bcba-cfef75694a86","typeName":"m4i_elastic_field","entityStatus":"ACTIVE","displayText":"PAYROLL","relationshipType":"m4i_data_attribute_field_assignment","relationshipGuid":"a56f56a3-c1ef-4ee1-a1d2-03403265f292","relationshipStatus":"ACTIVE","relationshipAttributes":{"typeName":"m4i_data_attribute_field_assignment"}},{"guid":"1fec5463-2a52-4c6e-840a-7846854d54dc","typeName":"m4i_field","entityStatus":"ACTIVE","displayText":"PAYROLL","relationshipType":"m4i_data_attribute_field_assignment","relationshipGuid":"e30d0a89-0fbc-4780-8a26-0a5b692405c7","relationshipStatus":"ACTIVE","relationshipAttributes":{"typeName":"m4i_data_attribute_field_assignment"}},{"guid":"b0de95f9-7e12-4505-a4ce-a165943936ce","typeName":"m4i_kafka_field","entityStatus":"ACTIVE","displayText":"PAYROLL","relationshipType":"m4i_data_attribute_field_assignment","relationshipGuid":"8c895204-a263-4e4d-8672-15a3522c35bb","relationshipStatus":"ACTIVE","relationshipAttributes":{"typeName":"m4i_data_attribute_field_assignment"}}],"businessOwner":[{"guid":"665870e3-92cb-4dae-b58e-f4db45a7af38","typeName":"m4i_person","entityStatus":"ACTIVE","displayText":"Summer Reid","relationshipType":"m4i_data_attribute_business_owner_assignment","relationshipGuid":"85d4bfe1-2fce-4fff-b82c-564b5aef0a72","relationshipStatus":"ACTIVE","relationshipAttributes":{"typeName":"m4i_data_attribute_business_owner_assignment"}}],"meanings":[]},"classifications":[{"typeName":"low_risk","entityGuid":"6b0e188f-91f0-4f5d-9dd4-cb9fb6c51619","entityStatus":"ACTIVE","propagate":true,"validityPeriods":[],"removePropagationsOnEntityDelete":true},{"typeName":"key_data","entityGuid":"6b0e188f-91f0-4f5d-9dd4-cb9fb6c51619","entityStatus":"ACTIVE","propagate":true,"validityPeriods":[],"removePropagationsOnEntityDelete":true}],"labels":[],"proxy":false}}