{"referredEntities":{},"entity":{"typeName":"m4i_data_attribute","attributes":{"archimateReference":[],"replicatedTo":null,"replicatedFrom":null,"steward":[{"guid":"265dad2b-2fc0-44c3-a828-06476d5f1e38","typeName":"m4i_person","uniqueAttributes":{"qualifiedName":"iris.jacobs@email.com","email":"iris.jacobs@email.com"}}],"qualifiedName":"plant-data--hourly-data--sku","dataEntity":[{"guid":"19736d3b-e7c6-4f95-8ce6-a6f215eff467","typeName":"m4i_data_entity","uniqueAttributes":{"qualifiedName":"plant-data--hourly-data"}}],"source":[],"isKeyData":"Internal","hasPII":null,"attributeType":"Text","name":"SKU","definition":"This attribute yields a code that corresponds to the SKUId","riskClassification":"Low","fields":[{"guid":"4720d40e-66a2-4aac-aabf-696cf02e7059","typeName":"m4i_field","uniqueAttributes":{"qualifiedName":"nl3--nl3plant--nl3plant001--sku"}},{"guid":"80d1144a-fbde-4e9e-899b-b1f7856f880b","typeName":"m4i_elastic_field","uniqueAttributes":{"qualifiedName":"elas1--hourly--sku"}},{"guid":"60e04dd8-e41a-4539-add5-4110a11711cc","typeName":"m4i_kafka_field","uniqueAttributes":{"qualifiedName":"cc1--kaf1--kaf1-hr--hourly--cc1--kaf1--kaf1-hr--hourly--sku"}}],"businessOwner":[{"guid":"dc408458-fd6d-4080-a324-9900585d1146","typeName":"m4i_person","uniqueAttributes":{"qualifiedName":"jane.martens@email.com","email":"jane.martens@email.com"}}]},"guid":"6c6a3fb9-e983-4b39-a26b-2883cf06cc8d","isIncomplete":false,"provenanceType":0,"status":"ACTIVE","createdBy":"admin","updatedBy":"admin","createTime":1656521955001,"updateTime":1663931063480,"version":0,"relationshipAttributes":{"ArchiMateReference":[],"steward":[{"guid":"265dad2b-2fc0-44c3-a828-06476d5f1e38","typeName":"m4i_person","entityStatus":"ACTIVE","displayText":"Iris Jacobs","relationshipType":"m4i_data_attribute_steward_assignment","relationshipGuid":"401fcf1a-c532-4ca7-b7e4-d636ff370ee3","relationshipStatus":"ACTIVE","relationshipAttributes":{"typeName":"m4i_data_attribute_steward_assignment"}}],"dataEntity":[{"guid":"19736d3b-e7c6-4f95-8ce6-a6f215eff467","typeName":"m4i_data_entity","entityStatus":"ACTIVE","displayText":"hourly data","relationshipType":"m4i_data_entity_attribute_assignment","relationshipGuid":"59847368-ead6-44e6-8825-57769f749879","relationshipStatus":"ACTIVE","relationshipAttributes":{"typeName":"m4i_data_entity_attribute_assignment"}}],"source":[{"guid":"2bee6dca-fea0-478b-824e-d97365d18bbe","typeName":"m4i_source","entityStatus":"ACTIVE","displayText":"/hr/hr/Data Dictionary_template.xlsm","relationshipType":"m4i_referenceable_source_assignment","relationshipGuid":"b16afab1-a2e3-420d-9110-79d052bf5132","relationshipStatus":"ACTIVE","relationshipAttributes":{"typeName":"m4i_referenceable_source_assignment"}}],"fields":[{"guid":"4720d40e-66a2-4aac-aabf-696cf02e7059","typeName":"m4i_field","entityStatus":"ACTIVE","displayText":"SKU","relationshipType":"m4i_data_attribute_field_assignment","relationshipGuid":"3c1fabb1-4a73-4f10-a584-1740585e697e","relationshipStatus":"ACTIVE","relationshipAttributes":{"typeName":"m4i_data_attribute_field_assignment"}},{"guid":"80d1144a-fbde-4e9e-899b-b1f7856f880b","typeName":"m4i_elastic_field","entityStatus":"ACTIVE","displayText":"sku","relationshipType":"m4i_data_attribute_field_assignment","relationshipGuid":"afd076c6-7f20-46a2-afe6-f9e74f713e20","relationshipStatus":"ACTIVE","relationshipAttributes":{"typeName":"m4i_data_attribute_field_assignment"}},{"guid":"60e04dd8-e41a-4539-add5-4110a11711cc","typeName":"m4i_kafka_field","entityStatus":"ACTIVE","displayText":"cc1--kaf1--kaf1-hr--hourly--sku","relationshipType":"m4i_data_attribute_field_assignment","relationshipGuid":"0476ff78-33b6-4d3f-a558-fef6928a3f7f","relationshipStatus":"ACTIVE","relationshipAttributes":{"typeName":"m4i_data_attribute_field_assignment"}}],"businessOwner":[{"guid":"dc408458-fd6d-4080-a324-9900585d1146","typeName":"m4i_person","entityStatus":"ACTIVE","displayText":"Jane Martens","relationshipType":"m4i_data_attribute_business_owner_assignment","relationshipGuid":"5447643c-19e5-4db6-a34b-c18fd7091d4a","relationshipStatus":"ACTIVE","relationshipAttributes":{"typeName":"m4i_data_attribute_business_owner_assignment"}}],"meanings":[]},"classifications":[{"typeName":"low_risk","entityGuid":"6c6a3fb9-e983-4b39-a26b-2883cf06cc8d","entityStatus":"ACTIVE","propagate":true,"validityPeriods":[],"removePropagationsOnEntityDelete":true}],"labels":[],"proxy":false}}