{"referredEntities":{},"entity":{"typeName":"m4i_confluent_cloud","attributes":{"parentSystem":[],"archimateReference":[],"childSystem":[],"replicatedTo":null,"replicatedFrom":null,"collections":[],"qualifiedName":"cc1","name":"cc1","confluentEnvironment":[{"guid":"9e13ba4f-6170-4ca6-8af9-46b42a62b628","typeName":"m4i_confluent_environment","uniqueAttributes":{"qualifiedName":"cc1--kaf1"}}],"definition":null,"source":[]},"guid":"6ec29417-5ab1-42b7-9ed3-4f10710a8905","isIncomplete":false,"provenanceType":0,"status":"ACTIVE","createdBy":"admin","updatedBy":"admin","createTime":1656522003606,"updateTime":1663931063480,"version":0,"relationshipAttributes":{"ArchiMateReference":[],"parentSystem":[],"childSystem":[],"collections":[],"confluentEnvironment":[{"guid":"9e13ba4f-6170-4ca6-8af9-46b42a62b628","typeName":"m4i_confluent_environment","entityStatus":"ACTIVE","displayText":"kaf1","relationshipType":"m4i_confluent_environment_assignment","relationshipGuid":"94193619-8095-41cd-85f8-6d71112c7afd","relationshipStatus":"ACTIVE","relationshipAttributes":{"typeName":"m4i_confluent_environment_assignment"}}],"source":[],"meanings":[]},"labels":[],"proxy":false}}