{"referredEntities":{},"entity":{"typeName":"m4i_data_attribute","attributes":{"archimateReference":[],"replicatedTo":null,"replicatedFrom":null,"steward":[{"guid":"4f4948ae-2df0-437d-8c6a-e9cba5db8063","typeName":"m4i_person","uniqueAttributes":{"qualifiedName":"cornelis.kramer@email.com","email":"cornelis.kramer@email.com"}}],"qualifiedName":"personnel-and-organization--personnel--internal--placement","dataEntity":[{"guid":"818f6d40-b74d-4971-a039-efe8ccdc8f5b","typeName":"m4i_data_entity","uniqueAttributes":{"qualifiedName":"personnel-and-organization--personnel--internal"}}],"source":[],"isKeyData":"Yes","hasPII":null,"attributeType":"Text","name":"Placement","definition":"This attribute describes the additional terms of employment that will apply to an employee that is involved in a placement. In this context, a placement means that an employee is assigned to a project or branch office.","riskClassification":"Low","fields":[{"guid":"fa03d0d2-f7b1-4758-95dd-cd14b5187d6f","typeName":"m4i_field","uniqueAttributes":{"qualifiedName":"nl1--nl1hr--nl1hr001--placement"}},{"guid":"bbfb2f23-3da2-4370-adc3-316becfaeee2","typeName":"m4i_elastic_field","uniqueAttributes":{"qualifiedName":"elas1--hr--PLACEMENT"}},{"guid":"95d8b812-3826-4908-baf1-be8e69aa0662","typeName":"m4i_kafka_field","uniqueAttributes":{"qualifiedName":"cc1--kaf1--kaf1-hr--change-event--payload--payload--placement"}}],"businessOwner":[{"guid":"45e581d9-452c-4d48-98e0-452b7a109efb","typeName":"m4i_person","uniqueAttributes":{"qualifiedName":"merel.hofman@email.com","email":"merel.hofman@email.com"}}]},"guid":"6fab80e8-2d32-4a2f-8668-74078a14764c","isIncomplete":false,"provenanceType":0,"status":"ACTIVE","createdBy":"admin","updatedBy":"admin","createTime":1656521955001,"updateTime":1663931063480,"version":0,"relationshipAttributes":{"ArchiMateReference":[],"steward":[{"guid":"4f4948ae-2df0-437d-8c6a-e9cba5db8063","typeName":"m4i_person","entityStatus":"ACTIVE","displayText":"Cornelis Kramer","relationshipType":"m4i_data_attribute_steward_assignment","relationshipGuid":"cb66a0a8-7adf-4bcf-bb03-ec7be4693953","relationshipStatus":"ACTIVE","relationshipAttributes":{"typeName":"m4i_data_attribute_steward_assignment"}}],"dataEntity":[{"guid":"818f6d40-b74d-4971-a039-efe8ccdc8f5b","typeName":"m4i_data_entity","entityStatus":"ACTIVE","displayText":"Internal","relationshipType":"m4i_data_entity_attribute_assignment","relationshipGuid":"26801df2-4e0a-4a42-bc6d-1237e57d8e86","relationshipStatus":"ACTIVE","relationshipAttributes":{"typeName":"m4i_data_entity_attribute_assignment"}}],"source":[{"guid":"2bee6dca-fea0-478b-824e-d97365d18bbe","typeName":"m4i_source","entityStatus":"ACTIVE","displayText":"/hr/hr/Data Dictionary_template.xlsm","relationshipType":"m4i_referenceable_source_assignment","relationshipGuid":"74f9fec3-bf66-471a-96ba-645e64945a4c","relationshipStatus":"ACTIVE","relationshipAttributes":{"typeName":"m4i_referenceable_source_assignment"}}],"fields":[{"guid":"fa03d0d2-f7b1-4758-95dd-cd14b5187d6f","typeName":"m4i_field","entityStatus":"ACTIVE","displayText":"PLACEMENT","relationshipType":"m4i_data_attribute_field_assignment","relationshipGuid":"1c969964-c7ce-4ee9-9022-8e813c58508a","relationshipStatus":"ACTIVE","relationshipAttributes":{"typeName":"m4i_data_attribute_field_assignment"}},{"guid":"bbfb2f23-3da2-4370-adc3-316becfaeee2","typeName":"m4i_elastic_field","entityStatus":"ACTIVE","displayText":"PLACEMENT","relationshipType":"m4i_data_attribute_field_assignment","relationshipGuid":"a2c31bf5-d0b7-4b13-95ae-4982c1bd19e6","relationshipStatus":"ACTIVE","relationshipAttributes":{"typeName":"m4i_data_attribute_field_assignment"}},{"guid":"95d8b812-3826-4908-baf1-be8e69aa0662","typeName":"m4i_kafka_field","entityStatus":"ACTIVE","displayText":"PLACEMENT","relationshipType":"m4i_data_attribute_field_assignment","relationshipGuid":"fa2e4b55-7898-4f55-9c99-9d553c906023","relationshipStatus":"ACTIVE","relationshipAttributes":{"typeName":"m4i_data_attribute_field_assignment"}}],"businessOwner":[{"guid":"45e581d9-452c-4d48-98e0-452b7a109efb","typeName":"m4i_person","entityStatus":"ACTIVE","displayText":"Merel Hofman","relationshipType":"m4i_data_attribute_business_owner_assignment","relationshipGuid":"7037f9c3-4e91-403a-8378-1303ee1db492","relationshipStatus":"ACTIVE","relationshipAttributes":{"typeName":"m4i_data_attribute_business_owner_assignment"}}],"meanings":[]},"classifications":[{"typeName":"key_data","entityGuid":"6fab80e8-2d32-4a2f-8668-74078a14764c","entityStatus":"ACTIVE","propagate":true,"validityPeriods":[],"removePropagationsOnEntityDelete":true},{"typeName":"low_risk","entityGuid":"6fab80e8-2d32-4a2f-8668-74078a14764c","entityStatus":"ACTIVE","propagate":true,"validityPeriods":[],"removePropagationsOnEntityDelete":true}],"labels":[],"proxy":false}}