{"referredEntities":{},"entity":{"typeName":"m4i_person","attributes":{"archimateReference":[],"replicatedTo":null,"replicatedFrom":null,"qualifiedName":"eveline.daphne@email.com","name":"Eveline Daphne","source":[],"email":"eveline.daphne@email.com"},"guid":"744dc435-d410-4196-9437-20c622c160f3","isIncomplete":false,"provenanceType":0,"status":"ACTIVE","createdBy":"admin","updatedBy":"admin","createTime":1656521943868,"updateTime":1663931063480,"version":0,"relationshipAttributes":{"indexPatterns":[],"stewardAttribute":[],"ArchiMateReference":[],"visualizations":[],"domainLead":[{"guid":"6f3a7542-9f15-4753-bb19-65d29fcdc330","typeName":"m4i_data_domain","entityStatus":"ACTIVE","displayText":"Finance","relationshipType":"m4i_domainLead_assignment","relationshipGuid":"1ae405af-89b7-4664-b67a-ad6b84c2fb1d","relationshipStatus":"ACTIVE","relationshipAttributes":{"typeName":"m4i_domainLead_assignment"}}],"businessOwnerAttribute":[],"source":[{"guid":"2bee6dca-fea0-478b-824e-d97365d18bbe","typeName":"m4i_source","entityStatus":"ACTIVE","displayText":"/hr/hr/Data Dictionary_template.xlsm","relationshipType":"m4i_referenceable_source_assignment","relationshipGuid":"35d0021b-ab4b-44f5-9f34-8bcf8c173fb6","relationshipStatus":"ACTIVE","relationshipAttributes":{"typeName":"m4i_referenceable_source_assignment"}}],"dashboards":[],"stewardEntity":[],"meanings":[],"businessOwnerEntity":[],"ProcessOwner":[]},"labels":[],"proxy":false}}