{"referredEntities":{},"entity":{"typeName":"m4i_kibana_space","attributes":{"elasticCluster":[{"guid":"1db6be14-690e-4a7d-9d16-ac79ae83edbb","typeName":"m4i_elastic_cluster","uniqueAttributes":{"qualifiedName":"elas1"}}],"archimateReference":[],"replicatedTo":null,"replicatedFrom":null,"systems":[],"qualifiedName":"elas1--kib1-hourly","name":"kib1-hourly","avatarInitials":"BE","definition":null,"source":[],"datasets":[],"avatarColor":"#670"},"guid":"748d58a6-9d7f-4d2d-82e7-0559dd4fdd16","isIncomplete":false,"provenanceType":0,"status":"ACTIVE","createdBy":"admin","updatedBy":"admin","createTime":1663930179687,"updateTime":1663931063480,"version":0,"relationshipAttributes":{"ArchiMateReference":[],"elasticCluster":[{"guid":"1db6be14-690e-4a7d-9d16-ac79ae83edbb","typeName":"m4i_elastic_cluster","entityStatus":"ACTIVE","displayText":"elas1","relationshipType":"m4i_kibana_space_assignment","relationshipGuid":"8873b743-5f37-45f5-be92-d60ac1360244","relationshipStatus":"ACTIVE","relationshipAttributes":{"typeName":"m4i_kibana_space_assignment"}}],"systems":[{"guid":"1db6be14-690e-4a7d-9d16-ac79ae83edbb","typeName":"m4i_elastic_cluster","entityStatus":"ACTIVE","displayText":"elas1","relationshipType":"m4i_collection_assignment","relationshipGuid":"750659ab-c338-4af1-891f-40ee49e124e3","relationshipStatus":"ACTIVE","relationshipAttributes":{"typeName":"m4i_collection_assignment"}}],"datasets":[],"source":[],"dashboards":[{"guid":"1c04ab3e-f885-4264-a32f-32321df38ecf","typeName":"m4i_dashboard","entityStatus":"ACTIVE","displayText":"plant hourly dashboard","relationshipType":"m4i_kibana_space_dashboard_assignment","relationshipGuid":"c5c40efc-6861-4b0a-8688-12c221dbd65d","relationshipStatus":"ACTIVE","relationshipAttributes":{"typeName":"m4i_kibana_space_dashboard_assignment"}}],"meanings":[]},"labels":[],"proxy":false}}