{"referredEntities":{},"entity":{"typeName":"m4i_data_attribute","attributes":{"archimateReference":[],"replicatedTo":null,"replicatedFrom":null,"steward":[{"guid":"265dad2b-2fc0-44c3-a828-06476d5f1e38","typeName":"m4i_person","uniqueAttributes":{"qualifiedName":"iris.jacobs@email.com","email":"iris.jacobs@email.com"}}],"qualifiedName":"plant-data--downtime-events--valuestreamname","dataEntity":[{"guid":"fd88a9c5-9393-4843-85db-7881c68d9134","typeName":"m4i_data_entity","uniqueAttributes":{"qualifiedName":"plant-data--downtime-events"}}],"source":[],"isKeyData":"No","hasPII":null,"attributeType":"Text","name":"ValueStreamName","definition":"This attribute corresponds to the ValueStreamId","riskClassification":"Low","fields":[{"guid":"2a0cd757-7ca9-4094-8857-c6301732658a","typeName":"m4i_field","uniqueAttributes":{"qualifiedName":"nl3--nl3plant--nl3plant002--valuestreamname"}}],"businessOwner":[{"guid":"dc408458-fd6d-4080-a324-9900585d1146","typeName":"m4i_person","uniqueAttributes":{"qualifiedName":"jane.martens@email.com","email":"jane.martens@email.com"}}]},"guid":"74c82586-a392-4f26-b32e-7cd555d41f9d","isIncomplete":false,"provenanceType":0,"status":"ACTIVE","createdBy":"admin","updatedBy":"admin","createTime":1656521955001,"updateTime":1663927932384,"version":0,"relationshipAttributes":{"ArchiMateReference":[],"steward":[{"guid":"265dad2b-2fc0-44c3-a828-06476d5f1e38","typeName":"m4i_person","entityStatus":"ACTIVE","displayText":"Iris Jacobs","relationshipType":"m4i_data_attribute_steward_assignment","relationshipGuid":"46e8c860-4fe1-41de-8570-465339779a53","relationshipStatus":"ACTIVE","relationshipAttributes":{"typeName":"m4i_data_attribute_steward_assignment"}}],"dataEntity":[{"guid":"fd88a9c5-9393-4843-85db-7881c68d9134","typeName":"m4i_data_entity","entityStatus":"ACTIVE","displayText":"downtime events","relationshipType":"m4i_data_entity_attribute_assignment","relationshipGuid":"5c1b5b45-827d-423d-aa08-623e9a9a47af","relationshipStatus":"ACTIVE","relationshipAttributes":{"typeName":"m4i_data_entity_attribute_assignment"}}],"source":[{"guid":"2bee6dca-fea0-478b-824e-d97365d18bbe","typeName":"m4i_source","entityStatus":"ACTIVE","displayText":"/hr/hr/Data Dictionary_template.xlsm","relationshipType":"m4i_referenceable_source_assignment","relationshipGuid":"03d889a4-16c1-4675-b530-35b9dd21bf7f","relationshipStatus":"ACTIVE","relationshipAttributes":{"typeName":"m4i_referenceable_source_assignment"}}],"fields":[{"guid":"2a0cd757-7ca9-4094-8857-c6301732658a","typeName":"m4i_field","entityStatus":"ACTIVE","displayText":"ValueStreamName","relationshipType":"m4i_data_attribute_field_assignment","relationshipGuid":"90b071ed-5d8a-4915-98ac-a8fee1244598","relationshipStatus":"ACTIVE","relationshipAttributes":{"typeName":"m4i_data_attribute_field_assignment"}}],"businessOwner":[{"guid":"dc408458-fd6d-4080-a324-9900585d1146","typeName":"m4i_person","entityStatus":"ACTIVE","displayText":"Jane Martens","relationshipType":"m4i_data_attribute_business_owner_assignment","relationshipGuid":"80a812f9-364a-4017-a659-1ccf51f88c75","relationshipStatus":"ACTIVE","relationshipAttributes":{"typeName":"m4i_data_attribute_business_owner_assignment"}}],"meanings":[]},"classifications":[{"typeName":"low_risk","entityGuid":"74c82586-a392-4f26-b32e-7cd555d41f9d","entityStatus":"ACTIVE","propagate":true,"validityPeriods":[],"removePropagationsOnEntityDelete":true}],"labels":[],"proxy":false}}