{"referredEntities":{},"entity":{"typeName":"m4i_connector_process","attributes":{"owner":null,"outputs":[{"guid":"8e146f38-013e-4935-84aa-8d59a5539d3d","typeName":"m4i_elastic_index","uniqueAttributes":{"qualifiedName":"elas1--hourly"}}],"server":"cc1","connectorType":"sink","archimateReference":[],"replicatedTo":null,"userDescription":null,"replicatedFrom":null,"qualifiedName":"kaf1-hr--sink-connector--hourly","displayName":null,"inputs":[{"guid":"d23a7a85-7666-4726-b1c1-ab85df2f1312","typeName":"m4i_kafka_topic","uniqueAttributes":{"qualifiedName":"cc1--kaf1--kaf1-hr--hourly"}}],"description":"Sink connector for kafka topic to elastic index for plant change data","source":[],"processOwner":[],"name":"Hourly sink connector"},"guid":"7e86bbb8-b959-46e2-a54e-2f964eb54e57","isIncomplete":false,"provenanceType":0,"status":"ACTIVE","createdBy":"admin","updatedBy":"admin","createTime":1663930130785,"updateTime":1663931063480,"version":0,"relationshipAttributes":{"outputs":[{"guid":"8e146f38-013e-4935-84aa-8d59a5539d3d","typeName":"m4i_elastic_index","entityStatus":"ACTIVE","displayText":"hourly","relationshipType":"process_dataset_outputs","relationshipGuid":"1719d337-70a4-4a8d-bf44-2258a1d6f554","relationshipStatus":"ACTIVE","relationshipAttributes":{"typeName":"process_dataset_outputs"}}],"ArchiMateReference":[],"processOwner":[],"inputs":[{"guid":"d23a7a85-7666-4726-b1c1-ab85df2f1312","typeName":"m4i_kafka_topic","entityStatus":"ACTIVE","displayText":"hourly","relationshipType":"dataset_process_inputs","relationshipGuid":"bde3fdb5-3494-423e-8e3f-0c7dbdc09eaa","relationshipStatus":"ACTIVE","relationshipAttributes":{"typeName":"dataset_process_inputs"}}],"source":[],"meanings":[]},"labels":[],"proxy":false}}