{"referredEntities":{},"entity":{"typeName":"m4i_generic_process","attributes":{"owner":null,"outputs":[{"guid":"2337c1fc-e3d7-4e04-a5f5-181df03e113d","typeName":"m4i_visualization","uniqueAttributes":{"qualifiedName":"kib1-hourly-table"}}],"archimateReference":[],"replicatedTo":null,"userDescription":null,"replicatedFrom":null,"qualifiedName":"kib1-hourly-index--kib1-hourly-table","displayName":null,"inputs":[{"guid":"a3d5ab59-783e-4bdb-868d-bfff41181745","typeName":"m4i_index_pattern","uniqueAttributes":{"qualifiedName":"kib1-hourly-index"}}],"description":null,"source":[],"processOwner":[],"name":"Used in table visualization"},"guid":"7e8cdb5d-ce8b-462e-b56b-4da6aa829645","isIncomplete":false,"provenanceType":0,"status":"ACTIVE","createdBy":"admin","updatedBy":"admin","createTime":1663930632469,"updateTime":1663931063480,"version":0,"relationshipAttributes":{"outputs":[{"guid":"2337c1fc-e3d7-4e04-a5f5-181df03e113d","typeName":"m4i_visualization","entityStatus":"ACTIVE","displayText":"table","relationshipType":"process_dataset_outputs","relationshipGuid":"6a1e7a81-a07c-45c7-a186-b918c634797f","relationshipStatus":"ACTIVE","relationshipAttributes":{"typeName":"process_dataset_outputs"}}],"ArchiMateReference":[],"processOwner":[],"inputs":[{"guid":"a3d5ab59-783e-4bdb-868d-bfff41181745","typeName":"m4i_index_pattern","entityStatus":"ACTIVE","displayText":"plant hourly","relationshipType":"dataset_process_inputs","relationshipGuid":"74864064-b156-4229-84f5-e8ede44003fc","relationshipStatus":"ACTIVE","relationshipAttributes":{"typeName":"dataset_process_inputs"}}],"source":[],"meanings":[]},"labels":[],"proxy":false}}