{"referredEntities":{},"entity":{"typeName":"m4i_data_attribute","attributes":{"archimateReference":[],"replicatedTo":null,"replicatedFrom":null,"steward":[{"guid":"55520e1f-52a3-4696-97e5-b5879323b53a","typeName":"m4i_person","uniqueAttributes":{"qualifiedName":"harper.taylor@email.com","email":"harper.taylor@email.com"}}],"qualifiedName":"personnel-and-organization--personnel--external--full-time-equivalent","dataEntity":[{"guid":"c0af931d-1cd3-4ecb-970f-ab804d289ada","typeName":"m4i_data_entity","uniqueAttributes":{"qualifiedName":"personnel-and-organization--personnel--external"}}],"source":[],"isKeyData":"Yes","hasPII":null,"attributeType":"Numeric","name":"Full Time Equivalent","definition":"This attribute contains the size with which an employee fulfills a position, which is expressed from 0 to 1 is FTE (full-time equivalent). One FTE is a full working week.","riskClassification":"Low","fields":[{"guid":"f4c7440d-e98d-4beb-ba58-e211a6c0d367","typeName":"m4i_field","uniqueAttributes":{"qualifiedName":"nl1--nl1hr--nl1hr001--fte"}},{"guid":"30b4f02e-b033-4c8c-a4ab-f591115b8cd7","typeName":"m4i_elastic_field","uniqueAttributes":{"qualifiedName":"elas1--hr--FTE"}},{"guid":"255ccd2b-5cac-4d89-a63d-9a9323a59e1e","typeName":"m4i_kafka_field","uniqueAttributes":{"qualifiedName":"cc1--kaf1--kaf1-hr--change-event--payload--payload--fte"}}],"businessOwner":[{"guid":"665870e3-92cb-4dae-b58e-f4db45a7af38","typeName":"m4i_person","uniqueAttributes":{"qualifiedName":"summer.reid@email.com","email":"summer.reid@email.com"}}]},"guid":"8436e4d8-2974-4149-bcaa-3579bf8626a9","isIncomplete":false,"provenanceType":0,"status":"ACTIVE","createdBy":"admin","updatedBy":"admin","createTime":1656521955001,"updateTime":1663927932384,"version":0,"relationshipAttributes":{"ArchiMateReference":[],"steward":[{"guid":"55520e1f-52a3-4696-97e5-b5879323b53a","typeName":"m4i_person","entityStatus":"ACTIVE","displayText":"Harper Taylor","relationshipType":"m4i_data_attribute_steward_assignment","relationshipGuid":"142cd7a5-a9f3-4e2b-883a-2421f6340a51","relationshipStatus":"ACTIVE","relationshipAttributes":{"typeName":"m4i_data_attribute_steward_assignment"}}],"dataEntity":[{"guid":"c0af931d-1cd3-4ecb-970f-ab804d289ada","typeName":"m4i_data_entity","entityStatus":"ACTIVE","displayText":"External","relationshipType":"m4i_data_entity_attribute_assignment","relationshipGuid":"aae2a9b3-e17d-49b0-beba-5b9d9a1dafad","relationshipStatus":"ACTIVE","relationshipAttributes":{"typeName":"m4i_data_entity_attribute_assignment"}}],"source":[{"guid":"2bee6dca-fea0-478b-824e-d97365d18bbe","typeName":"m4i_source","entityStatus":"ACTIVE","displayText":"/hr/hr/Data Dictionary_template.xlsm","relationshipType":"m4i_referenceable_source_assignment","relationshipGuid":"addf3c9c-7db2-47e2-8aca-5497b0985512","relationshipStatus":"ACTIVE","relationshipAttributes":{"typeName":"m4i_referenceable_source_assignment"}}],"fields":[{"guid":"f4c7440d-e98d-4beb-ba58-e211a6c0d367","typeName":"m4i_field","entityStatus":"ACTIVE","displayText":"FTE","relationshipType":"m4i_data_attribute_field_assignment","relationshipGuid":"542ed454-104a-4bd1-b425-e7d5a15350e8","relationshipStatus":"ACTIVE","relationshipAttributes":{"typeName":"m4i_data_attribute_field_assignment"}},{"guid":"30b4f02e-b033-4c8c-a4ab-f591115b8cd7","typeName":"m4i_elastic_field","entityStatus":"ACTIVE","displayText":"FTE","relationshipType":"m4i_data_attribute_field_assignment","relationshipGuid":"dd2e4d52-1d5b-4ec8-ad5d-8be6c14f0a76","relationshipStatus":"ACTIVE","relationshipAttributes":{"typeName":"m4i_data_attribute_field_assignment"}},{"guid":"255ccd2b-5cac-4d89-a63d-9a9323a59e1e","typeName":"m4i_kafka_field","entityStatus":"ACTIVE","displayText":"FTE","relationshipType":"m4i_data_attribute_field_assignment","relationshipGuid":"9353777e-c6ed-4a76-9164-cd4747d5eb15","relationshipStatus":"ACTIVE","relationshipAttributes":{"typeName":"m4i_data_attribute_field_assignment"}}],"businessOwner":[{"guid":"665870e3-92cb-4dae-b58e-f4db45a7af38","typeName":"m4i_person","entityStatus":"ACTIVE","displayText":"Summer Reid","relationshipType":"m4i_data_attribute_business_owner_assignment","relationshipGuid":"4d28c9e4-ecf0-45b8-9c46-371ef46d7c66","relationshipStatus":"ACTIVE","relationshipAttributes":{"typeName":"m4i_data_attribute_business_owner_assignment"}}],"meanings":[]},"classifications":[{"typeName":"low_risk","entityGuid":"8436e4d8-2974-4149-bcaa-3579bf8626a9","entityStatus":"ACTIVE","propagate":true,"validityPeriods":[],"removePropagationsOnEntityDelete":true},{"typeName":"key_data","entityGuid":"8436e4d8-2974-4149-bcaa-3579bf8626a9","entityStatus":"ACTIVE","propagate":true,"validityPeriods":[],"removePropagationsOnEntityDelete":true}],"labels":[],"proxy":false}}