{"referredEntities":{},"entity":{"typeName":"m4i_elastic_field","attributes":{"archimateReference":[],"replicatedTo":null,"replicatedFrom":null,"hasContent":null,"steward":[],"qualifiedName":"elas1--hr--ORGANISATION","source":[],"datasets":[],"parentField":[],"optionalField":null,"name":"ORGANISATION","definition":null,"attributes":[],"fieldType":"keyword","childField":[]},"guid":"8803c8a0-3270-446a-8f79-2498c71e2ecf","isIncomplete":false,"provenanceType":0,"status":"ACTIVE","createdBy":"admin","updatedBy":"admin","createTime":1656522169104,"updateTime":1663931063480,"version":0,"relationshipAttributes":{"ArchiMateReference":[],"dataQuality":[],"attributes":[{"guid":"bb7eb559-447e-4acf-824b-b66b7473c769","typeName":"m4i_data_attribute","entityStatus":"ACTIVE","displayText":"Organization","relationshipType":"m4i_data_attribute_field_assignment","relationshipGuid":"ac23b4f8-a7b6-4b05-a08d-c3beb7e74651","relationshipStatus":"ACTIVE","relationshipAttributes":{"typeName":"m4i_data_attribute_field_assignment"}}],"datasets":[{"guid":"3a9efda8-6721-4aaa-a71d-cf00349895fd","typeName":"m4i_elastic_index","entityStatus":"ACTIVE","displayText":"hr","relationshipType":"m4i_field_assignment","relationshipGuid":"18808a94-74f1-4ad5-b55f-b57e94085fd0","relationshipStatus":"ACTIVE","relationshipAttributes":{"typeName":"m4i_field_assignment","attributes":{"typeInformation":null}}}],"source":[],"meanings":[],"parentField":[],"childField":[]},"classifications":[{"typeName":"key_data","entityGuid":"bb7eb559-447e-4acf-824b-b66b7473c769","entityStatus":"ACTIVE","propagate":true,"validityPeriods":[],"removePropagationsOnEntityDelete":true},{"typeName":"low_risk","entityGuid":"bb7eb559-447e-4acf-824b-b66b7473c769","entityStatus":"ACTIVE","propagate":true,"validityPeriods":[],"removePropagationsOnEntityDelete":true}],"labels":[],"proxy":false}}