{"referredEntities":{},"entity":{"typeName":"m4i_data_quality","attributes":{"owner":null,"archimateReference":[],"expression":"completeness('ORGANISATION')","replicatedTo":null,"userDescription":null,"replicatedFrom":null,"qualifiedName":"nl1--nl1hr--nl1hr001--organization--6","displayName":null,"description":null,"active":true,"source":[],"businessRuleDescription":"","ruleDescription":"This field has to be filled at all times","name":"nl1--nl1hr--nl1hr001--organization--6","filterRequired":true,"id":6,"qualityDimension":"Completeness","expressionVersion":"1","fields":[{"guid":"a1bd5ef8-9b3f-4d1a-848d-7eba1c9229d6","typeName":"m4i_field","uniqueAttributes":{"qualifiedName":"nl1--nl1hr--nl1hr001--organization"}}]},"guid":"8b929a46-7a1c-4a91-967d-9887895e5898","isIncomplete":false,"provenanceType":0,"status":"ACTIVE","createdBy":"admin","updatedBy":"admin","createTime":1656522080758,"updateTime":1663931063480,"version":0,"relationshipAttributes":{"inputToProcesses":[],"pipeline":null,"schema":[],"ArchiMateReference":[],"model":null,"source":[{"guid":"2bee6dca-fea0-478b-824e-d97365d18bbe","typeName":"m4i_source","entityStatus":"ACTIVE","displayText":"/hr/hr/Data Dictionary_template.xlsm","relationshipType":"m4i_referenceable_source_assignment","relationshipGuid":"c2948c5d-a34b-46c5-9137-b80c0d1d8751","relationshipStatus":"ACTIVE","relationshipAttributes":{"typeName":"m4i_referenceable_source_assignment"}}],"fields":[{"guid":"a1bd5ef8-9b3f-4d1a-848d-7eba1c9229d6","typeName":"m4i_field","entityStatus":"ACTIVE","displayText":"ORGANIZATION","relationshipType":"m4i_data_quality_field_assignment","relationshipGuid":"7ca992cb-dfa8-459f-8223-78622f85e2ed","relationshipStatus":"ACTIVE","relationshipAttributes":{"typeName":"m4i_data_quality_field_assignment"}}],"meanings":[],"outputFromProcesses":[]},"labels":[],"proxy":false}}