{"referredEntities":{},"entity":{"typeName":"m4i_data_quality","attributes":{"owner":null,"archimateReference":[],"expression":"range('FTE', 0 , 1)","replicatedTo":null,"userDescription":null,"replicatedFrom":null,"qualifiedName":"nl1--nl1hr--nl1hr001--fte--11","displayName":null,"description":null,"active":true,"source":[],"businessRuleDescription":"","ruleDescription":"This field has to be larger or equal to 0 and smaller or equal to 1","name":"nl1--nl1hr--nl1hr001--fte--11","filterRequired":true,"id":11,"qualityDimension":"Accuracy","expressionVersion":"1","fields":[{"guid":"f4c7440d-e98d-4beb-ba58-e211a6c0d367","typeName":"m4i_field","uniqueAttributes":{"qualifiedName":"nl1--nl1hr--nl1hr001--fte"}}]},"guid":"8c76f105-a3bd-438e-80cd-b72c4f35aedc","isIncomplete":false,"provenanceType":0,"status":"ACTIVE","createdBy":"admin","updatedBy":"admin","createTime":1656522080758,"updateTime":1663931063480,"version":0,"relationshipAttributes":{"inputToProcesses":[],"pipeline":null,"schema":[],"ArchiMateReference":[],"model":null,"source":[{"guid":"2bee6dca-fea0-478b-824e-d97365d18bbe","typeName":"m4i_source","entityStatus":"ACTIVE","displayText":"/hr/hr/Data Dictionary_template.xlsm","relationshipType":"m4i_referenceable_source_assignment","relationshipGuid":"84534d8e-dece-4b69-a5dd-1734d8ebac03","relationshipStatus":"ACTIVE","relationshipAttributes":{"typeName":"m4i_referenceable_source_assignment"}}],"fields":[{"guid":"f4c7440d-e98d-4beb-ba58-e211a6c0d367","typeName":"m4i_field","entityStatus":"ACTIVE","displayText":"FTE","relationshipType":"m4i_data_quality_field_assignment","relationshipGuid":"c949055e-63c0-41c6-8ecb-2739d1518301","relationshipStatus":"ACTIVE","relationshipAttributes":{"typeName":"m4i_data_quality_field_assignment"}}],"meanings":[],"outputFromProcesses":[]},"labels":[],"proxy":false}}