{"referredEntities":{},"entity":{"typeName":"m4i_data_quality","attributes":{"owner":null,"archimateReference":[],"expression":"Completeness('assetid')","replicatedTo":null,"userDescription":null,"replicatedFrom":null,"qualifiedName":"nl3--nl3plant--nl3plant001--assetid--11","displayName":null,"description":null,"active":true,"source":[],"businessRuleDescription":"","ruleDescription":"This field must be filled at all times","name":"nl3--nl3plant--nl3plant001--assetid--11","filterRequired":true,"id":11,"qualityDimension":"Completeness","expressionVersion":"","fields":[{"guid":"fc962da8-121a-40fe-a0b2-1377cbae26ad","typeName":"m4i_field","uniqueAttributes":{"qualifiedName":"nl3--nl3plant--nl3plant001--assetid"}}]},"guid":"8c9035d1-4782-41a1-9f35-74b5b6cb1338","isIncomplete":false,"status":"ACTIVE","createdBy":"admin","updatedBy":"admin","createTime":1666701543730,"updateTime":1666701543730,"version":0,"relationshipAttributes":{"inputToProcesses":[],"pipeline":null,"schema":[],"ArchiMateReference":[],"model":null,"source":[{"guid":"76c08811-3d6f-4c96-8716-d1c2eea338ca","typeName":"m4i_source","entityStatus":"ACTIVE","displayText":"Plant","relationshipType":"m4i_referenceable_source_assignment","relationshipGuid":"e7572ba1-a53c-4aa0-964d-c6612a42e44f","relationshipStatus":"ACTIVE","relationshipAttributes":{"typeName":"m4i_referenceable_source_assignment"}}],"fields":[{"guid":"fc962da8-121a-40fe-a0b2-1377cbae26ad","typeName":"m4i_field","entityStatus":"ACTIVE","displayText":"AssetId","relationshipType":"m4i_data_quality_field_assignment","relationshipGuid":"4da34ec7-4af6-4b49-bbd6-47896f56b99e","relationshipStatus":"ACTIVE","relationshipAttributes":{"typeName":"m4i_data_quality_field_assignment"}}],"meanings":[],"outputFromProcesses":[]},"labels":[]}}