{"referredEntities":{},"entity":{"typeName":"m4i_generic_process","attributes":{"owner":null,"outputs":[{"guid":"cdcd293d-2236-47a9-b3b4-9c0d130c7f30","typeName":"m4i_visualization","uniqueAttributes":{"qualifiedName":"kib1-hourly-bar-graph"}}],"archimateReference":[],"replicatedTo":null,"userDescription":null,"replicatedFrom":null,"qualifiedName":"kib1-hourly-index--kib1-hourly-bar-graph","displayName":null,"inputs":[{"guid":"a3d5ab59-783e-4bdb-868d-bfff41181745","typeName":"m4i_index_pattern","uniqueAttributes":{"qualifiedName":"kib1-hourly-index"}}],"description":null,"source":[],"processOwner":[],"name":"Used in bar visualization"},"guid":"8d8894f4-3f44-4f67-b68c-e3c527951b43","isIncomplete":false,"provenanceType":0,"status":"ACTIVE","createdBy":"admin","updatedBy":"admin","createTime":1663930622302,"updateTime":1663931063480,"version":0,"relationshipAttributes":{"outputs":[{"guid":"cdcd293d-2236-47a9-b3b4-9c0d130c7f30","typeName":"m4i_visualization","entityStatus":"ACTIVE","displayText":"bar-graph","relationshipType":"process_dataset_outputs","relationshipGuid":"201d3bae-9ed9-4aac-9ec2-5fce1e0443e4","relationshipStatus":"ACTIVE","relationshipAttributes":{"typeName":"process_dataset_outputs"}}],"ArchiMateReference":[],"processOwner":[],"inputs":[{"guid":"a3d5ab59-783e-4bdb-868d-bfff41181745","typeName":"m4i_index_pattern","entityStatus":"ACTIVE","displayText":"plant hourly","relationshipType":"dataset_process_inputs","relationshipGuid":"67c98b76-8478-438d-bc66-5d10e7ec720e","relationshipStatus":"ACTIVE","relationshipAttributes":{"typeName":"dataset_process_inputs"}}],"source":[],"meanings":[]},"labels":[],"proxy":false}}