{"referredEntities":{},"entity":{"typeName":"m4i_elastic_index","attributes":{"owner":null,"archimateReference":[],"replicatedTo":null,"userDescription":null,"replicatedFrom":null,"qualifiedName":"elas1--hourly","displayName":null,"description":null,"source":[],"parentDataset":[],"childDataset":[],"collections":[],"name":"hourly","definition":null,"fields":[]},"guid":"8e146f38-013e-4935-84aa-8d59a5539d3d","isIncomplete":false,"provenanceType":0,"status":"ACTIVE","createdBy":"admin","updatedBy":"admin","createTime":1663930105074,"updateTime":1663931063480,"version":0,"relationshipAttributes":{"inputToProcesses":[{"guid":"6a99a666-b155-466b-b9d9-0708248420f8","typeName":"m4i_generic_process","entityStatus":"ACTIVE","displayText":"Queried for","relationshipType":"dataset_process_inputs","relationshipGuid":"5c04f99b-28cd-4ea7-8075-529b4ffa6075","relationshipStatus":"ACTIVE","relationshipAttributes":{"typeName":"dataset_process_inputs"}}],"pipeline":null,"schema":[],"ArchiMateReference":[],"childDataset":[],"collections":[{"guid":"13e70e33-8a59-4c1f-a367-228870bed138","typeName":"m4i_collection","entityStatus":"ACTIVE","displayText":"elas1--data","relationshipType":"m4i_dataset_assignment","relationshipGuid":"0c5460cd-543c-4537-a04a-59efa74cd0fa","relationshipStatus":"ACTIVE","relationshipAttributes":{"typeName":"m4i_dataset_assignment"}}],"model":null,"source":[],"fields":[{"guid":"565fffc9-eb4b-4186-b867-3b8c6e30d23b","typeName":"m4i_elastic_field","entityStatus":"ACTIVE","displayText":"minorstop","relationshipType":"m4i_field_assignment","relationshipGuid":"a6b14789-5854-4009-bd33-091f69413976","relationshipStatus":"ACTIVE","relationshipAttributes":{"typeName":"m4i_field_assignment","attributes":{"typeInformation":null}}},{"guid":"a0703119-0157-45a3-a91b-91eaf8ce9008","typeName":"m4i_elastic_field","entityStatus":"ACTIVE","displayText":"workorder","relationshipType":"m4i_field_assignment","relationshipGuid":"020d4606-262b-4b90-9622-220b01cbabab","relationshipStatus":"ACTIVE","relationshipAttributes":{"typeName":"m4i_field_assignment","attributes":{"typeInformation":null}}},{"guid":"fa70e73d-6aad-4ff9-be1c-7f03d2804e0e","typeName":"m4i_elastic_field","entityStatus":"ACTIVE","displayText":"partsperminute","relationshipType":"m4i_field_assignment","relationshipGuid":"2c93d4e5-2433-4ecb-9e9a-33f532d99e2e","relationshipStatus":"ACTIVE","relationshipAttributes":{"typeName":"m4i_field_assignment","attributes":{"typeInformation":null}}},{"guid":"2e66aea2-8f06-4026-9a76-cd95bd07e78f","typeName":"m4i_elastic_field","entityStatus":"ACTIVE","displayText":"site","relationshipType":"m4i_field_assignment","relationshipGuid":"33149d0c-c128-4e5c-b0c8-bc1eca8518ca","relationshipStatus":"ACTIVE","relationshipAttributes":{"typeName":"m4i_field_assignment","attributes":{"typeInformation":null}}},{"guid":"5301a445-2485-4858-aec6-bdb0d407cfea","typeName":"m4i_elastic_field","entityStatus":"ACTIVE","displayText":"equipmentstatus","relationshipType":"m4i_field_assignment","relationshipGuid":"7cab75e2-0888-4730-8ae0-83c6b0d5a1ab","relationshipStatus":"ACTIVE","relationshipAttributes":{"typeName":"m4i_field_assignment","attributes":{"typeInformation":null}}},{"guid":"c3f9a49c-a120-4e2c-be0a-0ffe45481b31","typeName":"m4i_elastic_field","entityStatus":"ACTIVE","displayText":"siteid","relationshipType":"m4i_field_assignment","relationshipGuid":"44a3ee10-6224-4d65-ab34-2fcd1d0aa962","relationshipStatus":"ACTIVE","relationshipAttributes":{"typeName":"m4i_field_assignment","attributes":{"typeInformation":null}}},{"guid":"54554ceb-80c7-4929-9038-abc81c979e5a","typeName":"m4i_elastic_field","entityStatus":"ACTIVE","displayText":"skuid","relationshipType":"m4i_field_assignment","relationshipGuid":"1bd3a978-0ae1-4905-8f67-bdbb25d09388","relationshipStatus":"ACTIVE","relationshipAttributes":{"typeName":"m4i_field_assignment","attributes":{"typeInformation":null}}},{"guid":"d12ea6d4-6083-42d9-92d1-94dd0c49586c","typeName":"m4i_elastic_field","entityStatus":"ACTIVE","displayText":"year","relationshipType":"m4i_field_assignment","relationshipGuid":"6166515a-79f5-4550-b39b-73e7ee52cb40","relationshipStatus":"ACTIVE","relationshipAttributes":{"typeName":"m4i_field_assignment","attributes":{"typeInformation":null}}},{"guid":"2dfbaf85-af6a-4189-a5c8-2bdd6decf32b","typeName":"m4i_elastic_field","entityStatus":"ACTIVE","displayText":"scheduleddowntime","relationshipType":"m4i_field_assignment","relationshipGuid":"b53a00f0-3c1e-40fe-a727-84da46845482","relationshipStatus":"ACTIVE","relationshipAttributes":{"typeName":"m4i_field_assignment","attributes":{"typeInformation":null}}},{"guid":"dda183b9-792e-451a-a369-5ace997ac1ac","typeName":"m4i_elastic_field","entityStatus":"ACTIVE","displayText":"plant","relationshipType":"m4i_field_assignment","relationshipGuid":"d72a1975-fa08-4643-9f83-c631c4dee01f","relationshipStatus":"ACTIVE","relationshipAttributes":{"typeName":"m4i_field_assignment","attributes":{"typeInformation":null}}},{"guid":"cb60b492-a2e3-497f-8c17-c6706bf207b5","typeName":"m4i_elastic_field","entityStatus":"ACTIVE","displayText":"hour","relationshipType":"m4i_field_assignment","relationshipGuid":"8a7d674b-bee0-4cd6-a4c4-55042cf8c811","relationshipStatus":"ACTIVE","relationshipAttributes":{"typeName":"m4i_field_assignment","attributes":{"typeInformation":null}}},{"guid":"e7dd2e4c-0cf4-440b-b51a-50c4ec119f6a","typeName":"m4i_elastic_field","entityStatus":"ACTIVE","displayText":"week","relationshipType":"m4i_field_assignment","relationshipGuid":"862030b3-7782-466d-b1a0-9b4042783fd2","relationshipStatus":"ACTIVE","relationshipAttributes":{"typeName":"m4i_field_assignment","attributes":{"typeInformation":null}}},{"guid":"34d484a1-e210-4f2a-a2a5-e85f4a895ee1","typeName":"m4i_elastic_field","entityStatus":"ACTIVE","displayText":"workorderid","relationshipType":"m4i_field_assignment","relationshipGuid":"618f404d-2d8a-4920-a817-d3a5913a2fb6","relationshipStatus":"ACTIVE","relationshipAttributes":{"typeName":"m4i_field_assignment","attributes":{"typeInformation":null}}},{"guid":"db75b4ae-84a4-48c0-a902-da3ff7528a8a","typeName":"m4i_elastic_field","entityStatus":"ACTIVE","displayText":"idletime","relationshipType":"m4i_field_assignment","relationshipGuid":"e961d032-6595-4a6c-b14f-66bb4c4341a2","relationshipStatus":"ACTIVE","relationshipAttributes":{"typeName":"m4i_field_assignment","attributes":{"typeInformation":null}}},{"guid":"74ab439e-021d-42ec-9627-0eba154df175","typeName":"m4i_elastic_field","entityStatus":"ACTIVE","displayText":"shiftname","relationshipType":"m4i_field_assignment","relationshipGuid":"2d11ed9f-3e74-432d-815b-4069c5110e90","relationshipStatus":"ACTIVE","relationshipAttributes":{"typeName":"m4i_field_assignment","attributes":{"typeInformation":null}}},{"guid":"80d1144a-fbde-4e9e-899b-b1f7856f880b","typeName":"m4i_elastic_field","entityStatus":"ACTIVE","displayText":"sku","relationshipType":"m4i_field_assignment","relationshipGuid":"d944fa30-944e-44d5-87a8-3bf20207e3e4","relationshipStatus":"ACTIVE","relationshipAttributes":{"typeName":"m4i_field_assignment","attributes":{"typeInformation":null}}},{"guid":"714e3f40-8668-41e3-8052-14b5d0e11935","typeName":"m4i_elastic_field","entityStatus":"ACTIVE","displayText":"workcenterid","relationshipType":"m4i_field_assignment","relationshipGuid":"de472cd0-5210-4cab-a03a-ac93dea1ef01","relationshipStatus":"ACTIVE","relationshipAttributes":{"typeName":"m4i_field_assignment","attributes":{"typeInformation":null}}},{"guid":"c5f70fe4-8a9b-4a95-893e-2de3127d667c","typeName":"m4i_elastic_field","entityStatus":"ACTIVE","displayText":"assettype","relationshipType":"m4i_field_assignment","relationshipGuid":"5a38eda6-1f11-4d84-94c0-b2a020e55f65","relationshipStatus":"ACTIVE","relationshipAttributes":{"typeName":"m4i_field_assignment","attributes":{"typeInformation":null}}},{"guid":"e6041090-b670-4c62-82e0-7460f3bb2ced","typeName":"m4i_elastic_field","entityStatus":"ACTIVE","displayText":"workcentername","relationshipType":"m4i_field_assignment","relationshipGuid":"405f756c-a0d9-4639-8a97-c3e36fa0d848","relationshipStatus":"ACTIVE","relationshipAttributes":{"typeName":"m4i_field_assignment","attributes":{"typeInformation":null}}},{"guid":"36780d13-5c49-47cc-a108-81b1180045a5","typeName":"m4i_elastic_field","entityStatus":"ACTIVE","displayText":"month","relationshipType":"m4i_field_assignment","relationshipGuid":"c8790104-d79c-4794-b3c6-a342d0492d90","relationshipStatus":"ACTIVE","relationshipAttributes":{"typeName":"m4i_field_assignment","attributes":{"typeInformation":null}}},{"guid":"2f7b9f1d-ce6a-4830-8587-baf6cfd65cae","typeName":"m4i_elastic_field","entityStatus":"ACTIVE","displayText":"uptime","relationshipType":"m4i_field_assignment","relationshipGuid":"6c0e39c7-41a2-4c4b-9855-0b39aa2ac0b4","relationshipStatus":"ACTIVE","relationshipAttributes":{"typeName":"m4i_field_assignment","attributes":{"typeInformation":null}}},{"guid":"bd32a4f3-c60d-4e10-b075-aa96d43f3554","typeName":"m4i_elastic_field","entityStatus":"ACTIVE","displayText":"shiftid","relationshipType":"m4i_field_assignment","relationshipGuid":"1a3d7224-f856-43a4-9b5a-c356a8722386","relationshipStatus":"ACTIVE","relationshipAttributes":{"typeName":"m4i_field_assignment","attributes":{"typeInformation":null}}},{"guid":"355f8ead-5159-4349-86a2-e505e52cb897","typeName":"m4i_elastic_field","entityStatus":"ACTIVE","displayText":"downtimeinminutes","relationshipType":"m4i_field_assignment","relationshipGuid":"c4ccb21a-83ab-4989-a1bd-d8c0d5f644c6","relationshipStatus":"ACTIVE","relationshipAttributes":{"typeName":"m4i_field_assignment","attributes":{"typeInformation":null}}},{"guid":"359ab492-b83f-41e9-bf63-5950d8ffa707","typeName":"m4i_elastic_field","entityStatus":"ACTIVE","displayText":"oee","relationshipType":"m4i_field_assignment","relationshipGuid":"b7d807e9-be1a-45df-8ebb-2142a936f5dc","relationshipStatus":"ACTIVE","relationshipAttributes":{"typeName":"m4i_field_assignment","attributes":{"typeInformation":null}}},{"guid":"d6b10167-0a2e-457c-89ff-5737440fd392","typeName":"m4i_elastic_field","entityStatus":"ACTIVE","displayText":"date","relationshipType":"m4i_field_assignment","relationshipGuid":"b8dc9a76-0c6b-4179-81cf-5ec8c5b84547","relationshipStatus":"ACTIVE","relationshipAttributes":{"typeName":"m4i_field_assignment","attributes":{"typeInformation":null}}},{"guid":"27260f65-0b3c-43a0-b1c4-1784f745bfc6","typeName":"m4i_elastic_field","entityStatus":"ACTIVE","displayText":"valuestreamname","relationshipType":"m4i_field_assignment","relationshipGuid":"dd3e2866-2114-4358-9f42-63015b411e7a","relationshipStatus":"ACTIVE","relationshipAttributes":{"typeName":"m4i_field_assignment","attributes":{"typeInformation":null}}},{"guid":"4150b7ca-d91e-4576-9368-9b7254b4c8be","typeName":"m4i_elastic_field","entityStatus":"ACTIVE","displayText":"assetname","relationshipType":"m4i_field_assignment","relationshipGuid":"55e13816-c83f-4a15-9b96-d6404fdee5cc","relationshipStatus":"ACTIVE","relationshipAttributes":{"typeName":"m4i_field_assignment","attributes":{"typeInformation":null}}},{"guid":"679e6a6f-662f-4889-a942-c7aaae256147","typeName":"m4i_elastic_field","entityStatus":"ACTIVE","displayText":"downtime","relationshipType":"m4i_field_assignment","relationshipGuid":"af093f42-73ad-4650-aec6-cb78f95b28da","relationshipStatus":"ACTIVE","relationshipAttributes":{"typeName":"m4i_field_assignment","attributes":{"typeInformation":null}}}],"parentDataset":[],"meanings":[],"outputFromProcesses":[{"guid":"7e86bbb8-b959-46e2-a54e-2f964eb54e57","typeName":"m4i_connector_process","entityStatus":"ACTIVE","displayText":"Hourly sink connector","relationshipType":"process_dataset_outputs","relationshipGuid":"1719d337-70a4-4a8d-bf44-2258a1d6f554","relationshipStatus":"ACTIVE","relationshipAttributes":{"typeName":"process_dataset_outputs"}}]},"labels":[],"proxy":false}}