{"referredEntities":{},"entity":{"typeName":"m4i_field","attributes":{"archimateReference":[],"replicatedTo":null,"replicatedFrom":null,"hasContent":null,"steward":[],"qualifiedName":"nl2--nl2proc--nl2proc001--mailpsc","source":[],"datasets":[{"guid":"04d4f33f-fd0d-46bc-8336-85f25f2916b2","typeName":"m4i_dataset","uniqueAttributes":{"qualifiedName":"nl2--nl2proc--nl2proc001"}}],"parentField":[],"optionalField":null,"name":"MailPSC","definition":null,"attributes":[{"guid":"1945b51b-0f13-4bcf-bd2b-e745d79248d0","typeName":"m4i_data_attribute","uniqueAttributes":{"qualifiedName":"procurement--company-contacts--purchasing-company-email-address"}}],"fieldType":"Text","childField":[]},"guid":"8e25fcb4-38aa-4858-ad89-9f38702fa8d9","isIncomplete":false,"provenanceType":0,"status":"ACTIVE","createdBy":"admin","updatedBy":"admin","createTime":1656522073615,"updateTime":1663927932384,"version":0,"relationshipAttributes":{"ArchiMateReference":[],"dataQuality":[],"attributes":[{"guid":"1945b51b-0f13-4bcf-bd2b-e745d79248d0","typeName":"m4i_data_attribute","entityStatus":"ACTIVE","displayText":"Purchasing company email address","relationshipType":"m4i_data_attribute_field_assignment","relationshipGuid":"5cae7fc8-29bc-4250-820d-dfcea8f8e269","relationshipStatus":"ACTIVE","relationshipAttributes":{"typeName":"m4i_data_attribute_field_assignment"}}],"datasets":[{"guid":"04d4f33f-fd0d-46bc-8336-85f25f2916b2","typeName":"m4i_dataset","entityStatus":"ACTIVE","displayText":"NL2-PROC-001","relationshipType":"m4i_field_assignment","relationshipGuid":"ace92096-f868-49be-b3ce-08cdde05b495","relationshipStatus":"ACTIVE","relationshipAttributes":{"typeName":"m4i_field_assignment","attributes":{"typeInformation":null}}}],"source":[{"guid":"2bee6dca-fea0-478b-824e-d97365d18bbe","typeName":"m4i_source","entityStatus":"ACTIVE","displayText":"/hr/hr/Data Dictionary_template.xlsm","relationshipType":"m4i_referenceable_source_assignment","relationshipGuid":"108ad0e3-be68-48c7-8207-9ee7e09338ab","relationshipStatus":"ACTIVE","relationshipAttributes":{"typeName":"m4i_referenceable_source_assignment"}}],"parentField":[],"meanings":[],"childField":[]},"classifications":[{"typeName":"key_data","entityGuid":"1945b51b-0f13-4bcf-bd2b-e745d79248d0","entityStatus":"ACTIVE","propagate":true,"validityPeriods":[],"removePropagationsOnEntityDelete":true},{"typeName":"low_risk","entityGuid":"1945b51b-0f13-4bcf-bd2b-e745d79248d0","entityStatus":"ACTIVE","propagate":true,"validityPeriods":[],"removePropagationsOnEntityDelete":true}],"labels":[],"proxy":false}}