{"referredEntities":{},"entity":{"typeName":"m4i_kafka_field","attributes":{"archimateReference":[],"replicatedTo":null,"replicatedFrom":null,"hasContent":null,"steward":[],"qualifiedName":"cc1--kaf1--kaf1-hr--change-event--id","source":[],"datasets":[],"parentField":[],"optionalField":null,"name":"id","definition":null,"attributes":[],"fieldType":"string","childField":[]},"guid":"8ec36db8-5f3e-4e46-b361-5c5a3e504cc0","isIncomplete":false,"provenanceType":0,"status":"ACTIVE","createdBy":"admin","updatedBy":"admin","createTime":1656522102741,"updateTime":1663931063480,"version":0,"relationshipAttributes":{"ArchiMateReference":[],"dataQuality":[],"attributes":[],"datasets":[{"guid":"c2ee75ac-b623-44cf-a43c-be03e194b5bd","typeName":"m4i_kafka_topic","entityStatus":"ACTIVE","displayText":"change-event","relationshipType":"m4i_field_assignment","relationshipGuid":"8b881cfe-cb60-4ada-81bd-15f939bb7608","relationshipStatus":"ACTIVE","relationshipAttributes":{"typeName":"m4i_field_assignment","attributes":{"typeInformation":null}}}],"source":[],"meanings":[],"parentField":[],"childField":[]},"labels":[],"proxy":false}}