{"referredEntities":{},"entity":{"typeName":"m4i_data_attribute","attributes":{"archimateReference":[],"replicatedTo":null,"replicatedFrom":null,"steward":[{"guid":"265dad2b-2fc0-44c3-a828-06476d5f1e38","typeName":"m4i_person","uniqueAttributes":{"qualifiedName":"iris.jacobs@email.com","email":"iris.jacobs@email.com"}}],"qualifiedName":"plant-data--hourly-data--minorstop","dataEntity":[{"guid":"19736d3b-e7c6-4f95-8ce6-a6f215eff467","typeName":"m4i_data_entity","uniqueAttributes":{"qualifiedName":"plant-data--hourly-data"}}],"source":[],"isKeyData":"Internal","hasPII":null,"attributeType":"Numeric","name":"MinorStop","definition":"This attribute yields the duration of the minor stop in seconds","riskClassification":"Low","fields":[{"guid":"88bf31c6-20a3-4931-9b77-08879430cbe7","typeName":"m4i_field","uniqueAttributes":{"qualifiedName":"nl3--nl3plant--nl3plant001--minorstop"}},{"guid":"565fffc9-eb4b-4186-b867-3b8c6e30d23b","typeName":"m4i_elastic_field","uniqueAttributes":{"qualifiedName":"elas1--hourly--minorstop"}},{"guid":"8d60c3bd-2da8-453d-9f12-0b0f262000f4","typeName":"m4i_kafka_field","uniqueAttributes":{"qualifiedName":"cc1--kaf1--kaf1-hr--hourly--cc1--kaf1--kaf1-hr--hourly--minorstop"}}],"businessOwner":[{"guid":"dc408458-fd6d-4080-a324-9900585d1146","typeName":"m4i_person","uniqueAttributes":{"qualifiedName":"jane.martens@email.com","email":"jane.martens@email.com"}}]},"guid":"980ef6fd-ca1a-46e6-a669-b5246cc1baca","isIncomplete":false,"provenanceType":0,"status":"ACTIVE","createdBy":"admin","updatedBy":"admin","createTime":1656521955001,"updateTime":1663930105074,"version":0,"relationshipAttributes":{"ArchiMateReference":[],"steward":[{"guid":"265dad2b-2fc0-44c3-a828-06476d5f1e38","typeName":"m4i_person","entityStatus":"ACTIVE","displayText":"Iris Jacobs","relationshipType":"m4i_data_attribute_steward_assignment","relationshipGuid":"3d529920-530d-4ee5-bda2-8dbdf3c69089","relationshipStatus":"ACTIVE","relationshipAttributes":{"typeName":"m4i_data_attribute_steward_assignment"}}],"dataEntity":[{"guid":"19736d3b-e7c6-4f95-8ce6-a6f215eff467","typeName":"m4i_data_entity","entityStatus":"ACTIVE","displayText":"hourly data","relationshipType":"m4i_data_entity_attribute_assignment","relationshipGuid":"a6fe3ccd-3d96-45dc-9cd0-9ebce5a32ae7","relationshipStatus":"ACTIVE","relationshipAttributes":{"typeName":"m4i_data_entity_attribute_assignment"}}],"source":[{"guid":"2bee6dca-fea0-478b-824e-d97365d18bbe","typeName":"m4i_source","entityStatus":"ACTIVE","displayText":"/hr/hr/Data Dictionary_template.xlsm","relationshipType":"m4i_referenceable_source_assignment","relationshipGuid":"bb601d92-8104-4130-85d3-3e36769241a2","relationshipStatus":"ACTIVE","relationshipAttributes":{"typeName":"m4i_referenceable_source_assignment"}}],"fields":[{"guid":"88bf31c6-20a3-4931-9b77-08879430cbe7","typeName":"m4i_field","entityStatus":"ACTIVE","displayText":"MinorStop","relationshipType":"m4i_data_attribute_field_assignment","relationshipGuid":"23b19e9d-e4b2-470f-9bb5-85f361d83e87","relationshipStatus":"ACTIVE","relationshipAttributes":{"typeName":"m4i_data_attribute_field_assignment"}},{"guid":"565fffc9-eb4b-4186-b867-3b8c6e30d23b","typeName":"m4i_elastic_field","entityStatus":"ACTIVE","displayText":"minorstop","relationshipType":"m4i_data_attribute_field_assignment","relationshipGuid":"39bf66ca-7871-47fa-bf34-6ef1c339d7d9","relationshipStatus":"ACTIVE","relationshipAttributes":{"typeName":"m4i_data_attribute_field_assignment"}},{"guid":"8d60c3bd-2da8-453d-9f12-0b0f262000f4","typeName":"m4i_kafka_field","entityStatus":"ACTIVE","displayText":"cc1--kaf1--kaf1-hr--hourly--minorstop","relationshipType":"m4i_data_attribute_field_assignment","relationshipGuid":"0c21ef76-f616-410d-a7c0-817f3e5e35e7","relationshipStatus":"ACTIVE","relationshipAttributes":{"typeName":"m4i_data_attribute_field_assignment"}}],"businessOwner":[{"guid":"dc408458-fd6d-4080-a324-9900585d1146","typeName":"m4i_person","entityStatus":"ACTIVE","displayText":"Jane Martens","relationshipType":"m4i_data_attribute_business_owner_assignment","relationshipGuid":"93c9c9fe-afdc-4c54-aea8-87b5b4deb008","relationshipStatus":"ACTIVE","relationshipAttributes":{"typeName":"m4i_data_attribute_business_owner_assignment"}}],"meanings":[]},"classifications":[{"typeName":"low_risk","entityGuid":"980ef6fd-ca1a-46e6-a669-b5246cc1baca","entityStatus":"ACTIVE","propagate":true,"validityPeriods":[],"removePropagationsOnEntityDelete":true}],"labels":[],"proxy":false}}