{"referredEntities":{},"entity":{"typeName":"m4i_data_attribute","attributes":{"archimateReference":[],"replicatedTo":null,"replicatedFrom":null,"steward":[{"guid":"265dad2b-2fc0-44c3-a828-06476d5f1e38","typeName":"m4i_person","uniqueAttributes":{"qualifiedName":"iris.jacobs@email.com","email":"iris.jacobs@email.com"}}],"qualifiedName":"plant-data--hourly-data--idletime","dataEntity":[{"guid":"19736d3b-e7c6-4f95-8ce6-a6f215eff467","typeName":"m4i_data_entity","uniqueAttributes":{"qualifiedName":"plant-data--hourly-data"}}],"source":[],"isKeyData":"Internal","hasPII":null,"attributeType":"Numeric","name":"IdleTime","definition":"This attribute yields the idle time of the machine(s) in seconds","riskClassification":"Low","fields":[{"guid":"c086ab8a-20e4-48ea-a2f8-95945764453d","typeName":"m4i_field","uniqueAttributes":{"qualifiedName":"nl3--nl3plant--nl3plant001--idletime"}},{"guid":"53b0e04b-5d2a-4e90-869f-a04c2dd9c2af","typeName":"m4i_kafka_field","uniqueAttributes":{"qualifiedName":"cc1--kaf1--kaf1-hr--hourly--cc1--kaf1--kaf1-hr--hourly--idletime"}},{"guid":"db75b4ae-84a4-48c0-a902-da3ff7528a8a","typeName":"m4i_elastic_field","uniqueAttributes":{"qualifiedName":"elas1--hourly--idletime"}}],"businessOwner":[{"guid":"dc408458-fd6d-4080-a324-9900585d1146","typeName":"m4i_person","uniqueAttributes":{"qualifiedName":"jane.martens@email.com","email":"jane.martens@email.com"}}]},"guid":"9865dffd-a5b5-4040-93a4-fc9317f28edb","isIncomplete":false,"provenanceType":0,"status":"ACTIVE","createdBy":"admin","updatedBy":"admin","createTime":1656521955001,"updateTime":1663930105074,"version":0,"relationshipAttributes":{"ArchiMateReference":[],"steward":[{"guid":"265dad2b-2fc0-44c3-a828-06476d5f1e38","typeName":"m4i_person","entityStatus":"ACTIVE","displayText":"Iris Jacobs","relationshipType":"m4i_data_attribute_steward_assignment","relationshipGuid":"2ececd24-1719-4ee7-970b-265f960d6518","relationshipStatus":"ACTIVE","relationshipAttributes":{"typeName":"m4i_data_attribute_steward_assignment"}}],"dataEntity":[{"guid":"19736d3b-e7c6-4f95-8ce6-a6f215eff467","typeName":"m4i_data_entity","entityStatus":"ACTIVE","displayText":"hourly data","relationshipType":"m4i_data_entity_attribute_assignment","relationshipGuid":"79f7bd98-97f2-45c3-96f9-d16c6a588529","relationshipStatus":"ACTIVE","relationshipAttributes":{"typeName":"m4i_data_entity_attribute_assignment"}}],"source":[{"guid":"2bee6dca-fea0-478b-824e-d97365d18bbe","typeName":"m4i_source","entityStatus":"ACTIVE","displayText":"/hr/hr/Data Dictionary_template.xlsm","relationshipType":"m4i_referenceable_source_assignment","relationshipGuid":"b9447cca-fedf-499e-ad79-fd85e2d5ff58","relationshipStatus":"ACTIVE","relationshipAttributes":{"typeName":"m4i_referenceable_source_assignment"}}],"fields":[{"guid":"c086ab8a-20e4-48ea-a2f8-95945764453d","typeName":"m4i_field","entityStatus":"ACTIVE","displayText":"IdleTime","relationshipType":"m4i_data_attribute_field_assignment","relationshipGuid":"47250783-1fc9-4e9f-a123-a4b8895f847c","relationshipStatus":"ACTIVE","relationshipAttributes":{"typeName":"m4i_data_attribute_field_assignment"}},{"guid":"53b0e04b-5d2a-4e90-869f-a04c2dd9c2af","typeName":"m4i_kafka_field","entityStatus":"ACTIVE","displayText":"cc1--kaf1--kaf1-hr--hourly--idletime","relationshipType":"m4i_data_attribute_field_assignment","relationshipGuid":"624aa3ae-38fc-4d60-ac99-0887adf877ee","relationshipStatus":"ACTIVE","relationshipAttributes":{"typeName":"m4i_data_attribute_field_assignment"}},{"guid":"db75b4ae-84a4-48c0-a902-da3ff7528a8a","typeName":"m4i_elastic_field","entityStatus":"ACTIVE","displayText":"idletime","relationshipType":"m4i_data_attribute_field_assignment","relationshipGuid":"43ca2b1b-1cda-4817-b3b2-b507234f29c6","relationshipStatus":"ACTIVE","relationshipAttributes":{"typeName":"m4i_data_attribute_field_assignment"}}],"businessOwner":[{"guid":"dc408458-fd6d-4080-a324-9900585d1146","typeName":"m4i_person","entityStatus":"ACTIVE","displayText":"Jane Martens","relationshipType":"m4i_data_attribute_business_owner_assignment","relationshipGuid":"e2a695da-33e4-4e57-9e20-e42eb62b2776","relationshipStatus":"ACTIVE","relationshipAttributes":{"typeName":"m4i_data_attribute_business_owner_assignment"}}],"meanings":[]},"classifications":[{"typeName":"low_risk","entityGuid":"9865dffd-a5b5-4040-93a4-fc9317f28edb","entityStatus":"ACTIVE","propagate":true,"validityPeriods":[],"removePropagationsOnEntityDelete":true}],"labels":[],"proxy":false}}