{"referredEntities":{},"entity":{"typeName":"m4i_data_attribute","attributes":{"archimateReference":[],"replicatedTo":null,"replicatedFrom":null,"steward":[{"guid":"4f4948ae-2df0-437d-8c6a-e9cba5db8063","typeName":"m4i_person","uniqueAttributes":{"qualifiedName":"cornelis.kramer@email.com","email":"cornelis.kramer@email.com"}}],"qualifiedName":"personnel-and-organization--personnel--internal--hierarchical-organization","dataEntity":[{"guid":"818f6d40-b74d-4971-a039-efe8ccdc8f5b","typeName":"m4i_data_entity","uniqueAttributes":{"qualifiedName":"personnel-and-organization--personnel--internal"}}],"source":[],"isKeyData":"Yes","hasPII":null,"attributeType":"Text","name":"Hierarchical Organization","definition":"This attribute describes the solid-line reporting, direct reporting relationship between a supervisor and a subordinate employee. The hierarchical lead covers mainly daily operations.","riskClassification":"Low","fields":[{"guid":"85473bfd-c6bb-48b6-996e-33ba7576b810","typeName":"m4i_elastic_field","uniqueAttributes":{"qualifiedName":"elas1--hr--HIER_ORG"}},{"guid":"cc4e0ba3-68f6-4e32-bcd9-5d7939a019eb","typeName":"m4i_kafka_field","uniqueAttributes":{"qualifiedName":"cc1--kaf1--kaf1-hr--change-event--payload--payload--hier_org"}},{"guid":"0df94338-1afc-455c-b9d5-c3d0e36d1dac","typeName":"m4i_field","uniqueAttributes":{"qualifiedName":"nl1--nl1hr--nl1hr001--hier_organization"}}],"businessOwner":[{"guid":"45e581d9-452c-4d48-98e0-452b7a109efb","typeName":"m4i_person","uniqueAttributes":{"qualifiedName":"merel.hofman@email.com","email":"merel.hofman@email.com"}}]},"guid":"9928b372-dca2-4fba-99f3-6b99da65b4af","isIncomplete":false,"provenanceType":0,"status":"ACTIVE","createdBy":"admin","updatedBy":"admin","createTime":1656521955001,"updateTime":1663931063480,"version":0,"relationshipAttributes":{"ArchiMateReference":[],"steward":[{"guid":"4f4948ae-2df0-437d-8c6a-e9cba5db8063","typeName":"m4i_person","entityStatus":"ACTIVE","displayText":"Cornelis Kramer","relationshipType":"m4i_data_attribute_steward_assignment","relationshipGuid":"7dfa59dc-9858-4d19-a60a-b693de93f962","relationshipStatus":"ACTIVE","relationshipAttributes":{"typeName":"m4i_data_attribute_steward_assignment"}}],"dataEntity":[{"guid":"818f6d40-b74d-4971-a039-efe8ccdc8f5b","typeName":"m4i_data_entity","entityStatus":"ACTIVE","displayText":"Internal","relationshipType":"m4i_data_entity_attribute_assignment","relationshipGuid":"c924d30f-4ae2-4e66-8f84-0cda3741d69c","relationshipStatus":"ACTIVE","relationshipAttributes":{"typeName":"m4i_data_entity_attribute_assignment"}}],"source":[{"guid":"2bee6dca-fea0-478b-824e-d97365d18bbe","typeName":"m4i_source","entityStatus":"ACTIVE","displayText":"/hr/hr/Data Dictionary_template.xlsm","relationshipType":"m4i_referenceable_source_assignment","relationshipGuid":"a440da40-8814-40a9-91b0-87b411e0b991","relationshipStatus":"ACTIVE","relationshipAttributes":{"typeName":"m4i_referenceable_source_assignment"}}],"fields":[{"guid":"0df94338-1afc-455c-b9d5-c3d0e36d1dac","typeName":"m4i_field","entityStatus":"ACTIVE","displayText":"HIER_ORGANIZATION","relationshipType":"m4i_data_attribute_field_assignment","relationshipGuid":"adafaa7a-de25-4469-aa2d-9d00118dca31","relationshipStatus":"ACTIVE","relationshipAttributes":{"typeName":"m4i_data_attribute_field_assignment"}},{"guid":"85473bfd-c6bb-48b6-996e-33ba7576b810","typeName":"m4i_elastic_field","entityStatus":"ACTIVE","displayText":"HIER_ORG","relationshipType":"m4i_data_attribute_field_assignment","relationshipGuid":"b80f6e87-49ce-4641-a076-3b9da952ea7c","relationshipStatus":"ACTIVE","relationshipAttributes":{"typeName":"m4i_data_attribute_field_assignment"}},{"guid":"cc4e0ba3-68f6-4e32-bcd9-5d7939a019eb","typeName":"m4i_kafka_field","entityStatus":"ACTIVE","displayText":"HIER_ORG","relationshipType":"m4i_data_attribute_field_assignment","relationshipGuid":"c072bed8-68a8-4a68-b802-b562686cad9f","relationshipStatus":"ACTIVE","relationshipAttributes":{"typeName":"m4i_data_attribute_field_assignment"}}],"businessOwner":[{"guid":"45e581d9-452c-4d48-98e0-452b7a109efb","typeName":"m4i_person","entityStatus":"ACTIVE","displayText":"Merel Hofman","relationshipType":"m4i_data_attribute_business_owner_assignment","relationshipGuid":"9592662f-3a4d-4858-9fe8-e96db45f7cda","relationshipStatus":"ACTIVE","relationshipAttributes":{"typeName":"m4i_data_attribute_business_owner_assignment"}}],"meanings":[]},"classifications":[{"typeName":"key_data","entityGuid":"9928b372-dca2-4fba-99f3-6b99da65b4af","entityStatus":"ACTIVE","propagate":true,"validityPeriods":[],"removePropagationsOnEntityDelete":true},{"typeName":"low_risk","entityGuid":"9928b372-dca2-4fba-99f3-6b99da65b4af","entityStatus":"ACTIVE","propagate":true,"validityPeriods":[],"removePropagationsOnEntityDelete":true}],"labels":[],"proxy":false}}