{"referredEntities":{},"entity":{"typeName":"m4i_person","attributes":{"archimateReference":[],"replicatedTo":null,"replicatedFrom":null,"qualifiedName":"lore.brandt@email.com","name":"Lore Brandt","source":[],"email":"lore.brandt@email.com"},"guid":"9e8c280b-b4f7-45e0-b287-49dddaf21e23","isIncomplete":false,"provenanceType":0,"status":"ACTIVE","createdBy":"admin","updatedBy":"admin","createTime":1656521943868,"updateTime":1663931063480,"version":0,"relationshipAttributes":{"indexPatterns":[],"stewardAttribute":[{"guid":"ebc1227e-8331-48cd-98ce-2f4132dd1981","typeName":"m4i_data_attribute","entityStatus":"ACTIVE","displayText":"Generic mail adress","relationshipType":"m4i_data_attribute_steward_assignment","relationshipGuid":"e9f804d6-0e1f-4713-8c15-7fc529ca076d","relationshipStatus":"ACTIVE","relationshipAttributes":{"typeName":"m4i_data_attribute_steward_assignment"}},{"guid":"59f4f7a8-74e5-4b24-806f-4e9638550feb","typeName":"m4i_data_attribute","entityStatus":"ACTIVE","displayText":"Operating Address","relationshipType":"m4i_data_attribute_steward_assignment","relationshipGuid":"ffb1cb4e-e66a-4f8b-b15c-5e32e644123c","relationshipStatus":"ACTIVE","relationshipAttributes":{"typeName":"m4i_data_attribute_steward_assignment"}},{"guid":"8f5b54d6-3259-4a0f-8c7d-cf65420a3bb8","typeName":"m4i_data_attribute","entityStatus":"ACTIVE","displayText":"Product/ service description","relationshipType":"m4i_data_attribute_steward_assignment","relationshipGuid":"7b9ee634-f121-4abb-a82a-493a3fb23c42","relationshipStatus":"ACTIVE","relationshipAttributes":{"typeName":"m4i_data_attribute_steward_assignment"}},{"guid":"e4c88df0-f2bd-4cb1-aad7-b24a3cee2021","typeName":"m4i_data_attribute","entityStatus":"ACTIVE","displayText":"Contact person name","relationshipType":"m4i_data_attribute_steward_assignment","relationshipGuid":"f2b6dfd6-7232-411b-96a1-89d5964f484a","relationshipStatus":"ACTIVE","relationshipAttributes":{"typeName":"m4i_data_attribute_steward_assignment"}},{"guid":"3bf59b23-b612-4ca4-be5e-1a455469b0b3","typeName":"m4i_data_attribute","entityStatus":"ACTIVE","displayText":"State of registration","relationshipType":"m4i_data_attribute_steward_assignment","relationshipGuid":"3177b2e8-3576-491f-9c93-82b0c93dd842","relationshipStatus":"ACTIVE","relationshipAttributes":{"typeName":"m4i_data_attribute_steward_assignment"}},{"guid":"a1957cf3-b8dc-4396-8fef-72a29b5dbc5d","typeName":"m4i_data_attribute","entityStatus":"ACTIVE","displayText":"Country of registration","relationshipType":"m4i_data_attribute_steward_assignment","relationshipGuid":"126b88d4-1a55-4ae1-a511-ffc817517358","relationshipStatus":"ACTIVE","relationshipAttributes":{"typeName":"m4i_data_attribute_steward_assignment"}},{"guid":"ce8fc180-cb3f-4e8e-b4b1-17dda85feca2","typeName":"m4i_data_attribute","entityStatus":"ACTIVE","displayText":"City of registration","relationshipType":"m4i_data_attribute_steward_assignment","relationshipGuid":"23c02721-cdf7-44f6-a8d3-3a0ea213e101","relationshipStatus":"ACTIVE","relationshipAttributes":{"typeName":"m4i_data_attribute_steward_assignment"}},{"guid":"fc714ece-629d-4e02-b1a3-042025639d0a","typeName":"m4i_data_attribute","entityStatus":"ACTIVE","displayText":"Company address","relationshipType":"m4i_data_attribute_steward_assignment","relationshipGuid":"3b444ade-ba38-4487-a03d-496c0153f177","relationshipStatus":"ACTIVE","relationshipAttributes":{"typeName":"m4i_data_attribute_steward_assignment"}},{"guid":"41b6a418-dbaf-461b-bc66-e7285c1cbd25","typeName":"m4i_data_attribute","entityStatus":"ACTIVE","displayText":"Type of ownership","relationshipType":"m4i_data_attribute_steward_assignment","relationshipGuid":"e95a7eda-a353-45f2-a8cd-59399f97956a","relationshipStatus":"ACTIVE","relationshipAttributes":{"typeName":"m4i_data_attribute_steward_assignment"}},{"guid":"0b915e7a-6b54-401a-8e2c-3590719e32ea","typeName":"m4i_data_attribute","entityStatus":"ACTIVE","displayText":"Parent company registration number","relationshipType":"m4i_data_attribute_steward_assignment","relationshipGuid":"67005c80-da95-44f1-a0a9-5654318c8f2e","relationshipStatus":"ACTIVE","relationshipAttributes":{"typeName":"m4i_data_attribute_steward_assignment"}},{"guid":"32d08426-6992-4fec-9de2-fbfea85af237","typeName":"m4i_data_attribute","entityStatus":"ACTIVE","displayText":"Type of vendor","relationshipType":"m4i_data_attribute_steward_assignment","relationshipGuid":"346e93e6-6188-4e3b-9603-ba5b1dbf1281","relationshipStatus":"ACTIVE","relationshipAttributes":{"typeName":"m4i_data_attribute_steward_assignment"}},{"guid":"e93cc475-faf6-4ac0-89dc-62554a056e7a","typeName":"m4i_data_attribute","entityStatus":"ACTIVE","displayText":"Contact person phone number","relationshipType":"m4i_data_attribute_steward_assignment","relationshipGuid":"1450afeb-edb7-4083-bf8d-166b1a2e4558","relationshipStatus":"ACTIVE","relationshipAttributes":{"typeName":"m4i_data_attribute_steward_assignment"}},{"guid":"627edc0c-1b4c-4f0c-b132-756a347c013e","typeName":"m4i_data_attribute","entityStatus":"ACTIVE","displayText":"Geographic location","relationshipType":"m4i_data_attribute_steward_assignment","relationshipGuid":"06878d58-07e0-4dce-8982-b803f162238f","relationshipStatus":"ACTIVE","relationshipAttributes":{"typeName":"m4i_data_attribute_steward_assignment"}},{"guid":"6c13c3d0-2244-462e-a91c-fefeca1238f1","typeName":"m4i_data_attribute","entityStatus":"ACTIVE","displayText":"Offered categories","relationshipType":"m4i_data_attribute_steward_assignment","relationshipGuid":"767b4ff4-c952-477e-b0ea-d081c08d345e","relationshipStatus":"ACTIVE","relationshipAttributes":{"typeName":"m4i_data_attribute_steward_assignment"}},{"guid":"bd2d3acb-2592-455c-bd51-207a335dc2a8","typeName":"m4i_data_attribute","entityStatus":"ACTIVE","displayText":"Finance company email address","relationshipType":"m4i_data_attribute_steward_assignment","relationshipGuid":"f868a96a-8a51-4e88-a7ab-f5327dd04056","relationshipStatus":"ACTIVE","relationshipAttributes":{"typeName":"m4i_data_attribute_steward_assignment"}},{"guid":"e15088f4-a893-484c-85e7-3013fc6ddc9d","typeName":"m4i_data_attribute","entityStatus":"ACTIVE","displayText":"Operating Country","relationshipType":"m4i_data_attribute_steward_assignment","relationshipGuid":"16de5cba-1677-481a-b577-347a40466c2e","relationshipStatus":"ACTIVE","relationshipAttributes":{"typeName":"m4i_data_attribute_steward_assignment"}},{"guid":"7bc1515c-0628-4828-895a-f0da8bf6dae4","typeName":"m4i_data_attribute","entityStatus":"ACTIVE","displayText":"Parent company name","relationshipType":"m4i_data_attribute_steward_assignment","relationshipGuid":"27e004d3-30a6-4736-b4c1-bee78fa959cd","relationshipStatus":"ACTIVE","relationshipAttributes":{"typeName":"m4i_data_attribute_steward_assignment"}},{"guid":"dc82651d-d03f-461f-a0cd-4e61f9514015","typeName":"m4i_data_attribute","entityStatus":"ACTIVE","displayText":"Operating City","relationshipType":"m4i_data_attribute_steward_assignment","relationshipGuid":"d1c0ac94-6abb-462b-acec-57003fced96b","relationshipStatus":"ACTIVE","relationshipAttributes":{"typeName":"m4i_data_attribute_steward_assignment"}},{"guid":"c413fb3a-bb3f-4ea1-a2c0-d9a9adbc2149","typeName":"m4i_data_attribute","entityStatus":"ACTIVE","displayText":"Zipcode","relationshipType":"m4i_data_attribute_steward_assignment","relationshipGuid":"415e3b3f-d6fd-412e-8fe7-2bdfc1ea364b","relationshipStatus":"ACTIVE","relationshipAttributes":{"typeName":"m4i_data_attribute_steward_assignment"}},{"guid":"3bf681d3-c6c8-402a-a0b6-58f2084e00bc","typeName":"m4i_data_attribute","entityStatus":"ACTIVE","displayText":"Incorporation","relationshipType":"m4i_data_attribute_steward_assignment","relationshipGuid":"87efee12-3bf8-4076-9ab7-4037dfd7e870","relationshipStatus":"ACTIVE","relationshipAttributes":{"typeName":"m4i_data_attribute_steward_assignment"}},{"guid":"5280c854-8e38-40ef-9b96-3710fdd2f5f0","typeName":"m4i_data_attribute","entityStatus":"ACTIVE","displayText":"Operating Zipcode","relationshipType":"m4i_data_attribute_steward_assignment","relationshipGuid":"de0aab17-2e96-4958-87a5-d1cd2f6fc5d5","relationshipStatus":"ACTIVE","relationshipAttributes":{"typeName":"m4i_data_attribute_steward_assignment"}},{"guid":"f53150ab-a451-41c2-bd41-98f8ec51f317","typeName":"m4i_data_attribute","entityStatus":"ACTIVE","displayText":"Contact person function","relationshipType":"m4i_data_attribute_steward_assignment","relationshipGuid":"d6de0176-60da-410d-9dc9-94b17cc1bbf3","relationshipStatus":"ACTIVE","relationshipAttributes":{"typeName":"m4i_data_attribute_steward_assignment"}},{"guid":"c2e2c2d9-f0b2-4f0d-b994-9684395dfdd4","typeName":"m4i_data_attribute","entityStatus":"ACTIVE","displayText":"Generic phone number","relationshipType":"m4i_data_attribute_steward_assignment","relationshipGuid":"7ef2272e-1d28-4809-90c5-2ae1311b2a8d","relationshipStatus":"ACTIVE","relationshipAttributes":{"typeName":"m4i_data_attribute_steward_assignment"}},{"guid":"1945b51b-0f13-4bcf-bd2b-e745d79248d0","typeName":"m4i_data_attribute","entityStatus":"ACTIVE","displayText":"Purchasing company email address","relationshipType":"m4i_data_attribute_steward_assignment","relationshipGuid":"33321fe1-da5a-49ec-9002-a35981644b3e","relationshipStatus":"ACTIVE","relationshipAttributes":{"typeName":"m4i_data_attribute_steward_assignment"}},{"guid":"2510d037-7c6f-407f-972b-075d34e24d62","typeName":"m4i_data_attribute","entityStatus":"ACTIVE","displayText":"Company VAT number","relationshipType":"m4i_data_attribute_steward_assignment","relationshipGuid":"e6b305c1-18ae-4641-ac30-3395e2637eca","relationshipStatus":"ACTIVE","relationshipAttributes":{"typeName":"m4i_data_attribute_steward_assignment"}},{"guid":"ddb6042d-155d-4b53-80f2-037df21da1d9","typeName":"m4i_data_attribute","entityStatus":"ACTIVE","displayText":"Legal entity","relationshipType":"m4i_data_attribute_steward_assignment","relationshipGuid":"03f2dacb-e407-473e-a5b0-b3ec103160d4","relationshipStatus":"ACTIVE","relationshipAttributes":{"typeName":"m4i_data_attribute_steward_assignment"}},{"guid":"cb9ef4bc-4c68-4510-8816-f5e439105f2b","typeName":"m4i_data_attribute","entityStatus":"ACTIVE","displayText":"Operating State","relationshipType":"m4i_data_attribute_steward_assignment","relationshipGuid":"a15d270b-062e-4f09-8afd-2eed844d4421","relationshipStatus":"ACTIVE","relationshipAttributes":{"typeName":"m4i_data_attribute_steward_assignment"}},{"guid":"193e678e-4572-4ac1-b453-c6cc61682648","typeName":"m4i_data_attribute","entityStatus":"ACTIVE","displayText":"Company website","relationshipType":"m4i_data_attribute_steward_assignment","relationshipGuid":"08a8d149-43d4-42de-a511-f6e49c562e58","relationshipStatus":"ACTIVE","relationshipAttributes":{"typeName":"m4i_data_attribute_steward_assignment"}},{"guid":"578fcafa-16fb-4c46-a0eb-107b9f0eaf1e","typeName":"m4i_data_attribute","entityStatus":"ACTIVE","displayText":"Supplier short","relationshipType":"m4i_data_attribute_steward_assignment","relationshipGuid":"6f9017a6-b1e7-443b-9cd3-20e6590cd724","relationshipStatus":"ACTIVE","relationshipAttributes":{"typeName":"m4i_data_attribute_steward_assignment"}},{"guid":"8c301ae1-74d9-4cf7-b8a7-81b0142bb660","typeName":"m4i_data_attribute","entityStatus":"ACTIVE","displayText":"Company registration number","relationshipType":"m4i_data_attribute_steward_assignment","relationshipGuid":"28899b83-9eda-4637-839b-2330f3131666","relationshipStatus":"ACTIVE","relationshipAttributes":{"typeName":"m4i_data_attribute_steward_assignment"}},{"guid":"99ac3730-d700-4007-98c2-8a06077e59db","typeName":"m4i_data_attribute","entityStatus":"ACTIVE","displayText":"Corresponding address","relationshipType":"m4i_data_attribute_steward_assignment","relationshipGuid":"1d31ebf4-224b-4f76-851f-4e8246717581","relationshipStatus":"ACTIVE","relationshipAttributes":{"typeName":"m4i_data_attribute_steward_assignment"}},{"guid":"680b4339-7c07-48ba-b6e6-a7558ef0381a","typeName":"m4i_data_attribute","entityStatus":"ACTIVE","displayText":"Subsidiary to parent","relationshipType":"m4i_data_attribute_steward_assignment","relationshipGuid":"45ab87c4-9558-4f9e-baa3-717feaef6bd5","relationshipStatus":"ACTIVE","relationshipAttributes":{"typeName":"m4i_data_attribute_steward_assignment"}},{"guid":"653c17da-e3b1-48ce-a698-52d76986a6ea","typeName":"m4i_data_attribute","entityStatus":"ACTIVE","displayText":"Contact person mail address","relationshipType":"m4i_data_attribute_steward_assignment","relationshipGuid":"c08f9468-ef6e-4830-ab43-62c91a5a247d","relationshipStatus":"ACTIVE","relationshipAttributes":{"typeName":"m4i_data_attribute_steward_assignment"}}],"ArchiMateReference":[],"visualizations":[],"domainLead":[],"businessOwnerAttribute":[],"source":[{"guid":"2bee6dca-fea0-478b-824e-d97365d18bbe","typeName":"m4i_source","entityStatus":"ACTIVE","displayText":"/hr/hr/Data Dictionary_template.xlsm","relationshipType":"m4i_referenceable_source_assignment","relationshipGuid":"050c3c76-34a3-461c-ad2e-b2a88ca0c864","relationshipStatus":"ACTIVE","relationshipAttributes":{"typeName":"m4i_referenceable_source_assignment"}}],"dashboards":[],"stewardEntity":[{"guid":"97e544aa-47c6-4326-8975-76df2203f39d","typeName":"m4i_data_entity","entityStatus":"ACTIVE","displayText":"Company Contacts","relationshipType":"m4i_data_entity_steward_assignment","relationshipGuid":"2883aee0-e7cd-497d-977e-79e93006aa1c","relationshipStatus":"ACTIVE","relationshipAttributes":{"typeName":"m4i_data_entity_steward_assignment"}},{"guid":"0ed13fa1-bbce-4368-adee-8199e4266463","typeName":"m4i_data_entity","entityStatus":"ACTIVE","displayText":"Company Information","relationshipType":"m4i_data_entity_steward_assignment","relationshipGuid":"32f1f0d9-580c-4d38-a9f4-6ee18d4efb73","relationshipStatus":"ACTIVE","relationshipAttributes":{"typeName":"m4i_data_entity_steward_assignment"}}],"meanings":[],"businessOwnerEntity":[],"ProcessOwner":[]},"labels":[],"proxy":false}}