{"referredEntities":{},"entity":{"typeName":"m4i_data_quality","attributes":{"owner":null,"archimateReference":[],"expression":"Formatting('partsperminute', R'^[0-9]+$')","replicatedTo":null,"userDescription":null,"replicatedFrom":null,"qualifiedName":"nl3--nl3plant--nl3plant001--partsperminute--4","displayName":null,"description":null,"active":true,"source":[],"businessRuleDescription":"","ruleDescription":"This field must be numeric","name":"nl3--nl3plant--nl3plant001--partsperminute--4","filterRequired":true,"id":4,"qualityDimension":"Accuracy","expressionVersion":"","fields":[{"guid":"6744c643-ee5c-401d-89e6-835c614f1f40","typeName":"m4i_field","uniqueAttributes":{"qualifiedName":"nl3--nl3plant--nl3plant001--partsperminute"}}]},"guid":"a2e70019-7612-456d-9539-951d9d596f08","isIncomplete":false,"status":"ACTIVE","createdBy":"admin","updatedBy":"admin","createTime":1666701543730,"updateTime":1666701543730,"version":0,"relationshipAttributes":{"inputToProcesses":[],"pipeline":null,"schema":[],"ArchiMateReference":[],"model":null,"source":[{"guid":"76c08811-3d6f-4c96-8716-d1c2eea338ca","typeName":"m4i_source","entityStatus":"ACTIVE","displayText":"Plant","relationshipType":"m4i_referenceable_source_assignment","relationshipGuid":"aeb1bd77-32e0-45ce-8ead-d10eaa8dcb0d","relationshipStatus":"ACTIVE","relationshipAttributes":{"typeName":"m4i_referenceable_source_assignment"}}],"fields":[{"guid":"6744c643-ee5c-401d-89e6-835c614f1f40","typeName":"m4i_field","entityStatus":"ACTIVE","displayText":"PartsPerMinute","relationshipType":"m4i_data_quality_field_assignment","relationshipGuid":"61bc7b8c-aa3a-4dba-834b-862f652bad4c","relationshipStatus":"ACTIVE","relationshipAttributes":{"typeName":"m4i_data_quality_field_assignment"}}],"meanings":[],"outputFromProcesses":[]},"labels":[]}}