{"referredEntities":{},"entity":{"typeName":"m4i_index_pattern","attributes":{"owner":null,"creator":[],"archimateReference":[],"replicatedTo":null,"userDescription":null,"replicatedFrom":null,"qualifiedName":"kib1-hourly-index","displayName":null,"description":"Kibana Index Pattern for the hourly indexes","source":[],"datasets":[],"parentDataset":[],"version":"1.0.0","indexPattern":null,"childDataset":[],"systems":[],"collections":[],"name":"plant hourly","definition":null,"fields":[],"updatedAt":"6-28-2020"},"guid":"a3d5ab59-783e-4bdb-868d-bfff41181745","isIncomplete":false,"provenanceType":0,"status":"ACTIVE","createdBy":"admin","updatedBy":"admin","createTime":1663930527591,"updateTime":1663931063480,"version":0,"relationshipAttributes":{"inputToProcesses":[{"guid":"8d8894f4-3f44-4f67-b68c-e3c527951b43","typeName":"m4i_generic_process","entityStatus":"ACTIVE","displayText":"Used in bar visualization","relationshipType":"dataset_process_inputs","relationshipGuid":"67c98b76-8478-438d-bc66-5d10e7ec720e","relationshipStatus":"ACTIVE","relationshipAttributes":{"typeName":"dataset_process_inputs"}},{"guid":"7e8cdb5d-ce8b-462e-b56b-4da6aa829645","typeName":"m4i_generic_process","entityStatus":"ACTIVE","displayText":"Used in table visualization","relationshipType":"dataset_process_inputs","relationshipGuid":"74864064-b156-4229-84f5-e8ede44003fc","relationshipStatus":"ACTIVE","relationshipAttributes":{"typeName":"dataset_process_inputs"}}],"schema":[],"ArchiMateReference":[],"creator":[],"datasets":[],"source":[],"parentDataset":[{"guid":"2337c1fc-e3d7-4e04-a5f5-181df03e113d","typeName":"m4i_visualization","entityStatus":"ACTIVE","displayText":"table","relationshipType":"m4i_dataset_parent_assignment","relationshipGuid":"310b7d43-06df-4b7d-8919-18e27e50ebdb","relationshipStatus":"ACTIVE","relationshipAttributes":{"typeName":"m4i_dataset_parent_assignment"}},{"guid":"cdcd293d-2236-47a9-b3b4-9c0d130c7f30","typeName":"m4i_visualization","entityStatus":"ACTIVE","displayText":"bar-graph","relationshipType":"m4i_dataset_parent_assignment","relationshipGuid":"e3614c5d-6a2b-4247-a907-b708d171c598","relationshipStatus":"ACTIVE","relationshipAttributes":{"typeName":"m4i_dataset_parent_assignment"}}],"meanings":[],"pipeline":null,"childDataset":[],"systems":[],"collections":[],"model":null,"fields":[],"outputFromProcesses":[{"guid":"6a99a666-b155-466b-b9d9-0708248420f8","typeName":"m4i_generic_process","entityStatus":"ACTIVE","displayText":"Queried for","relationshipType":"process_dataset_outputs","relationshipGuid":"ae16151b-64b0-475a-bcea-0e035ba278b0","relationshipStatus":"ACTIVE","relationshipAttributes":{"typeName":"process_dataset_outputs"}}]},"labels":[],"proxy":false}}