{"referredEntities":{},"entity":{"typeName":"m4i_field","attributes":{"archimateReference":[],"replicatedTo":null,"replicatedFrom":null,"hasContent":null,"steward":[],"qualifiedName":"nl3--nl3plant--nl3plant001--workcenterid","source":[],"datasets":[{"guid":"2230cf23-c90c-4a2f-be3e-e402503c4544","typeName":"m4i_dataset","uniqueAttributes":{"qualifiedName":"nl3--nl3plant--nl3plant001"}}],"parentField":[],"optionalField":null,"name":"WorkCenterId","definition":null,"attributes":[{"guid":"3578d728-49ac-4629-9186-0c517bc8991f","typeName":"m4i_data_attribute","uniqueAttributes":{"qualifiedName":"plant-data--hourly-data--workcenterid"}}],"fieldType":"Numeric","childField":[]},"guid":"a41f6678-09b4-4eb5-a42c-a6c291e5da5d","isIncomplete":false,"provenanceType":0,"status":"ACTIVE","createdBy":"admin","updatedBy":"admin","createTime":1656522073615,"updateTime":1666701543730,"version":0,"relationshipAttributes":{"ArchiMateReference":[],"dataQuality":[{"guid":"706be878-7073-4721-943b-39edc56aadbe","typeName":"m4i_data_quality","entityStatus":"ACTIVE","displayText":"nl3--nl3plant--nl3plant001--workcenterid--2","relationshipType":"m4i_data_quality_field_assignment","relationshipGuid":"fb53269d-4461-4aa2-8d96-6456e3d4090a","relationshipStatus":"ACTIVE","relationshipAttributes":{"typeName":"m4i_data_quality_field_assignment"}},{"guid":"dffed8c6-26c5-451a-a0b3-607918db1a41","typeName":"m4i_data_quality","entityStatus":"ACTIVE","displayText":"nl3--nl3plant--nl3plant001--workcenterid--1","relationshipType":"m4i_data_quality_field_assignment","relationshipGuid":"4379b559-c3ed-4985-9215-b37fb5bceb29","relationshipStatus":"ACTIVE","relationshipAttributes":{"typeName":"m4i_data_quality_field_assignment"}}],"attributes":[{"guid":"3578d728-49ac-4629-9186-0c517bc8991f","typeName":"m4i_data_attribute","entityStatus":"ACTIVE","displayText":"WorkCenterId","relationshipType":"m4i_data_attribute_field_assignment","relationshipGuid":"f89a0c80-47b0-45b7-ad40-917a2a2d3570","relationshipStatus":"ACTIVE","relationshipAttributes":{"typeName":"m4i_data_attribute_field_assignment"}}],"datasets":[{"guid":"2230cf23-c90c-4a2f-be3e-e402503c4544","typeName":"m4i_dataset","entityStatus":"ACTIVE","displayText":"NL3-PLANT-001","relationshipType":"m4i_field_assignment","relationshipGuid":"eaf22f45-39a0-411d-9be7-c79362148802","relationshipStatus":"ACTIVE","relationshipAttributes":{"typeName":"m4i_field_assignment","attributes":{"typeInformation":null}}}],"source":[{"guid":"2bee6dca-fea0-478b-824e-d97365d18bbe","typeName":"m4i_source","entityStatus":"ACTIVE","displayText":"/hr/hr/Data Dictionary_template.xlsm","relationshipType":"m4i_referenceable_source_assignment","relationshipGuid":"9064f0fa-e24f-4a12-9883-4ba39307259e","relationshipStatus":"ACTIVE","relationshipAttributes":{"typeName":"m4i_referenceable_source_assignment"}}],"parentField":[],"meanings":[],"childField":[]},"classifications":[{"typeName":"low_risk","entityGuid":"3578d728-49ac-4629-9186-0c517bc8991f","entityStatus":"ACTIVE","propagate":true,"validityPeriods":[],"removePropagationsOnEntityDelete":true}],"labels":[],"proxy":false}}