{"referredEntities":{},"entity":{"typeName":"m4i_data_entity","attributes":{"archimateReference":[],"replicatedTo":null,"replicatedFrom":null,"steward":[{"guid":"4f4948ae-2df0-437d-8c6a-e9cba5db8063","typeName":"m4i_person","uniqueAttributes":{"qualifiedName":"cornelis.kramer@email.com","email":"cornelis.kramer@email.com"}}],"qualifiedName":"personnel-and-organization--personnel","parentEntity":[],"source":[],"dataDomain":[{"guid":"d56db187-2627-41a6-8698-f74d4b76227e","typeName":"m4i_data_domain","uniqueAttributes":{"qualifiedName":"personnel-and-organization"}}],"childEntity":[{"guid":"c0af931d-1cd3-4ecb-970f-ab804d289ada","typeName":"m4i_data_entity","uniqueAttributes":{"qualifiedName":"personnel-and-organization--personnel--external"}},{"guid":"818f6d40-b74d-4971-a039-efe8ccdc8f5b","typeName":"m4i_data_entity","uniqueAttributes":{"qualifiedName":"personnel-and-organization--personnel--internal"}}],"name":"Personnel","definition":"This entity contains information about the employees in the organization.","attributes":[],"businessOwner":[{"guid":"45e581d9-452c-4d48-98e0-452b7a109efb","typeName":"m4i_person","uniqueAttributes":{"qualifiedName":"merel.hofman@email.com","email":"merel.hofman@email.com"}}]},"guid":"a4e20c5a-fd37-4fe4-9189-6c4e06f1f34d","isIncomplete":false,"provenanceType":0,"status":"ACTIVE","createdBy":"admin","updatedBy":"admin","createTime":1656521949344,"updateTime":1663931063480,"version":0,"relationshipAttributes":{"ArchiMateReference":[],"steward":[{"guid":"4f4948ae-2df0-437d-8c6a-e9cba5db8063","typeName":"m4i_person","entityStatus":"ACTIVE","displayText":"Cornelis Kramer","relationshipType":"m4i_data_entity_steward_assignment","relationshipGuid":"eda80767-7cac-409b-8169-d6fee556de4b","relationshipStatus":"ACTIVE","relationshipAttributes":{"typeName":"m4i_data_entity_steward_assignment"}}],"dataDomain":[{"guid":"d56db187-2627-41a6-8698-f74d4b76227e","typeName":"m4i_data_domain","entityStatus":"ACTIVE","displayText":"Personnel and Organization","relationshipType":"m4i_data_entity_assignment","relationshipGuid":"e2c0ea9b-04ba-4835-83d7-9a9897bef525","relationshipStatus":"ACTIVE","relationshipAttributes":{"typeName":"m4i_data_entity_assignment"}}],"parentEntity":[],"childEntity":[{"guid":"c0af931d-1cd3-4ecb-970f-ab804d289ada","typeName":"m4i_data_entity","entityStatus":"ACTIVE","displayText":"External","relationshipType":"m4i_parent_entity_assignment","relationshipGuid":"8ce10240-b10e-43fa-bba0-be6469911ac4","relationshipStatus":"ACTIVE","relationshipAttributes":{"typeName":"m4i_parent_entity_assignment"}},{"guid":"818f6d40-b74d-4971-a039-efe8ccdc8f5b","typeName":"m4i_data_entity","entityStatus":"ACTIVE","displayText":"Internal","relationshipType":"m4i_parent_entity_assignment","relationshipGuid":"8e293773-1330-4281-8bf8-906ec7efb519","relationshipStatus":"ACTIVE","relationshipAttributes":{"typeName":"m4i_parent_entity_assignment"}}],"attributes":[],"source":[{"guid":"2bee6dca-fea0-478b-824e-d97365d18bbe","typeName":"m4i_source","entityStatus":"ACTIVE","displayText":"/hr/hr/Data Dictionary_template.xlsm","relationshipType":"m4i_referenceable_source_assignment","relationshipGuid":"90508389-408d-4bb2-865a-fe9d2bc6641d","relationshipStatus":"ACTIVE","relationshipAttributes":{"typeName":"m4i_referenceable_source_assignment"}}],"businessOwner":[{"guid":"45e581d9-452c-4d48-98e0-452b7a109efb","typeName":"m4i_person","entityStatus":"ACTIVE","displayText":"Merel Hofman","relationshipType":"m4i_data_entity_business_owner_assignment","relationshipGuid":"d54b8ffe-b896-4bb2-9593-53325aa4de4c","relationshipStatus":"ACTIVE","relationshipAttributes":{"typeName":"m4i_data_entity_business_owner_assignment"}}],"meanings":[]},"labels":[],"proxy":false}}