{"referredEntities":{},"entity":{"typeName":"m4i_kafka_field","attributes":{"archimateReference":[],"replicatedTo":null,"replicatedFrom":null,"hasContent":null,"steward":[],"qualifiedName":"cc1--kaf1--kaf1-hr--change-event--payload--payload--payroll","source":[],"datasets":[],"parentField":[],"optionalField":null,"name":"PAYROLL","definition":null,"attributes":[],"fieldType":"string","childField":[]},"guid":"b0de95f9-7e12-4505-a4ce-a165943936ce","isIncomplete":false,"provenanceType":0,"status":"ACTIVE","createdBy":"admin","updatedBy":"admin","createTime":1656522102741,"updateTime":1663931063480,"version":0,"relationshipAttributes":{"ArchiMateReference":[],"dataQuality":[],"attributes":[{"guid":"6b0e188f-91f0-4f5d-9dd4-cb9fb6c51619","typeName":"m4i_data_attribute","entityStatus":"ACTIVE","displayText":"Payroll","relationshipType":"m4i_data_attribute_field_assignment","relationshipGuid":"8c895204-a263-4e4d-8672-15a3522c35bb","relationshipStatus":"ACTIVE","relationshipAttributes":{"typeName":"m4i_data_attribute_field_assignment"}},{"guid":"630f2093-27fd-4454-af91-fc2be86f93e8","typeName":"m4i_data_attribute","entityStatus":"ACTIVE","displayText":"Payroll","relationshipType":"m4i_data_attribute_field_assignment","relationshipGuid":"c08547b5-f573-4789-9271-e03d5ab7b4a6","relationshipStatus":"ACTIVE","relationshipAttributes":{"typeName":"m4i_data_attribute_field_assignment"}}],"datasets":[],"source":[],"meanings":[],"parentField":[{"guid":"c662301f-a509-47bf-9a4b-279f6b0bb7ec","typeName":"m4i_kafka_field","entityStatus":"ACTIVE","displayText":"payload","relationshipType":"m4i_field_parent_assignment","relationshipGuid":"7f457643-f28f-42a7-a2f0-9b33bc59851a","relationshipStatus":"ACTIVE","relationshipAttributes":{"typeName":"m4i_field_parent_assignment"}}],"childField":[]},"classifications":[{"typeName":"low_risk","entityGuid":"630f2093-27fd-4454-af91-fc2be86f93e8","entityStatus":"ACTIVE","propagate":true,"validityPeriods":[],"removePropagationsOnEntityDelete":true},{"typeName":"low_risk","entityGuid":"6b0e188f-91f0-4f5d-9dd4-cb9fb6c51619","entityStatus":"ACTIVE","propagate":true,"validityPeriods":[],"removePropagationsOnEntityDelete":true},{"typeName":"key_data","entityGuid":"630f2093-27fd-4454-af91-fc2be86f93e8","entityStatus":"ACTIVE","propagate":true,"validityPeriods":[],"removePropagationsOnEntityDelete":true},{"typeName":"key_data","entityGuid":"6b0e188f-91f0-4f5d-9dd4-cb9fb6c51619","entityStatus":"ACTIVE","propagate":true,"validityPeriods":[],"removePropagationsOnEntityDelete":true}],"labels":[],"proxy":false}}