{"referredEntities":{},"entity":{"typeName":"m4i_kafka_field","attributes":{"archimateReference":[],"replicatedTo":null,"replicatedFrom":null,"hasContent":null,"steward":[],"qualifiedName":"cc1--kaf1--kaf1-hr--change-event--payload--payload--location","source":[],"datasets":[],"parentField":[],"optionalField":null,"name":"LOCATION","definition":null,"attributes":[],"fieldType":"string","childField":[]},"guid":"b179f9b5-9d29-4302-918d-0aed6d6b7d0a","isIncomplete":false,"provenanceType":0,"status":"ACTIVE","createdBy":"admin","updatedBy":"admin","createTime":1656522102741,"updateTime":1663931063480,"version":0,"relationshipAttributes":{"ArchiMateReference":[],"dataQuality":[],"attributes":[{"guid":"3e5d4165-e92e-414e-8dba-a61ffd799e17","typeName":"m4i_data_attribute","entityStatus":"ACTIVE","displayText":"Location","relationshipType":"m4i_data_attribute_field_assignment","relationshipGuid":"3cdc8ff9-2c36-4fb3-96ae-e5563e865a49","relationshipStatus":"ACTIVE","relationshipAttributes":{"typeName":"m4i_data_attribute_field_assignment"}},{"guid":"f581f528-9207-43f5-99bb-26f258efe062","typeName":"m4i_data_attribute","entityStatus":"ACTIVE","displayText":"Location","relationshipType":"m4i_data_attribute_field_assignment","relationshipGuid":"65a14eac-2fa3-417e-a39d-1ca9f51d179c","relationshipStatus":"ACTIVE","relationshipAttributes":{"typeName":"m4i_data_attribute_field_assignment"}}],"datasets":[],"source":[],"meanings":[],"parentField":[{"guid":"c662301f-a509-47bf-9a4b-279f6b0bb7ec","typeName":"m4i_kafka_field","entityStatus":"ACTIVE","displayText":"payload","relationshipType":"m4i_field_parent_assignment","relationshipGuid":"7201795a-358e-400e-bae2-80544355130d","relationshipStatus":"ACTIVE","relationshipAttributes":{"typeName":"m4i_field_parent_assignment"}}],"childField":[]},"classifications":[{"typeName":"low_risk","entityGuid":"3e5d4165-e92e-414e-8dba-a61ffd799e17","entityStatus":"ACTIVE","propagate":true,"validityPeriods":[],"removePropagationsOnEntityDelete":true},{"typeName":"key_data","entityGuid":"f581f528-9207-43f5-99bb-26f258efe062","entityStatus":"ACTIVE","propagate":true,"validityPeriods":[],"removePropagationsOnEntityDelete":true},{"typeName":"key_data","entityGuid":"3e5d4165-e92e-414e-8dba-a61ffd799e17","entityStatus":"ACTIVE","propagate":true,"validityPeriods":[],"removePropagationsOnEntityDelete":true},{"typeName":"low_risk","entityGuid":"f581f528-9207-43f5-99bb-26f258efe062","entityStatus":"ACTIVE","propagate":true,"validityPeriods":[],"removePropagationsOnEntityDelete":true}],"labels":[],"proxy":false}}