{"referredEntities":{},"entity":{"typeName":"m4i_field","attributes":{"archimateReference":[],"replicatedTo":null,"replicatedFrom":null,"hasContent":null,"steward":[],"qualifiedName":"nl2--nl2proc--nl2proc001--opcity","source":[],"datasets":[{"guid":"04d4f33f-fd0d-46bc-8336-85f25f2916b2","typeName":"m4i_dataset","uniqueAttributes":{"qualifiedName":"nl2--nl2proc--nl2proc001"}}],"parentField":[],"optionalField":null,"name":"OpCity","definition":null,"attributes":[{"guid":"dc82651d-d03f-461f-a0cd-4e61f9514015","typeName":"m4i_data_attribute","uniqueAttributes":{"qualifiedName":"procurement--company-information--operating-city"}}],"fieldType":"Text","childField":[]},"guid":"b2660514-b0d8-48d1-b6eb-0d30e2d9ce26","isIncomplete":false,"provenanceType":0,"status":"ACTIVE","createdBy":"admin","updatedBy":"admin","createTime":1656522000167,"updateTime":1663927932384,"version":0,"relationshipAttributes":{"ArchiMateReference":[],"dataQuality":[],"attributes":[{"guid":"dc82651d-d03f-461f-a0cd-4e61f9514015","typeName":"m4i_data_attribute","entityStatus":"ACTIVE","displayText":"Operating City","relationshipType":"m4i_data_attribute_field_assignment","relationshipGuid":"fe9bfde6-deba-46c9-99ef-87db84edb4ee","relationshipStatus":"ACTIVE","relationshipAttributes":{"typeName":"m4i_data_attribute_field_assignment"}}],"datasets":[{"guid":"04d4f33f-fd0d-46bc-8336-85f25f2916b2","typeName":"m4i_dataset","entityStatus":"ACTIVE","displayText":"NL2-PROC-001","relationshipType":"m4i_field_assignment","relationshipGuid":"399c33bd-2c5a-49d0-a9d7-46f481eaf32a","relationshipStatus":"ACTIVE","relationshipAttributes":{"typeName":"m4i_field_assignment","attributes":{"typeInformation":null}}}],"source":[{"guid":"2bee6dca-fea0-478b-824e-d97365d18bbe","typeName":"m4i_source","entityStatus":"ACTIVE","displayText":"/hr/hr/Data Dictionary_template.xlsm","relationshipType":"m4i_referenceable_source_assignment","relationshipGuid":"a5e1aae4-93c8-49a7-b1b9-17cb96090def","relationshipStatus":"ACTIVE","relationshipAttributes":{"typeName":"m4i_referenceable_source_assignment"}}],"parentField":[],"meanings":[],"childField":[]},"classifications":[{"typeName":"medium_risk","entityGuid":"dc82651d-d03f-461f-a0cd-4e61f9514015","entityStatus":"ACTIVE","propagate":true,"validityPeriods":[],"removePropagationsOnEntityDelete":true},{"typeName":"PII","entityGuid":"dc82651d-d03f-461f-a0cd-4e61f9514015","entityStatus":"ACTIVE","propagate":true,"validityPeriods":[],"removePropagationsOnEntityDelete":true},{"typeName":"key_data","entityGuid":"dc82651d-d03f-461f-a0cd-4e61f9514015","entityStatus":"ACTIVE","propagate":true,"validityPeriods":[],"removePropagationsOnEntityDelete":true}],"labels":[],"proxy":false}}