{"referredEntities":{},"entity":{"typeName":"m4i_data_attribute","attributes":{"archimateReference":[],"replicatedTo":null,"replicatedFrom":null,"steward":[{"guid":"9e8c280b-b4f7-45e0-b287-49dddaf21e23","typeName":"m4i_person","uniqueAttributes":{"qualifiedName":"lore.brandt@email.com","email":"lore.brandt@email.com"}}],"qualifiedName":"procurement--company-contacts--finance-company-email-address","dataEntity":[{"guid":"97e544aa-47c6-4326-8975-76df2203f39d","typeName":"m4i_data_entity","uniqueAttributes":{"qualifiedName":"procurement--company-contacts"}}],"source":[],"isKeyData":"Yes","hasPII":null,"attributeType":"Text","name":"Finance company email address","definition":"Generic Finance Company email address (for finance/invoice related correspondance)","riskClassification":"Low","fields":[{"guid":"3951229b-2305-46e5-aa22-84c14a5167de","typeName":"m4i_field","uniqueAttributes":{"qualifiedName":"nl2--nl2proc--nl2proc001--mailfin"}}],"businessOwner":[{"guid":"0a30e2bc-f152-4a93-890e-e6f39f3f864f","typeName":"m4i_person","uniqueAttributes":{"qualifiedName":"johanna.richter@email.com","email":"johanna.richter@email.com"}}]},"guid":"bd2d3acb-2592-455c-bd51-207a335dc2a8","isIncomplete":false,"provenanceType":0,"status":"ACTIVE","createdBy":"admin","updatedBy":"admin","createTime":1656521955001,"updateTime":1663931063480,"version":0,"relationshipAttributes":{"ArchiMateReference":[],"steward":[{"guid":"9e8c280b-b4f7-45e0-b287-49dddaf21e23","typeName":"m4i_person","entityStatus":"ACTIVE","displayText":"Lore Brandt","relationshipType":"m4i_data_attribute_steward_assignment","relationshipGuid":"f868a96a-8a51-4e88-a7ab-f5327dd04056","relationshipStatus":"ACTIVE","relationshipAttributes":{"typeName":"m4i_data_attribute_steward_assignment"}}],"dataEntity":[{"guid":"97e544aa-47c6-4326-8975-76df2203f39d","typeName":"m4i_data_entity","entityStatus":"ACTIVE","displayText":"Company Contacts","relationshipType":"m4i_data_entity_attribute_assignment","relationshipGuid":"960ba183-6f7f-4e35-ac09-80482a8c4046","relationshipStatus":"ACTIVE","relationshipAttributes":{"typeName":"m4i_data_entity_attribute_assignment"}}],"source":[{"guid":"2bee6dca-fea0-478b-824e-d97365d18bbe","typeName":"m4i_source","entityStatus":"ACTIVE","displayText":"/hr/hr/Data Dictionary_template.xlsm","relationshipType":"m4i_referenceable_source_assignment","relationshipGuid":"7ff36ee5-8035-4cbc-966d-ba43f5df41cd","relationshipStatus":"ACTIVE","relationshipAttributes":{"typeName":"m4i_referenceable_source_assignment"}}],"fields":[{"guid":"3951229b-2305-46e5-aa22-84c14a5167de","typeName":"m4i_field","entityStatus":"ACTIVE","displayText":"MailFin","relationshipType":"m4i_data_attribute_field_assignment","relationshipGuid":"14e6fa95-99dc-4262-baf6-faf1731a3dbf","relationshipStatus":"ACTIVE","relationshipAttributes":{"typeName":"m4i_data_attribute_field_assignment"}}],"businessOwner":[{"guid":"0a30e2bc-f152-4a93-890e-e6f39f3f864f","typeName":"m4i_person","entityStatus":"ACTIVE","displayText":"Johanna Richter","relationshipType":"m4i_data_attribute_business_owner_assignment","relationshipGuid":"86c1cf31-eff6-4c7e-82cf-56fd57487d88","relationshipStatus":"ACTIVE","relationshipAttributes":{"typeName":"m4i_data_attribute_business_owner_assignment"}}],"meanings":[]},"classifications":[{"typeName":"key_data","entityGuid":"bd2d3acb-2592-455c-bd51-207a335dc2a8","entityStatus":"ACTIVE","propagate":true,"validityPeriods":[],"removePropagationsOnEntityDelete":true},{"typeName":"low_risk","entityGuid":"bd2d3acb-2592-455c-bd51-207a335dc2a8","entityStatus":"ACTIVE","propagate":true,"validityPeriods":[],"removePropagationsOnEntityDelete":true}],"labels":[],"proxy":false}}