{"referredEntities":{},"entity":{"typeName":"m4i_data_domain","attributes":{"archimateReference":[],"replicatedTo":null,"replicatedFrom":null,"qualifiedName":"logistics","domainLead":[{"guid":"f60a248c-1883-4408-985e-c166fd04bec2","typeName":"m4i_person","uniqueAttributes":{"qualifiedName":"beau.vos@email.com","email":"beau.vos@email.com"}}],"name":"Logistics","dataEntity":[],"definition":"This data domain contains data from the logistics department","source":[]},"guid":"c0f24767-b0bd-4b89-90c0-2e24f86a4c96","isIncomplete":false,"provenanceType":0,"status":"ACTIVE","createdBy":"admin","updatedBy":"admin","createTime":1656521947184,"updateTime":1663931063480,"version":0,"relationshipAttributes":{"ArchiMateReference":[],"domainLead":[{"guid":"f60a248c-1883-4408-985e-c166fd04bec2","typeName":"m4i_person","entityStatus":"ACTIVE","displayText":"Beau Vos","relationshipType":"m4i_domainLead_assignment","relationshipGuid":"7d871f58-75d6-4758-abec-acf8450c6c1a","relationshipStatus":"ACTIVE","relationshipAttributes":{"typeName":"m4i_domainLead_assignment"}}],"dataEntity":[],"source":[{"guid":"2bee6dca-fea0-478b-824e-d97365d18bbe","typeName":"m4i_source","entityStatus":"ACTIVE","displayText":"/hr/hr/Data Dictionary_template.xlsm","relationshipType":"m4i_referenceable_source_assignment","relationshipGuid":"93b2e9bf-fae2-4b3d-95f4-59babb38ea96","relationshipStatus":"ACTIVE","relationshipAttributes":{"typeName":"m4i_referenceable_source_assignment"}}],"meanings":[]},"labels":[],"proxy":false}}