{"referredEntities":{},"entity":{"typeName":"m4i_elastic_field","attributes":{"archimateReference":[],"replicatedTo":null,"replicatedFrom":null,"hasContent":null,"steward":[],"qualifiedName":"elas1--hourly--siteid","source":[],"datasets":[],"parentField":[],"optionalField":null,"name":"siteid","definition":null,"attributes":[],"fieldType":"keyword","childField":[]},"guid":"c3f9a49c-a120-4e2c-be0a-0ffe45481b31","isIncomplete":false,"provenanceType":0,"status":"ACTIVE","createdBy":"admin","updatedBy":"admin","createTime":1663930105074,"updateTime":1663930105074,"version":0,"relationshipAttributes":{"ArchiMateReference":[],"dataQuality":[],"attributes":[{"guid":"aa729886-037d-4860-af8d-c6af2ee5f6b8","typeName":"m4i_data_attribute","entityStatus":"ACTIVE","displayText":"SiteId","relationshipType":"m4i_data_attribute_field_assignment","relationshipGuid":"b57a3638-a11f-41ea-acdf-a7c2c93eb48e","relationshipStatus":"ACTIVE","relationshipAttributes":{"typeName":"m4i_data_attribute_field_assignment"}}],"datasets":[{"guid":"8e146f38-013e-4935-84aa-8d59a5539d3d","typeName":"m4i_elastic_index","entityStatus":"ACTIVE","displayText":"hourly","relationshipType":"m4i_field_assignment","relationshipGuid":"44a3ee10-6224-4d65-ab34-2fcd1d0aa962","relationshipStatus":"ACTIVE","relationshipAttributes":{"typeName":"m4i_field_assignment","attributes":{"typeInformation":null}}}],"source":[],"meanings":[],"parentField":[],"childField":[]},"classifications":[{"typeName":"low_risk","entityGuid":"aa729886-037d-4860-af8d-c6af2ee5f6b8","entityStatus":"ACTIVE","propagate":true,"validityPeriods":[],"removePropagationsOnEntityDelete":true}],"labels":[],"proxy":false}}