{"referredEntities":{},"entity":{"typeName":"m4i_kafka_field","attributes":{"archimateReference":[],"replicatedTo":null,"replicatedFrom":null,"hasContent":null,"steward":[],"qualifiedName":"cc1--kaf1--kaf1-hr--hourly--cc1--kaf1--kaf1-hr--hourly--workorderid","source":[],"datasets":[],"parentField":[],"optionalField":null,"name":"cc1--kaf1--kaf1-hr--hourly--workorderid","definition":null,"attributes":[],"fieldType":"string","childField":[]},"guid":"c5837407-3678-4bf4-b7a3-28d5ef87609d","isIncomplete":false,"provenanceType":0,"status":"ACTIVE","createdBy":"admin","updatedBy":"admin","createTime":1663929263859,"updateTime":1663929263859,"version":0,"relationshipAttributes":{"ArchiMateReference":[],"dataQuality":[],"attributes":[{"guid":"8d6858eb-dabe-4d62-b415-2be534b0e923","typeName":"m4i_data_attribute","entityStatus":"ACTIVE","displayText":"WorkOrderId","relationshipType":"m4i_data_attribute_field_assignment","relationshipGuid":"210d7789-1102-43c7-879a-9204dcd2fa65","relationshipStatus":"ACTIVE","relationshipAttributes":{"typeName":"m4i_data_attribute_field_assignment"}}],"datasets":[{"guid":"d23a7a85-7666-4726-b1c1-ab85df2f1312","typeName":"m4i_kafka_topic","entityStatus":"ACTIVE","displayText":"hourly","relationshipType":"m4i_field_assignment","relationshipGuid":"c8ccb792-7c26-47b4-ab7e-2ffba8950260","relationshipStatus":"ACTIVE","relationshipAttributes":{"typeName":"m4i_field_assignment","attributes":{"typeInformation":null}}}],"source":[],"meanings":[],"parentField":[],"childField":[]},"classifications":[{"typeName":"low_risk","entityGuid":"8d6858eb-dabe-4d62-b415-2be534b0e923","entityStatus":"ACTIVE","propagate":true,"validityPeriods":[],"removePropagationsOnEntityDelete":true}],"labels":[],"proxy":false}}