{"referredEntities":{},"entity":{"typeName":"m4i_kafka_field","attributes":{"archimateReference":[],"replicatedTo":null,"replicatedFrom":null,"hasContent":null,"steward":[],"qualifiedName":"cc1--kaf1--kaf1-hr--change-event--payload--payload","source":[],"datasets":[],"parentField":[],"optionalField":null,"name":"payload","definition":null,"attributes":[],"fieldType":"record","childField":[]},"guid":"c662301f-a509-47bf-9a4b-279f6b0bb7ec","isIncomplete":false,"provenanceType":0,"status":"ACTIVE","createdBy":"admin","updatedBy":"admin","createTime":1656522102741,"updateTime":1663931063480,"version":0,"relationshipAttributes":{"ArchiMateReference":[],"dataQuality":[],"attributes":[],"datasets":[],"source":[],"meanings":[],"parentField":[{"guid":"dbafb985-4f0e-4f39-9744-1aa17130ac69","typeName":"m4i_kafka_field","entityStatus":"ACTIVE","displayText":"payload","relationshipType":"m4i_field_parent_assignment","relationshipGuid":"1c1c245e-08cf-4229-9b46-039444b5a939","relationshipStatus":"ACTIVE","relationshipAttributes":{"typeName":"m4i_field_parent_assignment"}}],"childField":[{"guid":"11bc66db-5593-4214-a9e9-74fb7aaf7f8d","typeName":"m4i_kafka_field","entityStatus":"ACTIVE","displayText":"CC_EMPLOYEE","relationshipType":"m4i_field_parent_assignment","relationshipGuid":"1a876abb-75df-4293-9feb-240b9e7010df","relationshipStatus":"ACTIVE","relationshipAttributes":{"typeName":"m4i_field_parent_assignment"}},{"guid":"259d78d7-341c-4c8a-9e81-780768119458","typeName":"m4i_kafka_field","entityStatus":"ACTIVE","displayText":"RUN_ID","relationshipType":"m4i_field_parent_assignment","relationshipGuid":"2f70b44a-da53-4bc8-8baf-c6d3d3cd5aa2","relationshipStatus":"ACTIVE","relationshipAttributes":{"typeName":"m4i_field_parent_assignment"}},{"guid":"13878345-4b45-4a95-9711-62f41cf629d6","typeName":"m4i_kafka_field","entityStatus":"ACTIVE","displayText":"JOB_NAME","relationshipType":"m4i_field_parent_assignment","relationshipGuid":"71638d41-5f11-4f2b-a4c7-e0c451b23360","relationshipStatus":"ACTIVE","relationshipAttributes":{"typeName":"m4i_field_parent_assignment"}},{"guid":"38350bae-4d14-4988-8259-798e07372cb3","typeName":"m4i_kafka_field","entityStatus":"ACTIVE","displayText":"PEOPLE_GROUP","relationshipType":"m4i_field_parent_assignment","relationshipGuid":"616fc39f-51e2-4fc0-b9d1-246fd0d5263f","relationshipStatus":"ACTIVE","relationshipAttributes":{"typeName":"m4i_field_parent_assignment"}},{"guid":"cd30cdc3-1923-45cd-aec0-abe5d0b73ee9","typeName":"m4i_kafka_field","entityStatus":"ACTIVE","displayText":"EMPLOYEE_NUMBER","relationshipType":"m4i_field_parent_assignment","relationshipGuid":"c364dece-a697-414b-b2c7-2ed1bef49367","relationshipStatus":"ACTIVE","relationshipAttributes":{"typeName":"m4i_field_parent_assignment"}},{"guid":"b179f9b5-9d29-4302-918d-0aed6d6b7d0a","typeName":"m4i_kafka_field","entityStatus":"ACTIVE","displayText":"LOCATION","relationshipType":"m4i_field_parent_assignment","relationshipGuid":"7201795a-358e-400e-bae2-80544355130d","relationshipStatus":"ACTIVE","relationshipAttributes":{"typeName":"m4i_field_parent_assignment"}},{"guid":"c3016c16-8870-4ac5-b549-fcd817831c3b","typeName":"m4i_kafka_field","entityStatus":"ACTIVE","displayText":"ORGANISATION","relationshipType":"m4i_field_parent_assignment","relationshipGuid":"32b5f14f-626e-4fb4-ae23-be46103a28a5","relationshipStatus":"ACTIVE","relationshipAttributes":{"typeName":"m4i_field_parent_assignment"}},{"guid":"271921dc-4af1-49b8-8c25-a8d1fa5fbb44","typeName":"m4i_kafka_field","entityStatus":"ACTIVE","displayText":"BASKET","relationshipType":"m4i_field_parent_assignment","relationshipGuid":"06ca324f-d041-4cbd-8303-fda8a353cb06","relationshipStatus":"ACTIVE","relationshipAttributes":{"typeName":"m4i_field_parent_assignment"}},{"guid":"95d8b812-3826-4908-baf1-be8e69aa0662","typeName":"m4i_kafka_field","entityStatus":"ACTIVE","displayText":"PLACEMENT","relationshipType":"m4i_field_parent_assignment","relationshipGuid":"0f6cb732-9ebd-4f68-9d3a-03531100234e","relationshipStatus":"ACTIVE","relationshipAttributes":{"typeName":"m4i_field_parent_assignment"}},{"guid":"cc4e0ba3-68f6-4e32-bcd9-5d7939a019eb","typeName":"m4i_kafka_field","entityStatus":"ACTIVE","displayText":"HIER_ORG","relationshipType":"m4i_field_parent_assignment","relationshipGuid":"97c030ab-853a-4922-b1f3-601f08468bab","relationshipStatus":"ACTIVE","relationshipAttributes":{"typeName":"m4i_field_parent_assignment"}},{"guid":"debb2c66-0b4e-4e86-843c-5a340ef4d897","typeName":"m4i_kafka_field","entityStatus":"ACTIVE","displayText":"FULLNAME","relationshipType":"m4i_field_parent_assignment","relationshipGuid":"f333926f-4c9e-4729-8187-add87fe24581","relationshipStatus":"ACTIVE","relationshipAttributes":{"typeName":"m4i_field_parent_assignment"}},{"guid":"b0de95f9-7e12-4505-a4ce-a165943936ce","typeName":"m4i_kafka_field","entityStatus":"ACTIVE","displayText":"PAYROLL","relationshipType":"m4i_field_parent_assignment","relationshipGuid":"7f457643-f28f-42a7-a2f0-9b33bc59851a","relationshipStatus":"ACTIVE","relationshipAttributes":{"typeName":"m4i_field_parent_assignment"}},{"guid":"4ff70f55-7359-411f-bc4e-1791251a8b75","typeName":"m4i_kafka_field","entityStatus":"ACTIVE","displayText":"FUNC_ORG","relationshipType":"m4i_field_parent_assignment","relationshipGuid":"d800bfb6-23e8-4142-9c82-a4dfbb082f8d","relationshipStatus":"ACTIVE","relationshipAttributes":{"typeName":"m4i_field_parent_assignment"}},{"guid":"255ccd2b-5cac-4d89-a63d-9a9323a59e1e","typeName":"m4i_kafka_field","entityStatus":"ACTIVE","displayText":"FTE","relationshipType":"m4i_field_parent_assignment","relationshipGuid":"95e0907c-3906-48c9-be44-b715c127c5e2","relationshipStatus":"ACTIVE","relationshipAttributes":{"typeName":"m4i_field_parent_assignment"}},{"guid":"3b1cbc11-3bd1-4ec6-82a7-f1215901b6cf","typeName":"m4i_kafka_field","entityStatus":"ACTIVE","displayText":"EFFECTIVE_DATE","relationshipType":"m4i_field_parent_assignment","relationshipGuid":"f3235df5-a0ee-441b-b8ba-22dfda9ce748","relationshipStatus":"ACTIVE","relationshipAttributes":{"typeName":"m4i_field_parent_assignment"}}]},"labels":[],"proxy":false}}