{"referredEntities":{},"entity":{"typeName":"m4i_field","attributes":{"archimateReference":[],"replicatedTo":null,"replicatedFrom":null,"hasContent":null,"steward":[],"qualifiedName":"nl2--nl2proc--nl2proc001--legalname","source":[],"datasets":[{"guid":"04d4f33f-fd0d-46bc-8336-85f25f2916b2","typeName":"m4i_dataset","uniqueAttributes":{"qualifiedName":"nl2--nl2proc--nl2proc001"}}],"parentField":[],"optionalField":null,"name":"LegalName","definition":null,"attributes":[{"guid":"ddb6042d-155d-4b53-80f2-037df21da1d9","typeName":"m4i_data_attribute","uniqueAttributes":{"qualifiedName":"procurement--company-information--legal-entity"}}],"fieldType":"Text","childField":[]},"guid":"ca6c2dd1-2b21-4287-85ea-2211beb4748c","isIncomplete":false,"provenanceType":0,"status":"ACTIVE","createdBy":"admin","updatedBy":"admin","createTime":1656521988700,"updateTime":1663927932384,"version":0,"relationshipAttributes":{"ArchiMateReference":[],"dataQuality":[],"attributes":[{"guid":"ddb6042d-155d-4b53-80f2-037df21da1d9","typeName":"m4i_data_attribute","entityStatus":"ACTIVE","displayText":"Legal entity","relationshipType":"m4i_data_attribute_field_assignment","relationshipGuid":"f691d6cd-f4a3-4a12-ba5c-e17207d6a796","relationshipStatus":"ACTIVE","relationshipAttributes":{"typeName":"m4i_data_attribute_field_assignment"}}],"datasets":[{"guid":"04d4f33f-fd0d-46bc-8336-85f25f2916b2","typeName":"m4i_dataset","entityStatus":"ACTIVE","displayText":"NL2-PROC-001","relationshipType":"m4i_field_assignment","relationshipGuid":"4e8e37f2-805d-4c57-a578-00f0a31ef677","relationshipStatus":"ACTIVE","relationshipAttributes":{"typeName":"m4i_field_assignment","attributes":{"typeInformation":null}}}],"source":[{"guid":"2bee6dca-fea0-478b-824e-d97365d18bbe","typeName":"m4i_source","entityStatus":"ACTIVE","displayText":"/hr/hr/Data Dictionary_template.xlsm","relationshipType":"m4i_referenceable_source_assignment","relationshipGuid":"439c985c-2b5a-4a9c-8937-7d022c56b265","relationshipStatus":"ACTIVE","relationshipAttributes":{"typeName":"m4i_referenceable_source_assignment"}}],"parentField":[],"meanings":[],"childField":[]},"classifications":[{"typeName":"medium_risk","entityGuid":"ddb6042d-155d-4b53-80f2-037df21da1d9","entityStatus":"ACTIVE","propagate":true,"validityPeriods":[],"removePropagationsOnEntityDelete":true},{"typeName":"key_data","entityGuid":"ddb6042d-155d-4b53-80f2-037df21da1d9","entityStatus":"ACTIVE","propagate":true,"validityPeriods":[],"removePropagationsOnEntityDelete":true},{"typeName":"PII","entityGuid":"ddb6042d-155d-4b53-80f2-037df21da1d9","entityStatus":"ACTIVE","propagate":true,"validityPeriods":[],"removePropagationsOnEntityDelete":true}],"labels":[],"proxy":false}}