{"referredEntities":{},"entity":{"typeName":"m4i_kafka_field","attributes":{"archimateReference":[],"replicatedTo":null,"replicatedFrom":null,"hasContent":null,"steward":[],"qualifiedName":"cc1--kaf1--kaf1-hr--change-event--payload--payload--hier_org","source":[],"datasets":[],"parentField":[],"optionalField":null,"name":"HIER_ORG","definition":null,"attributes":[],"fieldType":"string","childField":[]},"guid":"cc4e0ba3-68f6-4e32-bcd9-5d7939a019eb","isIncomplete":false,"provenanceType":0,"status":"ACTIVE","createdBy":"admin","updatedBy":"admin","createTime":1656522102741,"updateTime":1663931063480,"version":0,"relationshipAttributes":{"ArchiMateReference":[],"dataQuality":[],"attributes":[{"guid":"9c219981-ca51-4513-be10-572cfe9ac5ed","typeName":"m4i_data_attribute","entityStatus":"ACTIVE","displayText":"Hierarchical Organization","relationshipType":"m4i_data_attribute_field_assignment","relationshipGuid":"7ee09891-fcb9-4687-a113-86dc6207438a","relationshipStatus":"ACTIVE","relationshipAttributes":{"typeName":"m4i_data_attribute_field_assignment"}},{"guid":"9928b372-dca2-4fba-99f3-6b99da65b4af","typeName":"m4i_data_attribute","entityStatus":"ACTIVE","displayText":"Hierarchical Organization","relationshipType":"m4i_data_attribute_field_assignment","relationshipGuid":"c072bed8-68a8-4a68-b802-b562686cad9f","relationshipStatus":"ACTIVE","relationshipAttributes":{"typeName":"m4i_data_attribute_field_assignment"}}],"datasets":[],"source":[],"meanings":[],"parentField":[{"guid":"c662301f-a509-47bf-9a4b-279f6b0bb7ec","typeName":"m4i_kafka_field","entityStatus":"ACTIVE","displayText":"payload","relationshipType":"m4i_field_parent_assignment","relationshipGuid":"97c030ab-853a-4922-b1f3-601f08468bab","relationshipStatus":"ACTIVE","relationshipAttributes":{"typeName":"m4i_field_parent_assignment"}}],"childField":[]},"classifications":[{"typeName":"key_data","entityGuid":"9928b372-dca2-4fba-99f3-6b99da65b4af","entityStatus":"ACTIVE","propagate":true,"validityPeriods":[],"removePropagationsOnEntityDelete":true},{"typeName":"low_risk","entityGuid":"9928b372-dca2-4fba-99f3-6b99da65b4af","entityStatus":"ACTIVE","propagate":true,"validityPeriods":[],"removePropagationsOnEntityDelete":true},{"typeName":"low_risk","entityGuid":"9c219981-ca51-4513-be10-572cfe9ac5ed","entityStatus":"ACTIVE","propagate":true,"validityPeriods":[],"removePropagationsOnEntityDelete":true},{"typeName":"key_data","entityGuid":"9c219981-ca51-4513-be10-572cfe9ac5ed","entityStatus":"ACTIVE","propagate":true,"validityPeriods":[],"removePropagationsOnEntityDelete":true}],"labels":[],"proxy":false}}