{"referredEntities":{},"entity":{"typeName":"m4i_visualization","attributes":{"owner":null,"creator":[],"archimateReference":[],"replicatedTo":null,"userDescription":null,"replicatedFrom":null,"qualifiedName":"kib1-hourly-bar-graph","displayName":null,"description":null,"visualizationType":"lens","source":[],"parentDataset":[],"type":"lens","version":"1.0.0","childDataset":[],"collections":[],"name":"bar-graph","definition":null,"fields":[],"updatedAt":"6-28-2020"},"guid":"cdcd293d-2236-47a9-b3b4-9c0d130c7f30","isIncomplete":false,"provenanceType":0,"status":"ACTIVE","createdBy":"admin","updatedBy":"admin","createTime":1663930550928,"updateTime":1663931063480,"version":0,"relationshipAttributes":{"inputToProcesses":[{"guid":"2cde0b17-bdd0-46b3-abf1-87b98ca2042c","typeName":"m4i_generic_process","entityStatus":"ACTIVE","displayText":"Used in change dashboard","relationshipType":"dataset_process_inputs","relationshipGuid":"e5502839-fcde-43cd-8375-f61abbcb3338","relationshipStatus":"ACTIVE","relationshipAttributes":{"typeName":"dataset_process_inputs"}}],"schema":[],"ArchiMateReference":[],"creator":[],"source":[],"parentDataset":[{"guid":"1c04ab3e-f885-4264-a32f-32321df38ecf","typeName":"m4i_dashboard","entityStatus":"ACTIVE","displayText":"plant hourly dashboard","relationshipType":"m4i_dataset_parent_assignment","relationshipGuid":"d1077485-bf32-4df0-ad58-4d0ef3fc05f8","relationshipStatus":"ACTIVE","relationshipAttributes":{"typeName":"m4i_dataset_parent_assignment"}}],"meanings":[],"pipeline":null,"childDataset":[{"guid":"a3d5ab59-783e-4bdb-868d-bfff41181745","typeName":"m4i_index_pattern","entityStatus":"ACTIVE","displayText":"plant hourly","relationshipType":"m4i_dataset_parent_assignment","relationshipGuid":"e3614c5d-6a2b-4247-a907-b708d171c598","relationshipStatus":"ACTIVE","relationshipAttributes":{"typeName":"m4i_dataset_parent_assignment"}}],"collections":[],"model":null,"fields":[],"outputFromProcesses":[{"guid":"8d8894f4-3f44-4f67-b68c-e3c527951b43","typeName":"m4i_generic_process","entityStatus":"ACTIVE","displayText":"Used in bar visualization","relationshipType":"process_dataset_outputs","relationshipGuid":"201d3bae-9ed9-4aac-9ec2-5fce1e0443e4","relationshipStatus":"ACTIVE","relationshipAttributes":{"typeName":"process_dataset_outputs"}}]},"labels":[],"proxy":false}}