{"referredEntities":{},"entity":{"typeName":"m4i_kafka_field","attributes":{"archimateReference":[],"replicatedTo":null,"replicatedFrom":null,"hasContent":null,"steward":[],"qualifiedName":"cc1--kaf1--kaf1-hr--hourly--cc1--kaf1--kaf1-hr--hourly--shiftid","source":[],"datasets":[],"parentField":[],"optionalField":null,"name":"cc1--kaf1--kaf1-hr--hourly--shiftid","definition":null,"attributes":[],"fieldType":"string","childField":[]},"guid":"d0cb0995-cfc3-4d96-9211-8e58695e657b","isIncomplete":false,"provenanceType":0,"status":"ACTIVE","createdBy":"admin","updatedBy":"admin","createTime":1663929263859,"updateTime":1663929263859,"version":0,"relationshipAttributes":{"ArchiMateReference":[],"dataQuality":[],"attributes":[{"guid":"a8249ddd-3aac-49bf-8076-bbd52db1c7d4","typeName":"m4i_data_attribute","entityStatus":"ACTIVE","displayText":"ShiftId","relationshipType":"m4i_data_attribute_field_assignment","relationshipGuid":"4b069818-a0b5-4f01-b23e-7a2973698255","relationshipStatus":"ACTIVE","relationshipAttributes":{"typeName":"m4i_data_attribute_field_assignment"}}],"datasets":[{"guid":"d23a7a85-7666-4726-b1c1-ab85df2f1312","typeName":"m4i_kafka_topic","entityStatus":"ACTIVE","displayText":"hourly","relationshipType":"m4i_field_assignment","relationshipGuid":"e7726ec8-75ac-4bc0-b8f5-02c6ab5ce131","relationshipStatus":"ACTIVE","relationshipAttributes":{"typeName":"m4i_field_assignment","attributes":{"typeInformation":null}}}],"source":[],"meanings":[],"parentField":[],"childField":[]},"classifications":[{"typeName":"low_risk","entityGuid":"a8249ddd-3aac-49bf-8076-bbd52db1c7d4","entityStatus":"ACTIVE","propagate":true,"validityPeriods":[],"removePropagationsOnEntityDelete":true}],"labels":[],"proxy":false}}