{"referredEntities":{},"entity":{"typeName":"m4i_kafka_topic","attributes":{"owner":null,"partitions":0,"archimateReference":[],"replicatedTo":null,"userDescription":null,"replicatedFrom":null,"qualifiedName":"cc1--kaf1--kaf1-hr--hourly","displayName":null,"replicas":0,"description":null,"source":[],"parentDataset":[],"childDataset":[],"collections":[],"name":"hourly","definition":null,"fields":[]},"guid":"d23a7a85-7666-4726-b1c1-ab85df2f1312","isIncomplete":false,"provenanceType":0,"status":"ACTIVE","createdBy":"admin","updatedBy":"admin","createTime":1663929263859,"updateTime":1663931063480,"version":0,"relationshipAttributes":{"inputToProcesses":[{"guid":"7e86bbb8-b959-46e2-a54e-2f964eb54e57","typeName":"m4i_connector_process","entityStatus":"ACTIVE","displayText":"Hourly sink connector","relationshipType":"dataset_process_inputs","relationshipGuid":"bde3fdb5-3494-423e-8e3f-0c7dbdc09eaa","relationshipStatus":"ACTIVE","relationshipAttributes":{"typeName":"dataset_process_inputs"}}],"schema":[],"ArchiMateReference":[],"source":[],"parentDataset":[],"meanings":[],"pipeline":null,"childDataset":[],"collections":[{"guid":"eaceff70-4c3b-4ccc-b38c-912ed76963af","typeName":"m4i_collection","entityStatus":"ACTIVE","displayText":"cc1--kaf1--kaf1-hr--data","relationshipType":"m4i_dataset_assignment","relationshipGuid":"9237cc0d-d4bb-454e-837d-ceaab2ece19f","relationshipStatus":"ACTIVE","relationshipAttributes":{"typeName":"m4i_dataset_assignment"}}],"ksqlApps":[],"model":null,"fields":[{"guid":"c9ab453c-1688-4ebe-8e82-b41d2a0cc745","typeName":"m4i_kafka_field","entityStatus":"ACTIVE","displayText":"cc1--kaf1--kaf1-hr--hourly--week","relationshipType":"m4i_field_assignment","relationshipGuid":"8efb45e8-f848-4a36-b5b3-d82a52de8d24","relationshipStatus":"ACTIVE","relationshipAttributes":{"typeName":"m4i_field_assignment","attributes":{"typeInformation":null}}},{"guid":"c93b578e-3382-4172-8b43-f3bd0bd4d585","typeName":"m4i_kafka_field","entityStatus":"ACTIVE","displayText":"cc1--kaf1--kaf1-hr--hourly--uptime","relationshipType":"m4i_field_assignment","relationshipGuid":"09a61e24-5e61-49b5-ae1e-63229c9d171d","relationshipStatus":"ACTIVE","relationshipAttributes":{"typeName":"m4i_field_assignment","attributes":{"typeInformation":null}}},{"guid":"62328e62-3429-4aa6-94e5-58f1005b5a99","typeName":"m4i_kafka_field","entityStatus":"ACTIVE","displayText":"cc1--kaf1--kaf1-hr--hourly--year","relationshipType":"m4i_field_assignment","relationshipGuid":"4e55b5bd-c588-4c09-af9c-794c043b9687","relationshipStatus":"ACTIVE","relationshipAttributes":{"typeName":"m4i_field_assignment","attributes":{"typeInformation":null}}},{"guid":"c5837407-3678-4bf4-b7a3-28d5ef87609d","typeName":"m4i_kafka_field","entityStatus":"ACTIVE","displayText":"cc1--kaf1--kaf1-hr--hourly--workorderid","relationshipType":"m4i_field_assignment","relationshipGuid":"c8ccb792-7c26-47b4-ab7e-2ffba8950260","relationshipStatus":"ACTIVE","relationshipAttributes":{"typeName":"m4i_field_assignment","attributes":{"typeInformation":null}}},{"guid":"cf0603d7-00fd-40c3-a5a4-6951a830ab2e","typeName":"m4i_kafka_field","entityStatus":"ACTIVE","displayText":"cc1--kaf1--kaf1-hr--hourly--downtime","relationshipType":"m4i_field_assignment","relationshipGuid":"6ed368a4-de7a-461b-a7ff-660788e63922","relationshipStatus":"ACTIVE","relationshipAttributes":{"typeName":"m4i_field_assignment","attributes":{"typeInformation":null}}},{"guid":"d0cb0995-cfc3-4d96-9211-8e58695e657b","typeName":"m4i_kafka_field","entityStatus":"ACTIVE","displayText":"cc1--kaf1--kaf1-hr--hourly--shiftid","relationshipType":"m4i_field_assignment","relationshipGuid":"e7726ec8-75ac-4bc0-b8f5-02c6ab5ce131","relationshipStatus":"ACTIVE","relationshipAttributes":{"typeName":"m4i_field_assignment","attributes":{"typeInformation":null}}},{"guid":"60075951-75bd-436b-8ddc-cde39d548360","typeName":"m4i_kafka_field","entityStatus":"ACTIVE","displayText":"cc1--kaf1--kaf1-hr--hourly--shiftname","relationshipType":"m4i_field_assignment","relationshipGuid":"d2de8507-7e79-4ef8-ad45-fde6dbda8604","relationshipStatus":"ACTIVE","relationshipAttributes":{"typeName":"m4i_field_assignment","attributes":{"typeInformation":null}}},{"guid":"8d60c3bd-2da8-453d-9f12-0b0f262000f4","typeName":"m4i_kafka_field","entityStatus":"ACTIVE","displayText":"cc1--kaf1--kaf1-hr--hourly--minorstop","relationshipType":"m4i_field_assignment","relationshipGuid":"823e0149-bf60-4670-99ed-2853c21381f5","relationshipStatus":"ACTIVE","relationshipAttributes":{"typeName":"m4i_field_assignment","attributes":{"typeInformation":null}}},{"guid":"837f8269-472e-4cf6-860e-41fc80447046","typeName":"m4i_kafka_field","entityStatus":"ACTIVE","displayText":"cc1--kaf1--kaf1-hr--hourly--assettype","relationshipType":"m4i_field_assignment","relationshipGuid":"5565a8be-edd6-48b9-b19c-70dd6e32a3f3","relationshipStatus":"ACTIVE","relationshipAttributes":{"typeName":"m4i_field_assignment","attributes":{"typeInformation":null}}},{"guid":"53b0e04b-5d2a-4e90-869f-a04c2dd9c2af","typeName":"m4i_kafka_field","entityStatus":"ACTIVE","displayText":"cc1--kaf1--kaf1-hr--hourly--idletime","relationshipType":"m4i_field_assignment","relationshipGuid":"f8df7f60-777f-4ac9-bf5a-7dc3c107b808","relationshipStatus":"ACTIVE","relationshipAttributes":{"typeName":"m4i_field_assignment","attributes":{"typeInformation":null}}},{"guid":"569d0aa2-cd55-4821-b7e9-5fa5c3e6f386","typeName":"m4i_kafka_field","entityStatus":"ACTIVE","displayText":"cc1--kaf1--kaf1-hr--hourly--workorder","relationshipType":"m4i_field_assignment","relationshipGuid":"8d497bf7-cbb9-4fc7-9e8d-ca20fd7864cc","relationshipStatus":"ACTIVE","relationshipAttributes":{"typeName":"m4i_field_assignment","attributes":{"typeInformation":null}}},{"guid":"7b4b2892-46e0-4780-a431-cc331bdbbb68","typeName":"m4i_kafka_field","entityStatus":"ACTIVE","displayText":"cc1--kaf1--kaf1-hr--hourly--plant","relationshipType":"m4i_field_assignment","relationshipGuid":"87c62634-134c-49f4-a6c9-f7e9ca5efee5","relationshipStatus":"ACTIVE","relationshipAttributes":{"typeName":"m4i_field_assignment","attributes":{"typeInformation":null}}},{"guid":"0ad6b5f2-ce04-4f68-9c5b-cd607f94398a","typeName":"m4i_kafka_field","entityStatus":"ACTIVE","displayText":"cc1--kaf1--kaf1-hr--hourly--workcentername","relationshipType":"m4i_field_assignment","relationshipGuid":"08bfe685-759a-495b-89a4-863c117eefb4","relationshipStatus":"ACTIVE","relationshipAttributes":{"typeName":"m4i_field_assignment","attributes":{"typeInformation":null}}},{"guid":"8c788070-840b-4207-b548-87eaeaeed934","typeName":"m4i_kafka_field","entityStatus":"ACTIVE","displayText":"cc1--kaf1--kaf1-hr--hourly--scheduleddowntime","relationshipType":"m4i_field_assignment","relationshipGuid":"6af91121-60c3-4e5f-a5c3-b8d7bed989c9","relationshipStatus":"ACTIVE","relationshipAttributes":{"typeName":"m4i_field_assignment","attributes":{"typeInformation":null}}},{"guid":"a6f35ebb-a32a-4c98-afa5-d6cbf6096fa2","typeName":"m4i_kafka_field","entityStatus":"ACTIVE","displayText":"cc1--kaf1--kaf1-hr--hourly--site","relationshipType":"m4i_field_assignment","relationshipGuid":"40ae9614-d1e0-4279-aace-38a6cd85951f","relationshipStatus":"ACTIVE","relationshipAttributes":{"typeName":"m4i_field_assignment","attributes":{"typeInformation":null}}},{"guid":"a42ef3d3-00da-44d0-83f6-33f8eb4cae8e","typeName":"m4i_kafka_field","entityStatus":"ACTIVE","displayText":"cc1--kaf1--kaf1-hr--hourly--valuestreamname","relationshipType":"m4i_field_assignment","relationshipGuid":"ca82dab4-eae2-45e4-a1ab-12cd0e313fa2","relationshipStatus":"ACTIVE","relationshipAttributes":{"typeName":"m4i_field_assignment","attributes":{"typeInformation":null}}},{"guid":"192d986b-568f-467d-822f-1c95154aa1d5","typeName":"m4i_kafka_field","entityStatus":"ACTIVE","displayText":"cc1--kaf1--kaf1-hr--hourly--oee","relationshipType":"m4i_field_assignment","relationshipGuid":"3b053677-57b9-4ab3-9999-94e6c70a47d8","relationshipStatus":"ACTIVE","relationshipAttributes":{"typeName":"m4i_field_assignment","attributes":{"typeInformation":null}}},{"guid":"8542c2a1-8278-4255-adc3-a02dd041d3ed","typeName":"m4i_kafka_field","entityStatus":"ACTIVE","displayText":"cc1--kaf1--kaf1-hr--hourly--month","relationshipType":"m4i_field_assignment","relationshipGuid":"15759783-3750-48f1-b27f-af1c21852279","relationshipStatus":"ACTIVE","relationshipAttributes":{"typeName":"m4i_field_assignment","attributes":{"typeInformation":null}}},{"guid":"f5b80975-8353-44bf-9f0e-78a36fa9fed9","typeName":"m4i_kafka_field","entityStatus":"ACTIVE","displayText":"cc1--kaf1--kaf1-hr--hourly--partsperminute","relationshipType":"m4i_field_assignment","relationshipGuid":"716a18f4-0f70-4633-9dfc-7117f91ba190","relationshipStatus":"ACTIVE","relationshipAttributes":{"typeName":"m4i_field_assignment","attributes":{"typeInformation":null}}},{"guid":"aac9cf91-79fa-45ba-91ac-963f95105273","typeName":"m4i_kafka_field","entityStatus":"ACTIVE","displayText":"cc1--kaf1--kaf1-hr--hourly--equipmentstatus","relationshipType":"m4i_field_assignment","relationshipGuid":"7b3f738a-dd55-4740-b77a-bad8004e4963","relationshipStatus":"ACTIVE","relationshipAttributes":{"typeName":"m4i_field_assignment","attributes":{"typeInformation":null}}},{"guid":"542909f8-8931-4d78-827f-91f427958ce1","typeName":"m4i_kafka_field","entityStatus":"ACTIVE","displayText":"cc1--kaf1--kaf1-hr--hourly--assetname","relationshipType":"m4i_field_assignment","relationshipGuid":"355a7c76-dbb0-4b8e-8133-aa74fb9734f1","relationshipStatus":"ACTIVE","relationshipAttributes":{"typeName":"m4i_field_assignment","attributes":{"typeInformation":null}}},{"guid":"cf94f900-eb98-4959-b270-9f632a998ae0","typeName":"m4i_kafka_field","entityStatus":"ACTIVE","displayText":"cc1--kaf1--kaf1-hr--hourly--downtimeinminutes","relationshipType":"m4i_field_assignment","relationshipGuid":"d88c8ebc-96e7-45a0-a4c3-9ff55e4dfa38","relationshipStatus":"ACTIVE","relationshipAttributes":{"typeName":"m4i_field_assignment","attributes":{"typeInformation":null}}},{"guid":"547cb8a7-392b-4b3e-8ba9-2428125aaa78","typeName":"m4i_kafka_field","entityStatus":"ACTIVE","displayText":"cc1--kaf1--kaf1-hr--hourly--workcenterid","relationshipType":"m4i_field_assignment","relationshipGuid":"cb6b8db9-6949-4bf8-b3e5-a09f88524135","relationshipStatus":"ACTIVE","relationshipAttributes":{"typeName":"m4i_field_assignment","attributes":{"typeInformation":null}}},{"guid":"949bffe5-16f4-4c4e-8321-94eeba70a7a1","typeName":"m4i_kafka_field","entityStatus":"ACTIVE","displayText":"cc1--kaf1--kaf1-hr--hourly--date","relationshipType":"m4i_field_assignment","relationshipGuid":"5e19bb51-2c49-4f3b-b4c7-c27866d5ce89","relationshipStatus":"ACTIVE","relationshipAttributes":{"typeName":"m4i_field_assignment","attributes":{"typeInformation":null}}},{"guid":"d1493041-980d-4b92-922d-351e4c866b97","typeName":"m4i_kafka_field","entityStatus":"ACTIVE","displayText":"cc1--kaf1--kaf1-hr--hourly--skuid","relationshipType":"m4i_field_assignment","relationshipGuid":"1d0ba2f4-d288-47eb-8de6-121aafd4febc","relationshipStatus":"ACTIVE","relationshipAttributes":{"typeName":"m4i_field_assignment","attributes":{"typeInformation":null}}},{"guid":"60e04dd8-e41a-4539-add5-4110a11711cc","typeName":"m4i_kafka_field","entityStatus":"ACTIVE","displayText":"cc1--kaf1--kaf1-hr--hourly--sku","relationshipType":"m4i_field_assignment","relationshipGuid":"89443584-dedb-44d2-aac2-0dea31d988eb","relationshipStatus":"ACTIVE","relationshipAttributes":{"typeName":"m4i_field_assignment","attributes":{"typeInformation":null}}},{"guid":"b39fb3cb-f82f-4051-b8d1-1c3b10c3b799","typeName":"m4i_kafka_field","entityStatus":"ACTIVE","displayText":"cc1--kaf1--kaf1-hr--hourly--siteid","relationshipType":"m4i_field_assignment","relationshipGuid":"e2608f72-a211-40bb-a21b-29abd81ed735","relationshipStatus":"ACTIVE","relationshipAttributes":{"typeName":"m4i_field_assignment","attributes":{"typeInformation":null}}},{"guid":"fa1cc6b8-acdc-4485-b47a-98edfe95ae6e","typeName":"m4i_kafka_field","entityStatus":"ACTIVE","displayText":"cc1--kaf1--kaf1-hr--hourly--hour","relationshipType":"m4i_field_assignment","relationshipGuid":"db55697e-5485-45e4-b942-534ca4bb9f83","relationshipStatus":"ACTIVE","relationshipAttributes":{"typeName":"m4i_field_assignment","attributes":{"typeInformation":null}}}],"outputFromProcesses":[{"guid":"54ee1c45-14b4-4897-bc38-ea213e0f258a","typeName":"m4i_generic_process","entityStatus":"ACTIVE","displayText":"nl3--nl3plant--nl3plant001--cc1--kaf1--kaf1-hr--hourly","relationshipType":"process_dataset_outputs","relationshipGuid":"19d1cd11-4a30-454d-9284-5c3784e1e2c3","relationshipStatus":"ACTIVE","relationshipAttributes":{"typeName":"process_dataset_outputs"}}]},"labels":[],"proxy":false}}