{"referredEntities":{},"entity":{"typeName":"m4i_gov_data_quality","attributes":{"owner":null,"archimateReference":[],"expression":"conditional_value('target_relationship_type', 'target_typename', {'m4i_field_assignment':'m4i_kafka_topic'})","replicatedTo":null,"userDescription":null,"replicatedFrom":null,"qualifiedName":"m4i_kafka_field--datasets--target","displayName":null,"description":null,"active":true,"source":[],"ruleDescription":"datasets target relation type is m4i_kafka_topic","nonCompliantMessage":"This entity is missing a target relationship with type m4i_kafka_topic","ruleType":"relationship","name":"m4i_kafka_field--datasets--target","compliantMessage":"This entity has a target relationship with type m4i_kafka_topic","id":8,"qualityDimension":"completeness","expressionVersion":"1"},"guid":"d822f450-6a40-44b8-8055-af6f89411550","isIncomplete":false,"provenanceType":0,"status":"ACTIVE","createdBy":"admin","updatedBy":"admin","createTime":1656522427794,"updateTime":1663931063480,"version":0,"relationshipAttributes":{"inputToProcesses":[],"pipeline":null,"schema":[],"ArchiMateReference":[],"model":null,"source":[],"meanings":[],"outputFromProcesses":[]},"labels":[],"proxy":false}}