{"referredEntities":{},"entity":{"typeName":"m4i_visualization","attributes":{"owner":null,"creator":[],"archimateReference":[],"replicatedTo":null,"userDescription":null,"replicatedFrom":null,"qualifiedName":"kib1-hr-bar-graph","displayName":null,"description":null,"visualizationType":"lens","source":[],"parentDataset":[],"type":"lens","version":"1.0.0","childDataset":[],"collections":[],"name":"bar-graph","definition":null,"fields":[],"updatedAt":"6-28-2020"},"guid":"d830db18-40ab-4d4e-ac1d-d2ff085915cf","isIncomplete":false,"provenanceType":0,"status":"ACTIVE","createdBy":"admin","updatedBy":"admin","createTime":1656522232589,"updateTime":1663931063480,"version":0,"relationshipAttributes":{"inputToProcesses":[{"guid":"5fdf05a7-e535-4f57-8ef4-ff97ac6699e6","typeName":"m4i_generic_process","entityStatus":"ACTIVE","displayText":"Used in change dashboard","relationshipType":"dataset_process_inputs","relationshipGuid":"d5ad51d8-757b-402f-be93-ff24f1aadf3e","relationshipStatus":"ACTIVE","relationshipAttributes":{"typeName":"dataset_process_inputs"}}],"schema":[],"ArchiMateReference":[],"creator":[],"source":[],"parentDataset":[{"guid":"ac7d0a6e-9605-4610-8992-dbf05103c980","typeName":"m4i_dashboard","entityStatus":"ACTIVE","displayText":"change dashboard","relationshipType":"m4i_dataset_parent_assignment","relationshipGuid":"a53074e8-018c-49cb-afce-50a6d8489e03","relationshipStatus":"ACTIVE","relationshipAttributes":{"typeName":"m4i_dataset_parent_assignment"}}],"meanings":[],"pipeline":null,"childDataset":[{"guid":"e4cb40df-f287-4ce0-9819-303995c50949","typeName":"m4i_index_pattern","entityStatus":"ACTIVE","displayText":"change-index","relationshipType":"m4i_dataset_parent_assignment","relationshipGuid":"aa9cb309-f961-401b-b60c-44e01a81f9bb","relationshipStatus":"ACTIVE","relationshipAttributes":{"typeName":"m4i_dataset_parent_assignment"}}],"collections":[],"model":null,"fields":[],"outputFromProcesses":[{"guid":"2351f3f3-f117-4fe7-9637-bc3e5860c0a5","typeName":"m4i_generic_process","entityStatus":"ACTIVE","displayText":"Used in bar visualization","relationshipType":"process_dataset_outputs","relationshipGuid":"23affd2e-2ff1-4284-918d-85e8794f93f4","relationshipStatus":"ACTIVE","relationshipAttributes":{"typeName":"process_dataset_outputs"}}]},"classifications":[{"typeName":"high_risk","entityGuid":"c93b1aab-8378-4041-a3d3-65f913eb2d06","entityStatus":"ACTIVE","propagate":true,"validityPeriods":[],"removePropagationsOnEntityDelete":true},{"typeName":"PII","entityGuid":"444c163e-b201-47bd-9b3a-9c1c9d33a4bb","entityStatus":"ACTIVE","propagate":true,"validityPeriods":[],"removePropagationsOnEntityDelete":true},{"typeName":"high_risk","entityGuid":"444c163e-b201-47bd-9b3a-9c1c9d33a4bb","entityStatus":"ACTIVE","propagate":true,"validityPeriods":[],"removePropagationsOnEntityDelete":true},{"typeName":"PII","entityGuid":"c93b1aab-8378-4041-a3d3-65f913eb2d06","entityStatus":"ACTIVE","propagate":true,"validityPeriods":[],"removePropagationsOnEntityDelete":true}],"labels":[],"proxy":false}}