{"referredEntities":{},"entity":{"typeName":"m4i_kafka_field","attributes":{"archimateReference":[],"replicatedTo":null,"replicatedFrom":null,"hasContent":null,"steward":[],"qualifiedName":"cc1--kaf1--kaf1-hr--change-event--payload","source":[],"datasets":[],"parentField":[],"optionalField":null,"name":"payload","definition":null,"attributes":[],"fieldType":"record","childField":[]},"guid":"dbafb985-4f0e-4f39-9744-1aa17130ac69","isIncomplete":false,"provenanceType":0,"status":"ACTIVE","createdBy":"admin","updatedBy":"admin","createTime":1656522102741,"updateTime":1663931063480,"version":0,"relationshipAttributes":{"ArchiMateReference":[],"dataQuality":[],"attributes":[],"datasets":[{"guid":"c2ee75ac-b623-44cf-a43c-be03e194b5bd","typeName":"m4i_kafka_topic","entityStatus":"ACTIVE","displayText":"change-event","relationshipType":"m4i_field_assignment","relationshipGuid":"78684643-759f-49aa-8449-c93fd2736fb9","relationshipStatus":"ACTIVE","relationshipAttributes":{"typeName":"m4i_field_assignment","attributes":{"typeInformation":null}}}],"source":[],"meanings":[],"parentField":[],"childField":[{"guid":"c662301f-a509-47bf-9a4b-279f6b0bb7ec","typeName":"m4i_kafka_field","entityStatus":"ACTIVE","displayText":"payload","relationshipType":"m4i_field_parent_assignment","relationshipGuid":"1c1c245e-08cf-4229-9b46-039444b5a939","relationshipStatus":"ACTIVE","relationshipAttributes":{"typeName":"m4i_field_parent_assignment"}}]},"labels":[],"proxy":false}}