{"referredEntities":{},"entity":{"typeName":"m4i_person","attributes":{"archimateReference":[],"replicatedTo":null,"replicatedFrom":null,"qualifiedName":"jane.martens@email.com","name":"Jane Martens","source":[],"email":"jane.martens@email.com"},"guid":"dc408458-fd6d-4080-a324-9900585d1146","isIncomplete":false,"provenanceType":0,"status":"ACTIVE","createdBy":"admin","updatedBy":"admin","createTime":1656521943868,"updateTime":1663931063480,"version":0,"relationshipAttributes":{"indexPatterns":[],"stewardAttribute":[],"ArchiMateReference":[],"visualizations":[],"domainLead":[],"businessOwnerAttribute":[{"guid":"e7d2e19a-3d17-498b-90d4-ef04a74b5175","typeName":"m4i_data_attribute","entityStatus":"ACTIVE","displayText":"PartsPerMinute","relationshipType":"m4i_data_attribute_business_owner_assignment","relationshipGuid":"461cfc00-bed6-4d0d-891e-77ed1d562634","relationshipStatus":"ACTIVE","relationshipAttributes":{"typeName":"m4i_data_attribute_business_owner_assignment"}},{"guid":"bcc3902b-2203-48c4-ba9b-d5c74da4c2ab","typeName":"m4i_data_attribute","entityStatus":"ACTIVE","displayText":"date","relationshipType":"m4i_data_attribute_business_owner_assignment","relationshipGuid":"25ef8d84-7ffb-4156-99e0-133bfd7f7348","relationshipStatus":"ACTIVE","relationshipAttributes":{"typeName":"m4i_data_attribute_business_owner_assignment"}},{"guid":"8c403ddb-e4d6-4952-aad8-c2685fb28173","typeName":"m4i_data_attribute","entityStatus":"ACTIVE","displayText":"SKUId","relationshipType":"m4i_data_attribute_business_owner_assignment","relationshipGuid":"cc038167-2e49-40f9-977e-d733062effc6","relationshipStatus":"ACTIVE","relationshipAttributes":{"typeName":"m4i_data_attribute_business_owner_assignment"}},{"guid":"75035074-c4c1-4cfb-aafb-271b2aec51b8","typeName":"m4i_data_attribute","entityStatus":"ACTIVE","displayText":"DownTime","relationshipType":"m4i_data_attribute_business_owner_assignment","relationshipGuid":"059f8fa1-5470-42ca-8164-ce326137c102","relationshipStatus":"ACTIVE","relationshipAttributes":{"typeName":"m4i_data_attribute_business_owner_assignment"}},{"guid":"515c596a-bdde-49a5-96b1-95bd20903019","typeName":"m4i_data_attribute","entityStatus":"ACTIVE","displayText":"Plant","relationshipType":"m4i_data_attribute_business_owner_assignment","relationshipGuid":"4a355421-26d8-40da-a18a-a747868cabbc","relationshipStatus":"ACTIVE","relationshipAttributes":{"typeName":"m4i_data_attribute_business_owner_assignment"}},{"guid":"aa729886-037d-4860-af8d-c6af2ee5f6b8","typeName":"m4i_data_attribute","entityStatus":"ACTIVE","displayText":"SiteId","relationshipType":"m4i_data_attribute_business_owner_assignment","relationshipGuid":"5d9f32a1-9939-4b51-bb64-798a48d11c82","relationshipStatus":"ACTIVE","relationshipAttributes":{"typeName":"m4i_data_attribute_business_owner_assignment"}},{"guid":"5fe5ae11-ce8c-4fa3-94d1-7c6f34227b52","typeName":"m4i_data_attribute","entityStatus":"ACTIVE","displayText":"AssetName","relationshipType":"m4i_data_attribute_business_owner_assignment","relationshipGuid":"cf0f46be-53f6-404b-8bce-14deb2a85f0a","relationshipStatus":"ACTIVE","relationshipAttributes":{"typeName":"m4i_data_attribute_business_owner_assignment"}},{"guid":"814c0aa3-6617-4e4d-9b14-5edf729d1195","typeName":"m4i_data_attribute","entityStatus":"ACTIVE","displayText":"EquipmentId","relationshipType":"m4i_data_attribute_business_owner_assignment","relationshipGuid":"10e99988-1afe-42d4-9319-8a2fab10af96","relationshipStatus":"ACTIVE","relationshipAttributes":{"typeName":"m4i_data_attribute_business_owner_assignment"}},{"guid":"6c6a3fb9-e983-4b39-a26b-2883cf06cc8d","typeName":"m4i_data_attribute","entityStatus":"ACTIVE","displayText":"SKU","relationshipType":"m4i_data_attribute_business_owner_assignment","relationshipGuid":"5447643c-19e5-4db6-a34b-c18fd7091d4a","relationshipStatus":"ACTIVE","relationshipAttributes":{"typeName":"m4i_data_attribute_business_owner_assignment"}},{"guid":"600bf7fe-fea8-4072-a62f-e2f3165408bd","typeName":"m4i_data_attribute","entityStatus":"ACTIVE","displayText":"year","relationshipType":"m4i_data_attribute_business_owner_assignment","relationshipGuid":"0bce38e9-7a29-44b9-9177-884b2175b33e","relationshipStatus":"ACTIVE","relationshipAttributes":{"typeName":"m4i_data_attribute_business_owner_assignment"}},{"guid":"472b11de-2c1a-45db-8284-f54db2918a2a","typeName":"m4i_data_attribute","entityStatus":"ACTIVE","displayText":"Line","relationshipType":"m4i_data_attribute_business_owner_assignment","relationshipGuid":"942d8341-cbf0-4c7a-a1ae-28738325f66d","relationshipStatus":"ACTIVE","relationshipAttributes":{"typeName":"m4i_data_attribute_business_owner_assignment"}},{"guid":"a48ff719-ba8f-41f6-9c8a-5011e0c92089","typeName":"m4i_data_attribute","entityStatus":"ACTIVE","displayText":"ScheduledDownTime","relationshipType":"m4i_data_attribute_business_owner_assignment","relationshipGuid":"6da0588b-0e4e-47ae-bab1-ba49e5a6253c","relationshipStatus":"ACTIVE","relationshipAttributes":{"typeName":"m4i_data_attribute_business_owner_assignment"}},{"guid":"010d67a7-0514-4669-af97-cc5b3d107b56","typeName":"m4i_data_attribute","entityStatus":"ACTIVE","displayText":"TotalPart","relationshipType":"m4i_data_attribute_business_owner_assignment","relationshipGuid":"d2e84c37-b3ee-4cc1-bbb8-d45ac2374c34","relationshipStatus":"ACTIVE","relationshipAttributes":{"typeName":"m4i_data_attribute_business_owner_assignment"}},{"guid":"764adae5-f5e5-4477-8fb1-6a06cf2200da","typeName":"m4i_data_attribute","entityStatus":"ACTIVE","displayText":"SKUId","relationshipType":"m4i_data_attribute_business_owner_assignment","relationshipGuid":"f689dafb-01ab-42ba-b277-89228c0a8909","relationshipStatus":"ACTIVE","relationshipAttributes":{"typeName":"m4i_data_attribute_business_owner_assignment"}},{"guid":"d1700b98-5935-4d78-ad57-8fb0089da5f2","typeName":"m4i_data_attribute","entityStatus":"ACTIVE","displayText":"WorkCenterName","relationshipType":"m4i_data_attribute_business_owner_assignment","relationshipGuid":"e5a9e296-2956-4cd2-ac1e-fb1c8296b559","relationshipStatus":"ACTIVE","relationshipAttributes":{"typeName":"m4i_data_attribute_business_owner_assignment"}},{"guid":"04408291-54fb-448d-87ae-58cfb8137647","typeName":"m4i_data_attribute","entityStatus":"ACTIVE","displayText":"month","relationshipType":"m4i_data_attribute_business_owner_assignment","relationshipGuid":"434b8446-76c1-475f-8b9c-5565b55f7a8d","relationshipStatus":"ACTIVE","relationshipAttributes":{"typeName":"m4i_data_attribute_business_owner_assignment"}},{"guid":"06ee09e0-babf-4e14-b3c0-d8c1878a8b25","typeName":"m4i_data_attribute","entityStatus":"ACTIVE","displayText":"ModifiedOn","relationshipType":"m4i_data_attribute_business_owner_assignment","relationshipGuid":"d3aca6f2-68b1-4355-9cd1-e0d2d3dfaf63","relationshipStatus":"ACTIVE","relationshipAttributes":{"typeName":"m4i_data_attribute_business_owner_assignment"}},{"guid":"0ce8270a-d024-46bc-8542-60e9ae8bf722","typeName":"m4i_data_attribute","entityStatus":"ACTIVE","displayText":"CreatedBy","relationshipType":"m4i_data_attribute_business_owner_assignment","relationshipGuid":"004a0f86-3e9b-4b0f-958b-f1d33cc2c399","relationshipStatus":"ACTIVE","relationshipAttributes":{"typeName":"m4i_data_attribute_business_owner_assignment"}},{"guid":"d3017dd7-d7a1-48f0-a161-bc01a816d09d","typeName":"m4i_data_attribute","entityStatus":"ACTIVE","displayText":"AssetModel","relationshipType":"m4i_data_attribute_business_owner_assignment","relationshipGuid":"e43c22d6-0e06-49da-b2ee-20bf3a898d2c","relationshipStatus":"ACTIVE","relationshipAttributes":{"typeName":"m4i_data_attribute_business_owner_assignment"}},{"guid":"f4956b8f-3c7f-4d4b-a99d-10b9a32a42e0","typeName":"m4i_data_attribute","entityStatus":"ACTIVE","displayText":"WorkCenterName","relationshipType":"m4i_data_attribute_business_owner_assignment","relationshipGuid":"67775d4b-8c87-43e4-a88f-c7743eacf3c4","relationshipStatus":"ACTIVE","relationshipAttributes":{"typeName":"m4i_data_attribute_business_owner_assignment"}},{"guid":"a8249ddd-3aac-49bf-8076-bbd52db1c7d4","typeName":"m4i_data_attribute","entityStatus":"ACTIVE","displayText":"ShiftId","relationshipType":"m4i_data_attribute_business_owner_assignment","relationshipGuid":"4e294ccd-0e9d-4766-a1c1-47b39ea5fa3f","relationshipStatus":"ACTIVE","relationshipAttributes":{"typeName":"m4i_data_attribute_business_owner_assignment"}},{"guid":"72b6ed89-4964-4144-94a2-e26d753bc0f7","typeName":"m4i_data_attribute","entityStatus":"ACTIVE","displayText":"AssetType","relationshipType":"m4i_data_attribute_business_owner_assignment","relationshipGuid":"52092588-5234-4e72-8607-a0b2dad60930","relationshipStatus":"ACTIVE","relationshipAttributes":{"typeName":"m4i_data_attribute_business_owner_assignment"}},{"guid":"a48a14e4-ccce-4a6b-8bb5-1f1de15636ef","typeName":"m4i_data_attribute","entityStatus":"ACTIVE","displayText":"WorkCenterId","relationshipType":"m4i_data_attribute_business_owner_assignment","relationshipGuid":"ea5857d0-08eb-4435-824c-82c713973096","relationshipStatus":"ACTIVE","relationshipAttributes":{"typeName":"m4i_data_attribute_business_owner_assignment"}},{"guid":"62d022bf-3005-4ff2-aa26-d110c2b0d5b2","typeName":"m4i_data_attribute","entityStatus":"ACTIVE","displayText":"DownTimeDuration","relationshipType":"m4i_data_attribute_business_owner_assignment","relationshipGuid":"3e199c96-8187-477d-b080-e884f12e88d7","relationshipStatus":"ACTIVE","relationshipAttributes":{"typeName":"m4i_data_attribute_business_owner_assignment"}},{"guid":"5210b57d-aa17-4779-bbb1-1a3ec305df12","typeName":"m4i_data_attribute","entityStatus":"ACTIVE","displayText":"PlantId","relationshipType":"m4i_data_attribute_business_owner_assignment","relationshipGuid":"8f9a75d8-e894-4242-824c-edc5f4db42a0","relationshipStatus":"ACTIVE","relationshipAttributes":{"typeName":"m4i_data_attribute_business_owner_assignment"}},{"guid":"506aa3cd-8317-4ed0-9d18-877867db1782","typeName":"m4i_data_attribute","entityStatus":"ACTIVE","displayText":"ShiftName","relationshipType":"m4i_data_attribute_business_owner_assignment","relationshipGuid":"beec92c0-b6e1-4004-a36e-a489209edb81","relationshipStatus":"ACTIVE","relationshipAttributes":{"typeName":"m4i_data_attribute_business_owner_assignment"}},{"guid":"ca0d9ade-9819-40a9-a92a-778bf668fe9e","typeName":"m4i_data_attribute","entityStatus":"ACTIVE","displayText":"DowntimeId","relationshipType":"m4i_data_attribute_business_owner_assignment","relationshipGuid":"e9a75334-b5b0-4a70-a699-5ec6b823efd5","relationshipStatus":"ACTIVE","relationshipAttributes":{"typeName":"m4i_data_attribute_business_owner_assignment"}},{"guid":"62fd8e1a-0226-4ed6-98e0-4f909f8bdf2b","typeName":"m4i_data_attribute","entityStatus":"ACTIVE","displayText":"SupervisorId","relationshipType":"m4i_data_attribute_business_owner_assignment","relationshipGuid":"3449cc90-5be4-43a6-a05c-9dab58d2a305","relationshipStatus":"ACTIVE","relationshipAttributes":{"typeName":"m4i_data_attribute_business_owner_assignment"}},{"guid":"0e0b8f4b-6ad2-4eed-8890-6a8c880c2614","typeName":"m4i_data_attribute","entityStatus":"ACTIVE","displayText":"ValueStreamName","relationshipType":"m4i_data_attribute_business_owner_assignment","relationshipGuid":"839d1511-488a-40c8-8211-6a18b025a3ae","relationshipStatus":"ACTIVE","relationshipAttributes":{"typeName":"m4i_data_attribute_business_owner_assignment"}},{"guid":"7544bed3-f9ca-4075-951f-6d0230a202fc","typeName":"m4i_data_attribute","entityStatus":"ACTIVE","displayText":"Plant","relationshipType":"m4i_data_attribute_business_owner_assignment","relationshipGuid":"8aede435-b157-4e55-a49d-5808d86dc390","relationshipStatus":"ACTIVE","relationshipAttributes":{"typeName":"m4i_data_attribute_business_owner_assignment"}},{"guid":"834c37ad-b8a8-40bd-b573-5c4fadfe1d26","typeName":"m4i_data_attribute","entityStatus":"ACTIVE","displayText":"PlantId","relationshipType":"m4i_data_attribute_business_owner_assignment","relationshipGuid":"d97a12a8-6424-48cd-9a3b-9b3458afc262","relationshipStatus":"ACTIVE","relationshipAttributes":{"typeName":"m4i_data_attribute_business_owner_assignment"}},{"guid":"1adf8352-ddaf-47e2-baaf-a1ed17483401","typeName":"m4i_data_attribute","entityStatus":"ACTIVE","displayText":"LineId","relationshipType":"m4i_data_attribute_business_owner_assignment","relationshipGuid":"4964c0b4-2b97-4a56-8f87-aecb21528ae7","relationshipStatus":"ACTIVE","relationshipAttributes":{"typeName":"m4i_data_attribute_business_owner_assignment"}},{"guid":"0f3fb528-6c7d-4150-9f66-559604bbaf0f","typeName":"m4i_data_attribute","entityStatus":"ACTIVE","displayText":"DownTimeInMinutes","relationshipType":"m4i_data_attribute_business_owner_assignment","relationshipGuid":"b66ae04a-9d8b-4fb9-8988-e9e55fa625af","relationshipStatus":"ACTIVE","relationshipAttributes":{"typeName":"m4i_data_attribute_business_owner_assignment"}},{"guid":"c280da43-0747-4ca0-801b-84ba833bb092","typeName":"m4i_data_attribute","entityStatus":"ACTIVE","displayText":"CreatedOn","relationshipType":"m4i_data_attribute_business_owner_assignment","relationshipGuid":"834edb32-618d-4154-91b5-8db68d67fe68","relationshipStatus":"ACTIVE","relationshipAttributes":{"typeName":"m4i_data_attribute_business_owner_assignment"}},{"guid":"18a76dfb-419c-43a1-8681-c3dde50e0aae","typeName":"m4i_data_attribute","entityStatus":"ACTIVE","displayText":"week","relationshipType":"m4i_data_attribute_business_owner_assignment","relationshipGuid":"bf426557-a6fe-47bc-a337-f49b031c0afa","relationshipStatus":"ACTIVE","relationshipAttributes":{"typeName":"m4i_data_attribute_business_owner_assignment"}},{"guid":"8785bad4-88c5-4a66-800d-99c9ad67c9b0","typeName":"m4i_data_attribute","entityStatus":"ACTIVE","displayText":"DownTimeReasonDescription","relationshipType":"m4i_data_attribute_business_owner_assignment","relationshipGuid":"14b81a22-5155-408a-b9fd-4fcfdad8bb5c","relationshipStatus":"ACTIVE","relationshipAttributes":{"typeName":"m4i_data_attribute_business_owner_assignment"}},{"guid":"980ef6fd-ca1a-46e6-a669-b5246cc1baca","typeName":"m4i_data_attribute","entityStatus":"ACTIVE","displayText":"MinorStop","relationshipType":"m4i_data_attribute_business_owner_assignment","relationshipGuid":"93c9c9fe-afdc-4c54-aea8-87b5b4deb008","relationshipStatus":"ACTIVE","relationshipAttributes":{"typeName":"m4i_data_attribute_business_owner_assignment"}},{"guid":"af1558ee-8133-4cb8-8fd6-9e571bf4a512","typeName":"m4i_data_attribute","entityStatus":"ACTIVE","displayText":"DownTimeReasonId","relationshipType":"m4i_data_attribute_business_owner_assignment","relationshipGuid":"e74716e5-88cb-4f1e-b6d9-44f845f0dddb","relationshipStatus":"ACTIVE","relationshipAttributes":{"typeName":"m4i_data_attribute_business_owner_assignment"}},{"guid":"2be903bb-ded2-4b9e-bfb3-b94526ee8c8f","typeName":"m4i_data_attribute","entityStatus":"ACTIVE","displayText":"WorkOrder","relationshipType":"m4i_data_attribute_business_owner_assignment","relationshipGuid":"b790bb10-1dc5-4153-9ac9-7ccd5aeea348","relationshipStatus":"ACTIVE","relationshipAttributes":{"typeName":"m4i_data_attribute_business_owner_assignment"}},{"guid":"f4b072a7-f869-485c-ac23-165e3de984c3","typeName":"m4i_data_attribute","entityStatus":"ACTIVE","displayText":"ShiftId","relationshipType":"m4i_data_attribute_business_owner_assignment","relationshipGuid":"ada3776a-2b20-4553-ac77-775848780ed3","relationshipStatus":"ACTIVE","relationshipAttributes":{"typeName":"m4i_data_attribute_business_owner_assignment"}},{"guid":"8d6858eb-dabe-4d62-b415-2be534b0e923","typeName":"m4i_data_attribute","entityStatus":"ACTIVE","displayText":"WorkOrderId","relationshipType":"m4i_data_attribute_business_owner_assignment","relationshipGuid":"08a830d4-3702-44ca-8767-10a965797b35","relationshipStatus":"ACTIVE","relationshipAttributes":{"typeName":"m4i_data_attribute_business_owner_assignment"}},{"guid":"0dabaf37-3bec-4820-8cb5-ed613e863877","typeName":"m4i_data_attribute","entityStatus":"ACTIVE","displayText":"AssetName","relationshipType":"m4i_data_attribute_business_owner_assignment","relationshipGuid":"3d159b96-f4fa-4f39-995d-9885ad9afa1d","relationshipStatus":"ACTIVE","relationshipAttributes":{"typeName":"m4i_data_attribute_business_owner_assignment"}},{"guid":"00754dfb-557c-4c4f-bd4b-9e2b250ab10e","typeName":"m4i_data_attribute","entityStatus":"ACTIVE","displayText":"AssetId","relationshipType":"m4i_data_attribute_business_owner_assignment","relationshipGuid":"25f89316-64e4-4cf8-bc06-0fd8d4a1fd5b","relationshipStatus":"ACTIVE","relationshipAttributes":{"typeName":"m4i_data_attribute_business_owner_assignment"}},{"guid":"a8ae22fc-d916-4a6a-b365-2117900d510d","typeName":"m4i_data_attribute","entityStatus":"ACTIVE","displayText":"year","relationshipType":"m4i_data_attribute_business_owner_assignment","relationshipGuid":"efc37e68-2650-4978-b220-9f5a9ce3158e","relationshipStatus":"ACTIVE","relationshipAttributes":{"typeName":"m4i_data_attribute_business_owner_assignment"}},{"guid":"16f0ae8c-b95f-44c7-b7a0-e961e378b596","typeName":"m4i_data_attribute","entityStatus":"ACTIVE","displayText":"AssetCategory","relationshipType":"m4i_data_attribute_business_owner_assignment","relationshipGuid":"c32cdb0b-87fa-4d96-b034-a912c35b9334","relationshipStatus":"ACTIVE","relationshipAttributes":{"typeName":"m4i_data_attribute_business_owner_assignment"}},{"guid":"c847c48d-641d-4828-af86-f8cdc136387b","typeName":"m4i_data_attribute","entityStatus":"ACTIVE","displayText":"month","relationshipType":"m4i_data_attribute_business_owner_assignment","relationshipGuid":"1abbeed1-fcb0-48c1-89de-9ba168c638fd","relationshipStatus":"ACTIVE","relationshipAttributes":{"typeName":"m4i_data_attribute_business_owner_assignment"}},{"guid":"d77e11e2-e011-4792-8150-006c93a6c695","typeName":"m4i_data_attribute","entityStatus":"ACTIVE","displayText":"date","relationshipType":"m4i_data_attribute_business_owner_assignment","relationshipGuid":"0b8b1bfa-0026-4f53-a2b6-f639026588a6","relationshipStatus":"ACTIVE","relationshipAttributes":{"typeName":"m4i_data_attribute_business_owner_assignment"}},{"guid":"2c0a2e7c-4f76-423b-ba66-f7450613f5d3","typeName":"m4i_data_attribute","entityStatus":"ACTIVE","displayText":"WorkOrderId","relationshipType":"m4i_data_attribute_business_owner_assignment","relationshipGuid":"8f86a89c-90bf-4caa-b748-f9bc67235174","relationshipStatus":"ACTIVE","relationshipAttributes":{"typeName":"m4i_data_attribute_business_owner_assignment"}},{"guid":"de308798-ed4b-4f57-a187-07713b32c07c","typeName":"m4i_data_attribute","entityStatus":"ACTIVE","displayText":"DownTimeStartDateTime","relationshipType":"m4i_data_attribute_business_owner_assignment","relationshipGuid":"bc5e82da-5ab8-470d-af83-7bf14ff9b0e7","relationshipStatus":"ACTIVE","relationshipAttributes":{"typeName":"m4i_data_attribute_business_owner_assignment"}},{"guid":"420a6727-bab2-45b6-a7a4-454b690793dc","typeName":"m4i_data_attribute","entityStatus":"ACTIVE","displayText":"UpTime","relationshipType":"m4i_data_attribute_business_owner_assignment","relationshipGuid":"a4b85d3e-e7e0-4a74-891d-54199f8bbcd4","relationshipStatus":"ACTIVE","relationshipAttributes":{"typeName":"m4i_data_attribute_business_owner_assignment"}},{"guid":"1e66f44e-7787-41ab-92ab-65d4bb5eb515","typeName":"m4i_data_attribute","entityStatus":"ACTIVE","displayText":"SiteId","relationshipType":"m4i_data_attribute_business_owner_assignment","relationshipGuid":"17972330-7847-4f09-9949-18a13f4ac20a","relationshipStatus":"ACTIVE","relationshipAttributes":{"typeName":"m4i_data_attribute_business_owner_assignment"}},{"guid":"de782dce-7d47-4474-876f-f931ad6ab066","typeName":"m4i_data_attribute","entityStatus":"ACTIVE","displayText":"EquipmentName","relationshipType":"m4i_data_attribute_business_owner_assignment","relationshipGuid":"e4a75265-a91d-4fac-8576-ddce8d7518e5","relationshipStatus":"ACTIVE","relationshipAttributes":{"typeName":"m4i_data_attribute_business_owner_assignment"}},{"guid":"9865dffd-a5b5-4040-93a4-fc9317f28edb","typeName":"m4i_data_attribute","entityStatus":"ACTIVE","displayText":"IdleTime","relationshipType":"m4i_data_attribute_business_owner_assignment","relationshipGuid":"e2a695da-33e4-4e57-9e20-e42eb62b2776","relationshipStatus":"ACTIVE","relationshipAttributes":{"typeName":"m4i_data_attribute_business_owner_assignment"}},{"guid":"9f00cb70-9048-429c-b24e-d6cd6271ab2f","typeName":"m4i_data_attribute","entityStatus":"ACTIVE","displayText":"DowntimeType","relationshipType":"m4i_data_attribute_business_owner_assignment","relationshipGuid":"395b7271-cf38-4bae-badb-5e3bd1f8facd","relationshipStatus":"ACTIVE","relationshipAttributes":{"typeName":"m4i_data_attribute_business_owner_assignment"}},{"guid":"8c11cfcc-9916-42e6-9888-50770b312937","typeName":"m4i_data_attribute","entityStatus":"ACTIVE","displayText":"AssetId","relationshipType":"m4i_data_attribute_business_owner_assignment","relationshipGuid":"297ba518-a6ff-4a0f-afb1-381de851ecd3","relationshipStatus":"ACTIVE","relationshipAttributes":{"typeName":"m4i_data_attribute_business_owner_assignment"}},{"guid":"1548b246-78e9-4010-bdb9-e9fec0d3c975","typeName":"m4i_data_attribute","entityStatus":"ACTIVE","displayText":"week","relationshipType":"m4i_data_attribute_business_owner_assignment","relationshipGuid":"b5a97f74-4126-467f-8505-c2f75f70a388","relationshipStatus":"ACTIVE","relationshipAttributes":{"typeName":"m4i_data_attribute_business_owner_assignment"}},{"guid":"3d32de4d-d2f9-46bd-99b9-2087a93419a9","typeName":"m4i_data_attribute","entityStatus":"ACTIVE","displayText":"AssetType","relationshipType":"m4i_data_attribute_business_owner_assignment","relationshipGuid":"ebf4faf1-72cc-4e16-be6a-0f258e25b43e","relationshipStatus":"ACTIVE","relationshipAttributes":{"typeName":"m4i_data_attribute_business_owner_assignment"}},{"guid":"4af8483e-a388-4cfd-bcc7-d1ca6d7e4408","typeName":"m4i_data_attribute","entityStatus":"ACTIVE","displayText":"Site","relationshipType":"m4i_data_attribute_business_owner_assignment","relationshipGuid":"6d49d784-34dc-4908-b567-457f11dd284d","relationshipStatus":"ACTIVE","relationshipAttributes":{"typeName":"m4i_data_attribute_business_owner_assignment"}},{"guid":"387218d7-cfc9-4540-90cf-0c8b10caefce","typeName":"m4i_data_attribute","entityStatus":"ACTIVE","displayText":"Hour","relationshipType":"m4i_data_attribute_business_owner_assignment","relationshipGuid":"3b78366b-e588-421d-891d-648b7d7b8969","relationshipStatus":"ACTIVE","relationshipAttributes":{"typeName":"m4i_data_attribute_business_owner_assignment"}},{"guid":"45d4dd9e-66b7-44b4-8e7f-5a9815dc5d5b","typeName":"m4i_data_attribute","entityStatus":"ACTIVE","displayText":"ShiftName","relationshipType":"m4i_data_attribute_business_owner_assignment","relationshipGuid":"8ba9b3ac-ab9b-4b55-b59b-d6187ce87c65","relationshipStatus":"ACTIVE","relationshipAttributes":{"typeName":"m4i_data_attribute_business_owner_assignment"}},{"guid":"fa724777-d854-4a24-beaf-a249929d2d15","typeName":"m4i_data_attribute","entityStatus":"ACTIVE","displayText":"LeaderId","relationshipType":"m4i_data_attribute_business_owner_assignment","relationshipGuid":"f72288d6-e53f-4f18-893a-5d99471446e9","relationshipStatus":"ACTIVE","relationshipAttributes":{"typeName":"m4i_data_attribute_business_owner_assignment"}},{"guid":"3578d728-49ac-4629-9186-0c517bc8991f","typeName":"m4i_data_attribute","entityStatus":"ACTIVE","displayText":"WorkCenterId","relationshipType":"m4i_data_attribute_business_owner_assignment","relationshipGuid":"8a4864a9-172d-42be-aa4e-8d17dd0849ff","relationshipStatus":"ACTIVE","relationshipAttributes":{"typeName":"m4i_data_attribute_business_owner_assignment"}},{"guid":"74c82586-a392-4f26-b32e-7cd555d41f9d","typeName":"m4i_data_attribute","entityStatus":"ACTIVE","displayText":"ValueStreamName","relationshipType":"m4i_data_attribute_business_owner_assignment","relationshipGuid":"80a812f9-364a-4017-a659-1ccf51f88c75","relationshipStatus":"ACTIVE","relationshipAttributes":{"typeName":"m4i_data_attribute_business_owner_assignment"}},{"guid":"bd793c41-e867-4cec-adbb-0a0902bd9a13","typeName":"m4i_data_attribute","entityStatus":"ACTIVE","displayText":"WorkOrder","relationshipType":"m4i_data_attribute_business_owner_assignment","relationshipGuid":"25ed85b0-24eb-4dc0-8f8f-fd1afb0ed81e","relationshipStatus":"ACTIVE","relationshipAttributes":{"typeName":"m4i_data_attribute_business_owner_assignment"}},{"guid":"2e297740-8553-451e-a087-302418a51751","typeName":"m4i_data_attribute","entityStatus":"ACTIVE","displayText":"SKU","relationshipType":"m4i_data_attribute_business_owner_assignment","relationshipGuid":"eaf98968-0fff-4b46-abac-7ccbd8e08851","relationshipStatus":"ACTIVE","relationshipAttributes":{"typeName":"m4i_data_attribute_business_owner_assignment"}},{"guid":"52cf166d-4f91-4c1f-b63a-12b7fb229e5b","typeName":"m4i_data_attribute","entityStatus":"ACTIVE","displayText":"EquipmentStatus","relationshipType":"m4i_data_attribute_business_owner_assignment","relationshipGuid":"24e7b0dc-c21c-48f9-840c-2d9534962bac","relationshipStatus":"ACTIVE","relationshipAttributes":{"typeName":"m4i_data_attribute_business_owner_assignment"}},{"guid":"6672d91a-cd29-48f1-a8be-1c51fa402a6b","typeName":"m4i_data_attribute","entityStatus":"ACTIVE","displayText":"HashingKey","relationshipType":"m4i_data_attribute_business_owner_assignment","relationshipGuid":"9fcfd4dc-6c05-4efa-b948-9bdb74006fdc","relationshipStatus":"ACTIVE","relationshipAttributes":{"typeName":"m4i_data_attribute_business_owner_assignment"}},{"guid":"ab0a0f0e-a20b-483d-8d0b-7d9dc9802d5e","typeName":"m4i_data_attribute","entityStatus":"ACTIVE","displayText":"Site","relationshipType":"m4i_data_attribute_business_owner_assignment","relationshipGuid":"a265fb8c-4fbd-48a7-9d11-9de2dc28e1e0","relationshipStatus":"ACTIVE","relationshipAttributes":{"typeName":"m4i_data_attribute_business_owner_assignment"}},{"guid":"8ba1b5c6-0ddd-4b25-ac1d-2ec8760af740","typeName":"m4i_data_attribute","entityStatus":"ACTIVE","displayText":"SKUDescription","relationshipType":"m4i_data_attribute_business_owner_assignment","relationshipGuid":"d8e41ac9-eec4-409e-b6e8-7df5b79731cd","relationshipStatus":"ACTIVE","relationshipAttributes":{"typeName":"m4i_data_attribute_business_owner_assignment"}},{"guid":"4864b7d2-2e54-4dd5-9a73-dba74b2d53bc","typeName":"m4i_data_attribute","entityStatus":"ACTIVE","displayText":"DownTimeReasonName","relationshipType":"m4i_data_attribute_business_owner_assignment","relationshipGuid":"fa557131-a267-44d0-9ce5-f8a8f326db9e","relationshipStatus":"ACTIVE","relationshipAttributes":{"typeName":"m4i_data_attribute_business_owner_assignment"}},{"guid":"fe67b8cc-a062-4d3b-a4ef-29aa7f82b4dc","typeName":"m4i_data_attribute","entityStatus":"ACTIVE","displayText":"OEE","relationshipType":"m4i_data_attribute_business_owner_assignment","relationshipGuid":"21d5a836-a9ae-4337-8159-ff90532b313b","relationshipStatus":"ACTIVE","relationshipAttributes":{"typeName":"m4i_data_attribute_business_owner_assignment"}},{"guid":"d17fe015-7a46-453c-b7b2-ea3119d2b37c","typeName":"m4i_data_attribute","entityStatus":"ACTIVE","displayText":"ShiftType","relationshipType":"m4i_data_attribute_business_owner_assignment","relationshipGuid":"d8ec5374-3ddd-48ed-afc3-c0e4675107a3","relationshipStatus":"ACTIVE","relationshipAttributes":{"typeName":"m4i_data_attribute_business_owner_assignment"}},{"guid":"22222e23-ba9b-46cc-87f9-3b28c238dff8","typeName":"m4i_data_attribute","entityStatus":"ACTIVE","displayText":"DownTimeEndDateTime","relationshipType":"m4i_data_attribute_business_owner_assignment","relationshipGuid":"49578ed6-2793-4cb9-aab3-1d029ea236c2","relationshipStatus":"ACTIVE","relationshipAttributes":{"typeName":"m4i_data_attribute_business_owner_assignment"}},{"guid":"473b5e90-621d-4e02-9b59-b0d865fd7129","typeName":"m4i_data_attribute","entityStatus":"ACTIVE","displayText":"DownTimeStatus","relationshipType":"m4i_data_attribute_business_owner_assignment","relationshipGuid":"83a8d487-7d07-4d60-b94d-52503cb5a496","relationshipStatus":"ACTIVE","relationshipAttributes":{"typeName":"m4i_data_attribute_business_owner_assignment"}}],"source":[{"guid":"2bee6dca-fea0-478b-824e-d97365d18bbe","typeName":"m4i_source","entityStatus":"ACTIVE","displayText":"/hr/hr/Data Dictionary_template.xlsm","relationshipType":"m4i_referenceable_source_assignment","relationshipGuid":"6b811b2e-6bf6-40d2-80f5-bc7765599ecb","relationshipStatus":"ACTIVE","relationshipAttributes":{"typeName":"m4i_referenceable_source_assignment"}}],"dashboards":[],"stewardEntity":[],"meanings":[],"businessOwnerEntity":[{"guid":"19736d3b-e7c6-4f95-8ce6-a6f215eff467","typeName":"m4i_data_entity","entityStatus":"ACTIVE","displayText":"hourly data","relationshipType":"m4i_data_entity_business_owner_assignment","relationshipGuid":"11e870bf-b435-4ac4-93b2-3bee644d117c","relationshipStatus":"ACTIVE","relationshipAttributes":{"typeName":"m4i_data_entity_business_owner_assignment"}},{"guid":"fd88a9c5-9393-4843-85db-7881c68d9134","typeName":"m4i_data_entity","entityStatus":"ACTIVE","displayText":"downtime events","relationshipType":"m4i_data_entity_business_owner_assignment","relationshipGuid":"7eb0236a-0c2e-4839-bc2d-1f0ca9a92593","relationshipStatus":"ACTIVE","relationshipAttributes":{"typeName":"m4i_data_entity_business_owner_assignment"}}],"ProcessOwner":[]},"labels":[],"proxy":false}}