{"referredEntities":{},"entity":{"typeName":"m4i_kafka_field","attributes":{"archimateReference":[],"replicatedTo":null,"replicatedFrom":null,"hasContent":null,"steward":[],"qualifiedName":"cc1--kaf1--kaf1-hr--change-event--payload--payload--fullname","source":[],"datasets":[],"parentField":[],"optionalField":null,"name":"FULLNAME","definition":null,"attributes":[],"fieldType":"string","childField":[]},"guid":"debb2c66-0b4e-4e86-843c-5a340ef4d897","isIncomplete":false,"provenanceType":0,"status":"ACTIVE","createdBy":"admin","updatedBy":"admin","createTime":1656522102741,"updateTime":1663931063480,"version":0,"relationshipAttributes":{"ArchiMateReference":[],"dataQuality":[],"attributes":[{"guid":"c93b1aab-8378-4041-a3d3-65f913eb2d06","typeName":"m4i_data_attribute","entityStatus":"ACTIVE","displayText":"Fullname","relationshipType":"m4i_data_attribute_field_assignment","relationshipGuid":"9936aa19-aaba-49d0-aead-261dade6d71f","relationshipStatus":"ACTIVE","relationshipAttributes":{"typeName":"m4i_data_attribute_field_assignment"}},{"guid":"444c163e-b201-47bd-9b3a-9c1c9d33a4bb","typeName":"m4i_data_attribute","entityStatus":"ACTIVE","displayText":"Fullname","relationshipType":"m4i_data_attribute_field_assignment","relationshipGuid":"b744ee8a-0bd2-413d-acb7-b32ae4bba9b2","relationshipStatus":"ACTIVE","relationshipAttributes":{"typeName":"m4i_data_attribute_field_assignment"}}],"datasets":[],"source":[],"meanings":[],"parentField":[{"guid":"c662301f-a509-47bf-9a4b-279f6b0bb7ec","typeName":"m4i_kafka_field","entityStatus":"ACTIVE","displayText":"payload","relationshipType":"m4i_field_parent_assignment","relationshipGuid":"f333926f-4c9e-4729-8187-add87fe24581","relationshipStatus":"ACTIVE","relationshipAttributes":{"typeName":"m4i_field_parent_assignment"}}],"childField":[]},"classifications":[{"typeName":"high_risk","entityGuid":"c93b1aab-8378-4041-a3d3-65f913eb2d06","entityStatus":"ACTIVE","propagate":true,"validityPeriods":[],"removePropagationsOnEntityDelete":true},{"typeName":"key_data","entityGuid":"c93b1aab-8378-4041-a3d3-65f913eb2d06","entityStatus":"ACTIVE","propagate":true,"validityPeriods":[],"removePropagationsOnEntityDelete":true},{"typeName":"key_data","entityGuid":"444c163e-b201-47bd-9b3a-9c1c9d33a4bb","entityStatus":"ACTIVE","propagate":true,"validityPeriods":[],"removePropagationsOnEntityDelete":true},{"typeName":"PII","entityGuid":"444c163e-b201-47bd-9b3a-9c1c9d33a4bb","entityStatus":"ACTIVE","propagate":true,"validityPeriods":[],"removePropagationsOnEntityDelete":true},{"typeName":"high_risk","entityGuid":"444c163e-b201-47bd-9b3a-9c1c9d33a4bb","entityStatus":"ACTIVE","propagate":true,"validityPeriods":[],"removePropagationsOnEntityDelete":true},{"typeName":"PII","entityGuid":"c93b1aab-8378-4041-a3d3-65f913eb2d06","entityStatus":"ACTIVE","propagate":true,"validityPeriods":[],"removePropagationsOnEntityDelete":true}],"labels":[],"proxy":false}}