{"referredEntities":{},"entity":{"typeName":"m4i_data_quality","attributes":{"owner":null,"archimateReference":[],"expression":"Starts_with('workcenterid', 'BC')","replicatedTo":null,"userDescription":null,"replicatedFrom":null,"qualifiedName":"nl3--nl3plant--nl3plant001--workcenterid--1","displayName":null,"description":null,"active":true,"source":[],"businessRuleDescription":"","ruleDescription":"Must start with 'BC'","name":"nl3--nl3plant--nl3plant001--workcenterid--1","filterRequired":true,"id":1,"qualityDimension":"Accuracy","expressionVersion":"","fields":[{"guid":"a41f6678-09b4-4eb5-a42c-a6c291e5da5d","typeName":"m4i_field","uniqueAttributes":{"qualifiedName":"nl3--nl3plant--nl3plant001--workcenterid"}}]},"guid":"dffed8c6-26c5-451a-a0b3-607918db1a41","isIncomplete":false,"status":"ACTIVE","createdBy":"admin","updatedBy":"admin","createTime":1666701543730,"updateTime":1666701543730,"version":0,"relationshipAttributes":{"inputToProcesses":[],"pipeline":null,"schema":[],"ArchiMateReference":[],"model":null,"source":[{"guid":"76c08811-3d6f-4c96-8716-d1c2eea338ca","typeName":"m4i_source","entityStatus":"ACTIVE","displayText":"Plant","relationshipType":"m4i_referenceable_source_assignment","relationshipGuid":"74030781-ab3e-4a7f-9a5c-6e92aa6908ca","relationshipStatus":"ACTIVE","relationshipAttributes":{"typeName":"m4i_referenceable_source_assignment"}}],"fields":[{"guid":"a41f6678-09b4-4eb5-a42c-a6c291e5da5d","typeName":"m4i_field","entityStatus":"ACTIVE","displayText":"WorkCenterId","relationshipType":"m4i_data_quality_field_assignment","relationshipGuid":"4379b559-c3ed-4985-9215-b37fb5bceb29","relationshipStatus":"ACTIVE","relationshipAttributes":{"typeName":"m4i_data_quality_field_assignment"}}],"meanings":[],"outputFromProcesses":[]},"labels":[]}}