{"referredEntities":{},"entity":{"typeName":"m4i_field","attributes":{"archimateReference":[],"replicatedTo":null,"replicatedFrom":null,"hasContent":null,"steward":[],"qualifiedName":"nl2--nl2proc--nl2proc001--shortname","source":[],"datasets":[{"guid":"04d4f33f-fd0d-46bc-8336-85f25f2916b2","typeName":"m4i_dataset","uniqueAttributes":{"qualifiedName":"nl2--nl2proc--nl2proc001"}}],"parentField":[],"optionalField":null,"name":"ShortName","definition":null,"attributes":[{"guid":"578fcafa-16fb-4c46-a0eb-107b9f0eaf1e","typeName":"m4i_data_attribute","uniqueAttributes":{"qualifiedName":"procurement--company-information--supplier-short"}}],"fieldType":"Text","childField":[]},"guid":"e23178c7-ecce-4c69-940a-7de3fa30ab6a","isIncomplete":false,"provenanceType":0,"status":"ACTIVE","createdBy":"admin","updatedBy":"admin","createTime":1656521989495,"updateTime":1663927932384,"version":0,"relationshipAttributes":{"ArchiMateReference":[],"dataQuality":[],"attributes":[{"guid":"578fcafa-16fb-4c46-a0eb-107b9f0eaf1e","typeName":"m4i_data_attribute","entityStatus":"ACTIVE","displayText":"Supplier short","relationshipType":"m4i_data_attribute_field_assignment","relationshipGuid":"385a3e32-d575-4943-824d-c157ddc23f22","relationshipStatus":"ACTIVE","relationshipAttributes":{"typeName":"m4i_data_attribute_field_assignment"}}],"datasets":[{"guid":"04d4f33f-fd0d-46bc-8336-85f25f2916b2","typeName":"m4i_dataset","entityStatus":"ACTIVE","displayText":"NL2-PROC-001","relationshipType":"m4i_field_assignment","relationshipGuid":"99f2d14e-6b93-4e6f-abb2-c2088b441d09","relationshipStatus":"ACTIVE","relationshipAttributes":{"typeName":"m4i_field_assignment","attributes":{"typeInformation":null}}}],"source":[{"guid":"2bee6dca-fea0-478b-824e-d97365d18bbe","typeName":"m4i_source","entityStatus":"ACTIVE","displayText":"/hr/hr/Data Dictionary_template.xlsm","relationshipType":"m4i_referenceable_source_assignment","relationshipGuid":"4190e089-418d-428a-821f-0eb8fdbb66d8","relationshipStatus":"ACTIVE","relationshipAttributes":{"typeName":"m4i_referenceable_source_assignment"}}],"parentField":[],"meanings":[],"childField":[]},"classifications":[{"typeName":"key_data","entityGuid":"578fcafa-16fb-4c46-a0eb-107b9f0eaf1e","entityStatus":"ACTIVE","propagate":true,"validityPeriods":[],"removePropagationsOnEntityDelete":true},{"typeName":"low_risk","entityGuid":"578fcafa-16fb-4c46-a0eb-107b9f0eaf1e","entityStatus":"ACTIVE","propagate":true,"validityPeriods":[],"removePropagationsOnEntityDelete":true}],"labels":[],"proxy":false}}