{"referredEntities":{},"entity":{"typeName":"m4i_field","attributes":{"archimateReference":[],"replicatedTo":null,"replicatedFrom":null,"hasContent":null,"steward":[],"qualifiedName":"nl2--nl2proc--nl2proc001--yearinc","source":[],"datasets":[{"guid":"04d4f33f-fd0d-46bc-8336-85f25f2916b2","typeName":"m4i_dataset","uniqueAttributes":{"qualifiedName":"nl2--nl2proc--nl2proc001"}}],"parentField":[],"optionalField":null,"name":"YearInc","definition":null,"attributes":[{"guid":"3bf681d3-c6c8-402a-a0b6-58f2084e00bc","typeName":"m4i_data_attribute","uniqueAttributes":{"qualifiedName":"procurement--company-information--incorporation"}}],"fieldType":"Date","childField":[]},"guid":"e2bda746-a01b-4801-8e15-c9a82411ae32","isIncomplete":false,"provenanceType":0,"status":"ACTIVE","createdBy":"admin","updatedBy":"admin","createTime":1656522003695,"updateTime":1663927932384,"version":0,"relationshipAttributes":{"ArchiMateReference":[],"dataQuality":[],"attributes":[{"guid":"3bf681d3-c6c8-402a-a0b6-58f2084e00bc","typeName":"m4i_data_attribute","entityStatus":"ACTIVE","displayText":"Incorporation","relationshipType":"m4i_data_attribute_field_assignment","relationshipGuid":"bd0c2a7d-0df2-420b-8f73-5e0449584865","relationshipStatus":"ACTIVE","relationshipAttributes":{"typeName":"m4i_data_attribute_field_assignment"}}],"datasets":[{"guid":"04d4f33f-fd0d-46bc-8336-85f25f2916b2","typeName":"m4i_dataset","entityStatus":"ACTIVE","displayText":"NL2-PROC-001","relationshipType":"m4i_field_assignment","relationshipGuid":"af9aae2e-6f5d-4744-9a86-c211d49ce935","relationshipStatus":"ACTIVE","relationshipAttributes":{"typeName":"m4i_field_assignment","attributes":{"typeInformation":null}}}],"source":[{"guid":"2bee6dca-fea0-478b-824e-d97365d18bbe","typeName":"m4i_source","entityStatus":"ACTIVE","displayText":"/hr/hr/Data Dictionary_template.xlsm","relationshipType":"m4i_referenceable_source_assignment","relationshipGuid":"6ffdeac4-f9dc-4ec5-8cfc-d5fe6457b77b","relationshipStatus":"ACTIVE","relationshipAttributes":{"typeName":"m4i_referenceable_source_assignment"}}],"parentField":[],"meanings":[],"childField":[]},"classifications":[{"typeName":"low_risk","entityGuid":"3bf681d3-c6c8-402a-a0b6-58f2084e00bc","entityStatus":"ACTIVE","propagate":true,"validityPeriods":[],"removePropagationsOnEntityDelete":true},{"typeName":"key_data","entityGuid":"3bf681d3-c6c8-402a-a0b6-58f2084e00bc","entityStatus":"ACTIVE","propagate":true,"validityPeriods":[],"removePropagationsOnEntityDelete":true}],"labels":[],"proxy":false}}