{"referredEntities":{},"entity":{"typeName":"m4i_data_quality","attributes":{"owner":null,"archimateReference":[],"expression":"formatting('BASKET', r'^[a-zA-Z]+$')","replicatedTo":null,"userDescription":null,"replicatedFrom":null,"qualifiedName":"nl1--nl1hr--nl1hr001--basket--24","displayName":null,"description":null,"active":false,"source":[],"businessRuleDescription":"","ruleDescription":"This field has a fixed syntax","name":"nl1--nl1hr--nl1hr001--basket--24","filterRequired":true,"id":24,"qualityDimension":"Accuracy","expressionVersion":"1","fields":[{"guid":"1bfbe44b-f4a4-4120-88ad-2fa05c15188e","typeName":"m4i_field","uniqueAttributes":{"qualifiedName":"nl1--nl1hr--nl1hr001--basket"}}]},"guid":"e673c6ae-836e-4a67-87c4-a2f9345d1be4","isIncomplete":false,"provenanceType":0,"status":"ACTIVE","createdBy":"admin","updatedBy":"admin","createTime":1656522080758,"updateTime":1663931063480,"version":0,"relationshipAttributes":{"inputToProcesses":[],"pipeline":null,"schema":[],"ArchiMateReference":[],"model":null,"source":[{"guid":"2bee6dca-fea0-478b-824e-d97365d18bbe","typeName":"m4i_source","entityStatus":"ACTIVE","displayText":"/hr/hr/Data Dictionary_template.xlsm","relationshipType":"m4i_referenceable_source_assignment","relationshipGuid":"e76909e9-bd8a-4bc3-8b97-f165a3590ba7","relationshipStatus":"ACTIVE","relationshipAttributes":{"typeName":"m4i_referenceable_source_assignment"}}],"fields":[{"guid":"1bfbe44b-f4a4-4120-88ad-2fa05c15188e","typeName":"m4i_field","entityStatus":"ACTIVE","displayText":"BASKET","relationshipType":"m4i_data_quality_field_assignment","relationshipGuid":"72427ac4-9f5f-4cd4-816a-0e274fbc0b37","relationshipStatus":"ACTIVE","relationshipAttributes":{"typeName":"m4i_data_quality_field_assignment"}}],"meanings":[],"outputFromProcesses":[]},"labels":[],"proxy":false}}