{"referredEntities":{},"entity":{"typeName":"m4i_elastic_field","attributes":{"archimateReference":[],"replicatedTo":null,"replicatedFrom":null,"hasContent":null,"steward":[],"qualifiedName":"elas1--hourly--week","source":[],"datasets":[],"parentField":[],"optionalField":null,"name":"week","definition":null,"attributes":[],"fieldType":"keyword","childField":[]},"guid":"e7dd2e4c-0cf4-440b-b51a-50c4ec119f6a","isIncomplete":false,"provenanceType":0,"status":"ACTIVE","createdBy":"admin","updatedBy":"admin","createTime":1663930105074,"updateTime":1663930105074,"version":0,"relationshipAttributes":{"ArchiMateReference":[],"dataQuality":[],"attributes":[{"guid":"18a76dfb-419c-43a1-8681-c3dde50e0aae","typeName":"m4i_data_attribute","entityStatus":"ACTIVE","displayText":"week","relationshipType":"m4i_data_attribute_field_assignment","relationshipGuid":"0a254ebd-235b-4bb2-bcaf-9c1c50794ba5","relationshipStatus":"ACTIVE","relationshipAttributes":{"typeName":"m4i_data_attribute_field_assignment"}}],"datasets":[{"guid":"8e146f38-013e-4935-84aa-8d59a5539d3d","typeName":"m4i_elastic_index","entityStatus":"ACTIVE","displayText":"hourly","relationshipType":"m4i_field_assignment","relationshipGuid":"862030b3-7782-466d-b1a0-9b4042783fd2","relationshipStatus":"ACTIVE","relationshipAttributes":{"typeName":"m4i_field_assignment","attributes":{"typeInformation":null}}}],"source":[],"meanings":[],"parentField":[],"childField":[]},"classifications":[{"typeName":"low_risk","entityGuid":"18a76dfb-419c-43a1-8681-c3dde50e0aae","entityStatus":"ACTIVE","propagate":true,"validityPeriods":[],"removePropagationsOnEntityDelete":true}],"labels":[],"proxy":false}}