{"referredEntities":{},"entity":{"typeName":"m4i_data_quality","attributes":{"owner":null,"archimateReference":[],"expression":"validity('HIER_ORG', ['CM', 'DR', 'EE', 'FC', 'FS', 'LD', 'PO', 'PSC', 'QHSE', 'EB', 'IT', 'NL',  'SMD', 'OFF', 'OW', 'SUR', 'PROF', 'TREA'])","replicatedTo":null,"userDescription":null,"replicatedFrom":null,"qualifiedName":"nl1--nl1hr--nl1hr001--hier_organization--32","displayName":null,"description":null,"active":false,"source":[],"businessRuleDescription":"","ruleDescription":"This field has to be filled with the predefined list of values at all times","name":"nl1--nl1hr--nl1hr001--hier_organization--32","filterRequired":true,"id":32,"qualityDimension":"Accuracy","expressionVersion":"1","fields":[{"guid":"0df94338-1afc-455c-b9d5-c3d0e36d1dac","typeName":"m4i_field","uniqueAttributes":{"qualifiedName":"nl1--nl1hr--nl1hr001--hier_organization"}}]},"guid":"f1f929ad-7613-4e7a-b42b-765fbd69220a","isIncomplete":false,"provenanceType":0,"status":"ACTIVE","createdBy":"admin","updatedBy":"admin","createTime":1656522080758,"updateTime":1663931063480,"version":0,"relationshipAttributes":{"inputToProcesses":[],"pipeline":null,"schema":[],"ArchiMateReference":[],"model":null,"source":[{"guid":"2bee6dca-fea0-478b-824e-d97365d18bbe","typeName":"m4i_source","entityStatus":"ACTIVE","displayText":"/hr/hr/Data Dictionary_template.xlsm","relationshipType":"m4i_referenceable_source_assignment","relationshipGuid":"134f52c4-e9d0-4bfa-afa2-9575d65a9551","relationshipStatus":"ACTIVE","relationshipAttributes":{"typeName":"m4i_referenceable_source_assignment"}}],"fields":[{"guid":"0df94338-1afc-455c-b9d5-c3d0e36d1dac","typeName":"m4i_field","entityStatus":"ACTIVE","displayText":"HIER_ORGANIZATION","relationshipType":"m4i_data_quality_field_assignment","relationshipGuid":"e7ea14e1-bae9-4e8e-b9d5-7b393aca3fe5","relationshipStatus":"ACTIVE","relationshipAttributes":{"typeName":"m4i_data_quality_field_assignment"}}],"meanings":[],"outputFromProcesses":[]},"labels":[],"proxy":false}}