{"referredEntities":{},"entity":{"typeName":"m4i_person","attributes":{"archimateReference":[],"replicatedTo":null,"replicatedFrom":null,"qualifiedName":"beau.vos@email.com","name":"Beau Vos","source":[],"email":"beau.vos@email.com"},"guid":"f60a248c-1883-4408-985e-c166fd04bec2","isIncomplete":false,"provenanceType":0,"status":"ACTIVE","createdBy":"admin","updatedBy":"admin","createTime":1656521943868,"updateTime":1663931063480,"version":0,"relationshipAttributes":{"indexPatterns":[],"stewardAttribute":[],"ArchiMateReference":[],"visualizations":[],"domainLead":[{"guid":"c0f24767-b0bd-4b89-90c0-2e24f86a4c96","typeName":"m4i_data_domain","entityStatus":"ACTIVE","displayText":"Logistics","relationshipType":"m4i_domainLead_assignment","relationshipGuid":"7d871f58-75d6-4758-abec-acf8450c6c1a","relationshipStatus":"ACTIVE","relationshipAttributes":{"typeName":"m4i_domainLead_assignment"}}],"businessOwnerAttribute":[],"source":[{"guid":"2bee6dca-fea0-478b-824e-d97365d18bbe","typeName":"m4i_source","entityStatus":"ACTIVE","displayText":"/hr/hr/Data Dictionary_template.xlsm","relationshipType":"m4i_referenceable_source_assignment","relationshipGuid":"f9899e2d-1613-4f2b-bd15-673621642ba5","relationshipStatus":"ACTIVE","relationshipAttributes":{"typeName":"m4i_referenceable_source_assignment"}}],"dashboards":[],"stewardEntity":[],"meanings":[],"businessOwnerEntity":[],"ProcessOwner":[]},"labels":[],"proxy":false}}