{"referredEntities":{},"entity":{"typeName":"m4i_field","attributes":{"archimateReference":[],"replicatedTo":null,"replicatedFrom":null,"hasContent":null,"steward":[],"qualifiedName":"nl3--nl3plant--nl3plant001--assetid","source":[],"datasets":[{"guid":"2230cf23-c90c-4a2f-be3e-e402503c4544","typeName":"m4i_dataset","uniqueAttributes":{"qualifiedName":"nl3--nl3plant--nl3plant001"}}],"parentField":[],"optionalField":null,"name":"AssetId","definition":null,"attributes":[{"guid":"00754dfb-557c-4c4f-bd4b-9e2b250ab10e","typeName":"m4i_data_attribute","uniqueAttributes":{"qualifiedName":"plant-data--hourly-data--assetid"}}],"fieldType":"Text","childField":[]},"guid":"fc962da8-121a-40fe-a0b2-1377cbae26ad","isIncomplete":false,"provenanceType":0,"status":"ACTIVE","createdBy":"admin","updatedBy":"admin","createTime":1656522073615,"updateTime":1666701543730,"version":0,"relationshipAttributes":{"ArchiMateReference":[],"dataQuality":[{"guid":"8c9035d1-4782-41a1-9f35-74b5b6cb1338","typeName":"m4i_data_quality","entityStatus":"ACTIVE","displayText":"nl3--nl3plant--nl3plant001--assetid--11","relationshipType":"m4i_data_quality_field_assignment","relationshipGuid":"4da34ec7-4af6-4b49-bbd6-47896f56b99e","relationshipStatus":"ACTIVE","relationshipAttributes":{"typeName":"m4i_data_quality_field_assignment"}}],"attributes":[{"guid":"00754dfb-557c-4c4f-bd4b-9e2b250ab10e","typeName":"m4i_data_attribute","entityStatus":"ACTIVE","displayText":"AssetId","relationshipType":"m4i_data_attribute_field_assignment","relationshipGuid":"95ba7517-2653-42b0-9ed3-cb29bb0e6196","relationshipStatus":"ACTIVE","relationshipAttributes":{"typeName":"m4i_data_attribute_field_assignment"}}],"datasets":[{"guid":"2230cf23-c90c-4a2f-be3e-e402503c4544","typeName":"m4i_dataset","entityStatus":"ACTIVE","displayText":"NL3-PLANT-001","relationshipType":"m4i_field_assignment","relationshipGuid":"e6d16447-d969-41f2-b005-42d5bffce1e7","relationshipStatus":"ACTIVE","relationshipAttributes":{"typeName":"m4i_field_assignment","attributes":{"typeInformation":null}}}],"source":[{"guid":"2bee6dca-fea0-478b-824e-d97365d18bbe","typeName":"m4i_source","entityStatus":"ACTIVE","displayText":"/hr/hr/Data Dictionary_template.xlsm","relationshipType":"m4i_referenceable_source_assignment","relationshipGuid":"73904c60-e89e-42cb-aa8a-3066b7eac476","relationshipStatus":"ACTIVE","relationshipAttributes":{"typeName":"m4i_referenceable_source_assignment"}}],"parentField":[],"meanings":[],"childField":[]},"classifications":[{"typeName":"low_risk","entityGuid":"00754dfb-557c-4c4f-bd4b-9e2b250ab10e","entityStatus":"ACTIVE","propagate":true,"validityPeriods":[],"removePropagationsOnEntityDelete":true}],"labels":[],"proxy":false}}