{"referredEntities":{},"entity":{"typeName":"m4i_field","attributes":{"archimateReference":[],"replicatedTo":null,"replicatedFrom":null,"hasContent":null,"steward":[],"qualifiedName":"nl2--nl2proc--nl2proc001--compregno","source":[],"datasets":[{"guid":"04d4f33f-fd0d-46bc-8336-85f25f2916b2","typeName":"m4i_dataset","uniqueAttributes":{"qualifiedName":"nl2--nl2proc--nl2proc001"}}],"parentField":[],"optionalField":null,"name":"CompRegNo","definition":null,"attributes":[{"guid":"8c301ae1-74d9-4cf7-b8a7-81b0142bb660","typeName":"m4i_data_attribute","uniqueAttributes":{"qualifiedName":"procurement--company-information--company-registration-number"}}],"fieldType":"Text","childField":[]},"guid":"fed7d6b6-3a49-4c48-b7fa-fda76a1a7d87","isIncomplete":false,"provenanceType":0,"status":"ACTIVE","createdBy":"admin","updatedBy":"admin","createTime":1656521990398,"updateTime":1663927932384,"version":0,"relationshipAttributes":{"ArchiMateReference":[],"dataQuality":[],"attributes":[{"guid":"8c301ae1-74d9-4cf7-b8a7-81b0142bb660","typeName":"m4i_data_attribute","entityStatus":"ACTIVE","displayText":"Company registration number","relationshipType":"m4i_data_attribute_field_assignment","relationshipGuid":"5630f664-54e6-4579-9c42-d42e81b481eb","relationshipStatus":"ACTIVE","relationshipAttributes":{"typeName":"m4i_data_attribute_field_assignment"}}],"datasets":[{"guid":"04d4f33f-fd0d-46bc-8336-85f25f2916b2","typeName":"m4i_dataset","entityStatus":"ACTIVE","displayText":"NL2-PROC-001","relationshipType":"m4i_field_assignment","relationshipGuid":"978dde04-80e5-4619-a827-988cfb416e5a","relationshipStatus":"ACTIVE","relationshipAttributes":{"typeName":"m4i_field_assignment","attributes":{"typeInformation":null}}}],"source":[{"guid":"2bee6dca-fea0-478b-824e-d97365d18bbe","typeName":"m4i_source","entityStatus":"ACTIVE","displayText":"/hr/hr/Data Dictionary_template.xlsm","relationshipType":"m4i_referenceable_source_assignment","relationshipGuid":"634f54c4-5c83-4ccc-9897-55d75648ac85","relationshipStatus":"ACTIVE","relationshipAttributes":{"typeName":"m4i_referenceable_source_assignment"}}],"parentField":[],"meanings":[],"childField":[]},"classifications":[{"typeName":"medium_risk","entityGuid":"8c301ae1-74d9-4cf7-b8a7-81b0142bb660","entityStatus":"ACTIVE","propagate":true,"validityPeriods":[],"removePropagationsOnEntityDelete":true},{"typeName":"PII","entityGuid":"8c301ae1-74d9-4cf7-b8a7-81b0142bb660","entityStatus":"ACTIVE","propagate":true,"validityPeriods":[],"removePropagationsOnEntityDelete":true},{"typeName":"key_data","entityGuid":"8c301ae1-74d9-4cf7-b8a7-81b0142bb660","entityStatus":"ACTIVE","propagate":true,"validityPeriods":[],"removePropagationsOnEntityDelete":true}],"labels":[],"proxy":false}}