{"referredEntities":{},"entity":{"typeName":"m4i_data_quality","attributes":{"owner":null,"archimateReference":[],"expression":"formatting('CC_EMPLOYEE', r'[^9^9^9]')","replicatedTo":null,"userDescription":null,"replicatedFrom":null,"qualifiedName":"nl1--nl1hr--nl1hr001--cc_employee--34","displayName":null,"description":null,"active":true,"source":[],"businessRuleDescription":"","ruleDescription":"When the first 3 characters of the value within cc_employee are filled with '999', this should be remediated by administration so included into the exception list. ","name":"nl1--nl1hr--nl1hr001--cc_employee--34","filterRequired":true,"id":34,"qualityDimension":"Accuracy","expressionVersion":"1","fields":[{"guid":"f5a28b80-cb8c-474c-b699-cc68b2159c3d","typeName":"m4i_field","uniqueAttributes":{"qualifiedName":"nl1--nl1hr--nl1hr001--cc_employee"}}]},"guid":"ff14021b-1507-4e76-83c4-462e2cd5af2b","isIncomplete":false,"provenanceType":0,"status":"ACTIVE","createdBy":"admin","updatedBy":"admin","createTime":1656522080758,"updateTime":1663931063480,"version":0,"relationshipAttributes":{"inputToProcesses":[],"pipeline":null,"schema":[],"ArchiMateReference":[],"model":null,"source":[{"guid":"2bee6dca-fea0-478b-824e-d97365d18bbe","typeName":"m4i_source","entityStatus":"ACTIVE","displayText":"/hr/hr/Data Dictionary_template.xlsm","relationshipType":"m4i_referenceable_source_assignment","relationshipGuid":"07b6f18f-afa0-44bd-90fe-e437cfd1fd2a","relationshipStatus":"ACTIVE","relationshipAttributes":{"typeName":"m4i_referenceable_source_assignment"}}],"fields":[{"guid":"f5a28b80-cb8c-474c-b699-cc68b2159c3d","typeName":"m4i_field","entityStatus":"ACTIVE","displayText":"CC_EMPLOYEE","relationshipType":"m4i_data_quality_field_assignment","relationshipGuid":"c8f07b8f-20b4-4323-9764-15586e218b5d","relationshipStatus":"ACTIVE","relationshipAttributes":{"typeName":"m4i_data_quality_field_assignment"}}],"meanings":[],"outputFromProcesses":[]},"labels":[],"proxy":false}}