{"referredEntities":{},"entity":{"typeName":"m4i_gov_data_quality","attributes":{"owner":null,"archimateReference":[],"expression":"conditional_value('target_relationship_type', 'target_typename', {'m4i_elasticCluster_dashboard_assignment':'m4i_dashboard'})","replicatedTo":null,"userDescription":null,"replicatedFrom":null,"qualifiedName":"m4i_elastic_cluster--dashboards--target","displayName":null,"description":null,"active":true,"source":[],"ruleDescription":"dashboards target relation type is m4i_dashboard","nonCompliantMessage":"This entity is missing a target relationship with type m4i_dashboard","ruleType":"relationship","name":"m4i_elastic_cluster--dashboards--target","compliantMessage":"This entity has a target relationship with type m4i_dashboard","id":7,"qualityDimension":"completeness","expressionVersion":"1"},"guid":"12422c14-069b-4f1b-959c-e38350fb6d26","isIncomplete":false,"status":"ACTIVE","createdBy":"admin","updatedBy":"admin","createTime":1656522427794,"updateTime":1656522427794,"version":0,"relationshipAttributes":{"inputToProcesses":[],"pipeline":null,"schema":[],"ArchiMateReference":[],"model":null,"source":[],"meanings":[],"outputFromProcesses":[]},"labels":[]}}