{"referredEntities":{},"entity":{"typeName":"m4i_gov_data_quality","attributes":{"owner":null,"archimateReference":[],"expression":"conditional_value('target_relationship_type', 'target_typename', {'m4i_indexPattern_visualization_assignment':'m4i_indexPattern'})","replicatedTo":null,"userDescription":null,"replicatedFrom":null,"qualifiedName":"m4i_visualization--childDataset--target","displayName":null,"description":null,"active":true,"source":[],"ruleDescription":"childDataset target relation type is m4i_indexPattern","nonCompliantMessage":"This entity is missing a target relationship with type m4i_indexPattern","ruleType":"relationship","name":"m4i_visualization--childDataset--target","compliantMessage":"This entity has a target relationship with type m4i_indexPattern","id":17,"qualityDimension":"completeness","expressionVersion":"1"},"guid":"149e3995-b5e4-48af-a52a-8b3a04c0bb0a","isIncomplete":false,"status":"ACTIVE","createdBy":"admin","updatedBy":"admin","createTime":1656522427794,"updateTime":1656522427794,"version":0,"relationshipAttributes":{"inputToProcesses":[],"pipeline":null,"schema":[],"ArchiMateReference":[],"model":null,"source":[],"meanings":[],"outputFromProcesses":[]},"labels":[]}}