{"referredEntities":{},"entity":{"typeName":"m4i_gov_data_quality","attributes":{"owner":null,"archimateReference":[],"expression":"conditional_value('target_relationship_type', 'source_typename', {'m4i_data_entity_attribute_assignment':'m4i_data_attribute'})","replicatedTo":null,"userDescription":null,"replicatedFrom":null,"qualifiedName":"m4i_data_attribute--dataEntity--source","displayName":null,"description":null,"active":true,"source":[],"ruleDescription":"dataEntity source relation type is a m4i_data_attribute","nonCompliantMessage":"This entity is missing a source relationship type as m4i_data_attribute","ruleType":"relationship","name":"m4i_data_attribute--dataEntity--source","compliantMessage":"This entity has a source relationship type as m4i_data_attribute","id":11,"qualityDimension":"completeness","expressionVersion":"1"},"guid":"17156278-a38f-4da8-bd56-bcb4be9e3a15","isIncomplete":false,"status":"ACTIVE","createdBy":"admin","updatedBy":"admin","createTime":1656522427794,"updateTime":1656522427794,"version":0,"relationshipAttributes":{"inputToProcesses":[],"pipeline":null,"schema":[],"ArchiMateReference":[],"model":null,"source":[],"meanings":[],"outputFromProcesses":[]},"labels":[]}}