{"referredEntities":{},"entity":{"typeName":"m4i_gov_data_quality","attributes":{"owner":null,"archimateReference":[],"expression":"conditional_value('target_relationship_type', 'target_typename', {'m4i_dataset_assignment':'m4i_collection'})","replicatedTo":null,"userDescription":null,"replicatedFrom":null,"qualifiedName":"m4i_dataset--collections--target","displayName":null,"description":null,"active":true,"source":[],"ruleDescription":"collections target relation type is m4i_collection","nonCompliantMessage":"This entity is missing a target relationship with type m4i_collection","ruleType":"relationship","name":"m4i_dataset--collections--target","compliantMessage":"This entity has a target relationship with type m4i_collection","id":7,"qualityDimension":"completeness","expressionVersion":"1"},"guid":"1813af64-4275-444d-9fb2-c061ced71730","isIncomplete":false,"status":"ACTIVE","createdBy":"admin","updatedBy":"admin","createTime":1656522427794,"updateTime":1656522427794,"version":0,"relationshipAttributes":{"inputToProcesses":[],"pipeline":null,"schema":[],"ArchiMateReference":[],"model":null,"source":[],"meanings":[],"outputFromProcesses":[]},"labels":[]}}