{"referredEntities":{},"entity":{"typeName":"m4i_gov_data_quality","attributes":{"owner":null,"archimateReference":[],"expression":"completeness('systems')","replicatedTo":null,"userDescription":null,"replicatedFrom":null,"qualifiedName":"m4i_collection--systems","displayName":null,"description":null,"active":true,"source":[],"ruleDescription":"systems is not None and is not empty","nonCompliantMessage":"This entity is missing a systems","ruleType":"attribute","name":"m4i_collection--systems","compliantMessage":"This entity has a systems","id":2,"qualityDimension":"completeness","expressionVersion":"1"},"guid":"198cbc37-3ec8-4eb0-a1a3-372240e37e29","isIncomplete":false,"status":"ACTIVE","createdBy":"admin","updatedBy":"admin","createTime":1656522427794,"updateTime":1656522427794,"version":0,"relationshipAttributes":{"inputToProcesses":[],"pipeline":null,"schema":[],"ArchiMateReference":[],"model":null,"source":[],"meanings":[],"outputFromProcesses":[]},"labels":[]}}