{"referredEntities":{},"entity":{"typeName":"m4i_gov_data_quality","attributes":{"owner":null,"archimateReference":[],"expression":"conditional_value('target_relationship_type', 'source_typename', {'m4i_kibanaSpace_dashboard_assignment':'m4i_dashboard'})","replicatedTo":null,"userDescription":null,"replicatedFrom":null,"qualifiedName":"m4i_dashboard--kibanaSpace--source","displayName":null,"description":null,"active":true,"source":[],"ruleDescription":"kibanaSpace source relation type is m4i_dashboard","nonCompliantMessage":"This entity is missing a source relationship type as m4i_dashboard","ruleType":"relationship","name":"m4i_dashboard--kibanaSpace--source","compliantMessage":"This entity has a source relationship type as m4i_dashboard","id":12,"qualityDimension":"completeness","expressionVersion":"1"},"guid":"1bd2af42-d926-43e4-ace1-18f440426c2a","isIncomplete":false,"status":"ACTIVE","createdBy":"admin","updatedBy":"admin","createTime":1656522427794,"updateTime":1656522427794,"version":0,"relationshipAttributes":{"inputToProcesses":[],"pipeline":null,"schema":[],"ArchiMateReference":[],"model":null,"source":[],"meanings":[],"outputFromProcesses":[]},"labels":[]}}