{"referredEntities":{},"entity":{"typeName":"m4i_gov_data_quality","attributes":{"owner":null,"archimateReference":[],"expression":"conditional_value('target_relationship_type', 'target_typename', {'m4i_visualization_dashboard_assignment':'m4i_visualization'})","replicatedTo":null,"userDescription":null,"replicatedFrom":null,"qualifiedName":"m4i_dashboard--childDataset--target","displayName":null,"description":null,"active":true,"source":[],"ruleDescription":"childDataset target relation type is m4i_visualization","nonCompliantMessage":"This entity is missing a target relationship with type m4i_visualization","ruleType":"relationship","name":"m4i_dashboard--childDataset--target","compliantMessage":"This entity has a target relationship with type m4i_visualization","id":11,"qualityDimension":"completeness","expressionVersion":"1"},"guid":"1f6eef61-6527-41a9-bc1d-69ec24328a53","isIncomplete":false,"status":"ACTIVE","createdBy":"admin","updatedBy":"admin","createTime":1656522427794,"updateTime":1656522427794,"version":0,"relationshipAttributes":{"inputToProcesses":[],"pipeline":null,"schema":[],"ArchiMateReference":[],"model":null,"source":[],"meanings":[],"outputFromProcesses":[]},"labels":[]}}