{"referredEntities":{},"entity":{"typeName":"m4i_gov_data_quality","attributes":{"owner":null,"archimateReference":[],"expression":"conditional_value('target_relationship_type', 'target_typename', {'m4i_kibana_space_assignment':'m4i_kibana_space'})","replicatedTo":null,"userDescription":null,"replicatedFrom":null,"qualifiedName":"m4i_elastic_cluster--kibanaSpace--target","displayName":null,"description":null,"active":true,"source":[],"ruleDescription":"kibanaSpace target relation type is m4i_kibana_space","nonCompliantMessage":"This entity is missing a target relationship with type m4i_kibana_space","ruleType":"relationship","name":"m4i_elastic_cluster--kibanaSpace--target","compliantMessage":"This entity has a target relationship with type m4i_kibana_space","id":9,"qualityDimension":"completeness","expressionVersion":"1"},"guid":"32d381e0-a0b1-46ad-a82b-6c16369c652e","isIncomplete":false,"status":"ACTIVE","createdBy":"admin","updatedBy":"admin","createTime":1656522427794,"updateTime":1656522427794,"version":0,"relationshipAttributes":{"inputToProcesses":[],"pipeline":null,"schema":[],"ArchiMateReference":[],"model":null,"source":[],"meanings":[],"outputFromProcesses":[]},"labels":[]}}