{"referredEntities":{},"entity":{"typeName":"m4i_gov_data_quality","attributes":{"owner":null,"archimateReference":[],"expression":"conditional_value('target_relationship_type', 'source_typename', {'m4i_data_entity_assignment':'m4i_data_domain'})","replicatedTo":null,"userDescription":null,"replicatedFrom":null,"qualifiedName":"m4i_data_domain--dataEntity--source","displayName":null,"description":null,"active":true,"source":[],"ruleDescription":"dataEntity source relation is of type m4i_data_domain","nonCompliantMessage":"This entity is missing a source relationship type as m4i_data_domain","ruleType":"relationship","name":"m4i_data_domain--dataEntity--source","compliantMessage":"This entity has a source relationship type as m4i_data_domain","id":6,"qualityDimension":"completeness","expressionVersion":"1"},"guid":"3424ec31-caae-4617-a273-fcad437501fa","isIncomplete":false,"status":"ACTIVE","createdBy":"admin","updatedBy":"admin","createTime":1656522427794,"updateTime":1656522427794,"version":0,"relationshipAttributes":{"inputToProcesses":[],"pipeline":null,"schema":[],"ArchiMateReference":[],"model":null,"source":[],"meanings":[],"outputFromProcesses":[]},"labels":[]}}