{"referredEntities":{},"entity":{"typeName":"m4i_gov_data_quality","attributes":{"owner":null,"archimateReference":[],"expression":"conditional_value('target_relationship_type', 'source_typename', {'m4i_field_assignment':'m4i_elastic_index'})","replicatedTo":null,"userDescription":null,"replicatedFrom":null,"qualifiedName":"m4i_elastic_index--fields--source","displayName":null,"description":null,"active":true,"source":[],"ruleDescription":"fields source relation type is m4i_elastic_index","nonCompliantMessage":"This entity is missing a source relationship type as m4i_elastic_index","ruleType":"relationship","name":"m4i_elastic_index--fields--source","compliantMessage":"This entity has a source relationship type as m4i_elastic_index","id":8,"qualityDimension":"completeness","expressionVersion":"1"},"guid":"36a98dcb-9893-409c-b538-2b5e982f9439","isIncomplete":false,"status":"ACTIVE","createdBy":"admin","updatedBy":"admin","createTime":1656522427794,"updateTime":1656522427794,"version":0,"relationshipAttributes":{"inputToProcesses":[],"pipeline":null,"schema":[],"ArchiMateReference":[],"model":null,"source":[],"meanings":[],"outputFromProcesses":[]},"labels":[]}}