{"referredEntities":{},"entity":{"typeName":"m4i_gov_data_quality","attributes":{"owner":null,"archimateReference":[],"expression":"completeness('attributeType')","replicatedTo":null,"userDescription":null,"replicatedFrom":null,"qualifiedName":"m4i_data_attribute--attributeType","displayName":null,"description":null,"active":true,"source":[],"ruleDescription":"attributeType is not None and is not empty","nonCompliantMessage":"This entity is missing a attributeType","ruleType":"attribute","name":"m4i_data_attribute--attributeType","compliantMessage":"This entity has a attributeType","id":3,"qualityDimension":"completeness","expressionVersion":"1"},"guid":"3b3221ae-eeee-4bdd-878e-8d61c2da7aa5","isIncomplete":false,"status":"ACTIVE","createdBy":"admin","updatedBy":"admin","createTime":1656522427794,"updateTime":1656522427794,"version":0,"relationshipAttributes":{"inputToProcesses":[],"pipeline":null,"schema":[],"ArchiMateReference":[],"model":null,"source":[],"meanings":[],"outputFromProcesses":[]},"labels":[]}}