{"referredEntities":{},"entity":{"typeName":"m4i_gov_data_quality","attributes":{"owner":null,"archimateReference":[],"expression":"completeness('version_name')","replicatedTo":null,"userDescription":null,"replicatedFrom":null,"qualifiedName":"m4i_visualization--version","displayName":null,"description":null,"active":true,"source":[],"ruleDescription":"version is not None and is not empty","nonCompliantMessage":"This entity is missing a version","ruleType":"attribute","name":"m4i_visualization--version","compliantMessage":"This entity has a version","id":2,"qualityDimension":"completeness","expressionVersion":"1"},"guid":"3b3845c0-e45f-4095-9b4b-4ac8ac24c09e","isIncomplete":false,"status":"ACTIVE","createdBy":"admin","updatedBy":"admin","createTime":1656522427794,"updateTime":1656522427794,"version":0,"relationshipAttributes":{"inputToProcesses":[],"pipeline":null,"schema":[],"ArchiMateReference":[],"model":null,"source":[],"meanings":[],"outputFromProcesses":[]},"labels":[]}}