{"referredEntities":{},"entity":{"typeName":"m4i_gov_data_quality","attributes":{"owner":null,"archimateReference":[],"expression":"conditional_value('target_relationship_type', 'target_typename', {'m4i_kafka_cluster_assignment':'m4i_confluent_environment'})","replicatedTo":null,"userDescription":null,"replicatedFrom":null,"qualifiedName":"m4i_kafka_cluster--confluentEnvironment--target","displayName":null,"description":null,"active":true,"source":[],"ruleDescription":"confluentEnvironment target relation type is m4i_confluent_environment","nonCompliantMessage":"This entity is missing a target relationship with type m4i_confluent_environment","ruleType":"relationship","name":"m4i_kafka_cluster--confluentEnvironment--target","compliantMessage":"This entity has a target relationship with type m4i_confluent_environment","id":8,"qualityDimension":"completeness","expressionVersion":"1"},"guid":"4201e4d2-ac7d-4230-896a-b37b66c76bbc","isIncomplete":false,"status":"ACTIVE","createdBy":"admin","updatedBy":"admin","createTime":1656522427794,"updateTime":1656522427794,"version":0,"relationshipAttributes":{"inputToProcesses":[],"pipeline":null,"schema":[],"ArchiMateReference":[],"model":null,"source":[],"meanings":[],"outputFromProcesses":[]},"labels":[]}}