{"referredEntities":{},"entity":{"typeName":"m4i_gov_data_quality","attributes":{"owner":null,"archimateReference":[],"expression":"conditional_value('target_relationship_type', 'source_typename', {'m4i_field_assignment':'m4i_kafka_field'})","replicatedTo":null,"userDescription":null,"replicatedFrom":null,"qualifiedName":"m4i_kafka_field--datasets--source","displayName":null,"description":null,"active":true,"source":[],"ruleDescription":"datasets source relation type is m4i_kafka_field","nonCompliantMessage":"This entity is missing a source relationship type as m4i_kafka_field","ruleType":"relationship","name":"m4i_kafka_field--datasets--source","compliantMessage":"This entity has a source relationship type as m4i_kafka_field","id":7,"qualityDimension":"completeness","expressionVersion":"1"},"guid":"42a7ba54-eb98-4b8c-b3c4-476888d374de","isIncomplete":false,"status":"ACTIVE","createdBy":"admin","updatedBy":"admin","createTime":1656522427794,"updateTime":1656522427794,"version":0,"relationshipAttributes":{"inputToProcesses":[],"pipeline":null,"schema":[],"ArchiMateReference":[],"model":null,"source":[],"meanings":[],"outputFromProcesses":[]},"labels":[]}}