{"referredEntities":{},"entity":{"typeName":"m4i_gov_data_quality","attributes":{"owner":null,"archimateReference":[],"expression":"conditional_value('target_relationship_type', 'source_typename', {'m4i_data_attribute_field_assignment':'m4i_field'})","replicatedTo":null,"userDescription":null,"replicatedFrom":null,"qualifiedName":"m4i_field--attributes--source","displayName":null,"description":null,"active":true,"source":[],"ruleDescription":"attributes source relation type is m4i_field","nonCompliantMessage":"This entity is missing a source relationship type as m4i_field","ruleType":"relationship","name":"m4i_field--attributes--source","compliantMessage":"This entity has a source relationship type as m4i_field","id":9,"qualityDimension":"completeness","expressionVersion":"1"},"guid":"552b3955-bb33-4a9e-aee0-8dcc4b771667","isIncomplete":false,"status":"ACTIVE","createdBy":"admin","updatedBy":"admin","createTime":1656522427794,"updateTime":1656522427794,"version":0,"relationshipAttributes":{"inputToProcesses":[],"pipeline":null,"schema":[],"ArchiMateReference":[],"model":null,"source":[],"meanings":[],"outputFromProcesses":[]},"labels":[]}}