{"referredEntities":{},"entity":{"typeName":"m4i_gov_data_quality","attributes":{"owner":null,"archimateReference":[],"expression":"conditional_value('target_relationship_type', 'source_typename', {'m4i_data_entity_business_owner_assignment':'m4i_data_entity'})","replicatedTo":null,"userDescription":null,"replicatedFrom":null,"qualifiedName":"m4i_data_entity--businessOwner--source","displayName":null,"description":null,"active":true,"source":[],"ruleDescription":"businessOwner source relation type is a m4i_data_entity","nonCompliantMessage":"This entity is missing a source relationship type as m4i_data_entity","ruleType":"relationship","name":"m4i_data_entity--businessOwner--source","compliantMessage":"This entity has a source relationship type as m4i_data_entity","id":9,"qualityDimension":"completeness","expressionVersion":"1"},"guid":"58f5a19d-e43c-4f20-bfeb-e71b9a7bb6d1","isIncomplete":false,"status":"ACTIVE","createdBy":"admin","updatedBy":"admin","createTime":1656522427794,"updateTime":1656522427794,"version":0,"relationshipAttributes":{"inputToProcesses":[],"pipeline":null,"schema":[],"ArchiMateReference":[],"model":null,"source":[],"meanings":[],"outputFromProcesses":[]},"labels":[]}}