{"referredEntities":{},"entity":{"typeName":"m4i_gov_data_quality","attributes":{"owner":null,"archimateReference":[],"expression":"completeness('shardCount')","replicatedTo":null,"userDescription":null,"replicatedFrom":null,"qualifiedName":"m4i_elastic_cluster--shardCount","displayName":null,"description":null,"active":true,"source":[],"ruleDescription":"shardCount is not None and is not empty","nonCompliantMessage":"This entity is missing a shardCount","ruleType":"attribute","name":"m4i_elastic_cluster--shardCount","compliantMessage":"This entity has a shardCount","id":3,"qualityDimension":"completeness","expressionVersion":"1"},"guid":"59aa161c-d9e9-4dbd-8a82-f924bc20e906","isIncomplete":false,"status":"ACTIVE","createdBy":"admin","updatedBy":"admin","createTime":1656522427794,"updateTime":1656522427794,"version":0,"relationshipAttributes":{"inputToProcesses":[],"pipeline":null,"schema":[],"ArchiMateReference":[],"model":null,"source":[],"meanings":[],"outputFromProcesses":[]},"labels":[]}}