{"referredEntities":{},"entity":{"typeName":"m4i_gov_data_quality","attributes":{"owner":null,"archimateReference":[],"expression":"uniqueness('qualifiedName')","replicatedTo":null,"userDescription":null,"replicatedFrom":null,"qualifiedName":"m4i_elastic_field--qualifiedName","displayName":null,"description":null,"active":true,"source":[],"ruleDescription":"qualifiedName is unique","nonCompliantMessage":"This entity is having a qualifiedName which is not unique","ruleType":"attribute","name":"m4i_elastic_field--qualifiedName","compliantMessage":"This entity has a qualifiedName which is unique","id":11,"qualityDimension":"uniqueness","expressionVersion":"1"},"guid":"5a96a80f-acde-4856-8466-9ac5386d7af1","isIncomplete":false,"status":"ACTIVE","createdBy":"admin","updatedBy":"admin","createTime":1656522427794,"updateTime":1656522427794,"version":0,"relationshipAttributes":{"inputToProcesses":[],"pipeline":null,"schema":[],"ArchiMateReference":[],"model":null,"source":[],"meanings":[],"outputFromProcesses":[]},"labels":[]}}