{"referredEntities":{},"entity":{"typeName":"m4i_gov_data_quality","attributes":{"owner":null,"archimateReference":[],"expression":"completeness('childDataset')","replicatedTo":null,"userDescription":null,"replicatedFrom":null,"qualifiedName":"m4i_visualization--childDataset","displayName":null,"description":null,"active":true,"source":[],"ruleDescription":"childDataset is not None and is not empty","nonCompliantMessage":"This entity is missing a childDataset","ruleType":"attribute","name":"m4i_visualization--childDataset","compliantMessage":"This entity has a childDataset","id":7,"qualityDimension":"completeness","expressionVersion":"1"},"guid":"6ab43275-28e7-4ba8-a0ff-84eb960c732b","isIncomplete":false,"status":"ACTIVE","createdBy":"admin","updatedBy":"admin","createTime":1656522427794,"updateTime":1656522427794,"version":0,"relationshipAttributes":{"inputToProcesses":[],"pipeline":null,"schema":[],"ArchiMateReference":[],"model":null,"source":[],"meanings":[],"outputFromProcesses":[]},"labels":[]}}