{"referredEntities":{},"entity":{"typeName":"m4i_gov_data_quality","attributes":{"owner":null,"archimateReference":[],"expression":"conditional_value('target_relationship_type', 'source_typename', {'m4i_collection_assignment':'m4i_collection'})","replicatedTo":null,"userDescription":null,"replicatedFrom":null,"qualifiedName":"m4i_collection--systems--source","displayName":null,"description":null,"active":true,"source":[],"ruleDescription":"systems source relation type is m4i_collection","nonCompliantMessage":"This entity is missing a source relationship type as m4i_collection","ruleType":"relationship","name":"m4i_collection--systems--source","compliantMessage":"This entity has a source relationship type as m4i_collection","id":4,"qualityDimension":"completeness","expressionVersion":"1"},"guid":"6b5d0834-9aa6-4063-a53b-e9e15199d5d9","isIncomplete":false,"status":"ACTIVE","createdBy":"admin","updatedBy":"admin","createTime":1656522427794,"updateTime":1656522427794,"version":0,"relationshipAttributes":{"inputToProcesses":[],"pipeline":null,"schema":[],"ArchiMateReference":[],"model":null,"source":[],"meanings":[],"outputFromProcesses":[]},"labels":[]}}