{"referredEntities":{},"entity":{"typeName":"m4i_gov_data_quality","attributes":{"owner":null,"archimateReference":[],"expression":"conditional_value('target_relationship_type', 'source_typename', {'m4i_kafka_cluster_assignment':'m4i_kafka_cluster'})","replicatedTo":null,"userDescription":null,"replicatedFrom":null,"qualifiedName":"m4i_kafka_cluster--confluentEnvironment--source","displayName":null,"description":null,"active":true,"source":[],"ruleDescription":"confluentEnvironment source relation type is m4i_kafka_cluster","nonCompliantMessage":"This entity is missing a source relationship type as m4i_kafka_cluster","ruleType":"relationship","name":"m4i_kafka_cluster--confluentEnvironment--source","compliantMessage":"This entity has a source relationship type as m4i_kafka_cluster","id":7,"qualityDimension":"completeness","expressionVersion":"1"},"guid":"6d6d4a9e-b3c5-4715-9f18-eb31064a5505","isIncomplete":false,"status":"ACTIVE","createdBy":"admin","updatedBy":"admin","createTime":1656522427794,"updateTime":1656522427794,"version":0,"relationshipAttributes":{"inputToProcesses":[],"pipeline":null,"schema":[],"ArchiMateReference":[],"model":null,"source":[],"meanings":[],"outputFromProcesses":[]},"labels":[]}}