{"referredEntities":{},"entity":{"typeName":"m4i_gov_data_quality","attributes":{"owner":null,"archimateReference":[],"expression":"completeness('steward')","replicatedTo":null,"userDescription":null,"replicatedFrom":null,"qualifiedName":"m4i_data_attribute--steward","displayName":null,"description":null,"active":true,"source":[],"ruleDescription":"steward is not None and is not empty","nonCompliantMessage":"This entity is missing a steward","ruleType":"attribute","name":"m4i_data_attribute--steward","compliantMessage":"This entity has a steward","id":9,"qualityDimension":"completeness","expressionVersion":"1"},"guid":"7c875ccb-b38e-4669-96ea-2b5391245461","isIncomplete":false,"status":"ACTIVE","createdBy":"admin","updatedBy":"admin","createTime":1656522427794,"updateTime":1656522427794,"version":0,"relationshipAttributes":{"inputToProcesses":[],"pipeline":null,"schema":[],"ArchiMateReference":[],"model":null,"source":[],"meanings":[],"outputFromProcesses":[]},"labels":[]}}