{"referredEntities":{},"entity":{"typeName":"m4i_gov_data_quality","attributes":{"owner":null,"archimateReference":[],"expression":"completeness('partitions')","replicatedTo":null,"userDescription":null,"replicatedFrom":null,"qualifiedName":"m4i_kafka_topic--partitions","displayName":null,"description":null,"active":true,"source":[],"ruleDescription":"partitions is not None and is not empty","nonCompliantMessage":"This entity is missing a partitions","ruleType":"attribute","name":"m4i_kafka_topic--partitions","compliantMessage":"This entity has a partitions","id":3,"qualityDimension":"completeness","expressionVersion":"1"},"guid":"87f57c39-d028-4a6a-ac04-f60a102f20f6","isIncomplete":false,"status":"ACTIVE","createdBy":"admin","updatedBy":"admin","createTime":1656522427794,"updateTime":1656522427794,"version":0,"relationshipAttributes":{"inputToProcesses":[],"pipeline":null,"schema":[],"ArchiMateReference":[],"model":null,"source":[],"meanings":[],"outputFromProcesses":[]},"labels":[]}}