{"referredEntities":{},"entity":{"typeName":"m4i_gov_data_quality","attributes":{"owner":null,"archimateReference":[],"expression":"conditional_value('target_relationship_type', 'source_typename', {'m4i_data_attribute_steward_assignment':'m4i_data_attribute'})","replicatedTo":null,"userDescription":null,"replicatedFrom":null,"qualifiedName":"m4i_data_attribute--steward--source","displayName":null,"description":null,"active":true,"source":[],"ruleDescription":"steward source relation type is a m4i_data_attribute","nonCompliantMessage":"This entity is missing a source relationship type as m4i_data_attribute","ruleType":"relationship","name":"m4i_data_attribute--steward--source","compliantMessage":"This entity has a source relationship type as m4i_data_attribute","id":13,"qualityDimension":"completeness","expressionVersion":"1"},"guid":"89154ea6-41e3-40a1-9bde-ae7b0ebdb104","isIncomplete":false,"status":"ACTIVE","createdBy":"admin","updatedBy":"admin","createTime":1656522427794,"updateTime":1656522427794,"version":0,"relationshipAttributes":{"inputToProcesses":[],"pipeline":null,"schema":[],"ArchiMateReference":[],"model":null,"source":[],"meanings":[],"outputFromProcesses":[]},"labels":[]}}