{"referredEntities":{},"entity":{"typeName":"m4i_gov_data_quality","attributes":{"owner":null,"archimateReference":[],"expression":"completeness('replicaCount')","replicatedTo":null,"userDescription":null,"replicatedFrom":null,"qualifiedName":"m4i_elastic_cluster--replicaCount","displayName":null,"description":null,"active":true,"source":[],"ruleDescription":"replicaCount is not None and is not empty","nonCompliantMessage":"This entity is missing a m4i_elastic_cluster","ruleType":"attribute","name":"m4i_elastic_cluster--replicaCount","compliantMessage":"This entity has a m4i_elastic_cluster","id":2,"qualityDimension":"completeness","expressionVersion":"1"},"guid":"8c28f722-5353-4437-89bb-aebf84821ba9","isIncomplete":false,"status":"ACTIVE","createdBy":"admin","updatedBy":"admin","createTime":1656522427794,"updateTime":1656522427794,"version":0,"relationshipAttributes":{"inputToProcesses":[],"pipeline":null,"schema":[],"ArchiMateReference":[],"model":null,"source":[],"meanings":[],"outputFromProcesses":[]},"labels":[]}}