{"referredEntities":{},"entity":{"typeName":"m4i_gov_data_quality","attributes":{"owner":null,"archimateReference":[],"expression":"conditional_value('target_relationship_type', 'target_typename', {'m4i_data_attribute_steward_assignment':'m4i_person'})","replicatedTo":null,"userDescription":null,"replicatedFrom":null,"qualifiedName":"m4i_data_attribute--steward--target","displayName":null,"description":null,"active":true,"source":[],"ruleDescription":"steward target relation type is m4i_person","nonCompliantMessage":"This entity is missing a target relationship with type m4i_person","ruleType":"relationship","name":"m4i_data_attribute--steward--target","compliantMessage":"This entity has a target relationship with type m4i_person","id":17,"qualityDimension":"completeness","expressionVersion":"1"},"guid":"90f4bc96-f6fa-4b99-b4b3-e1a4e678db5a","isIncomplete":false,"status":"ACTIVE","createdBy":"admin","updatedBy":"admin","createTime":1656522427794,"updateTime":1656522427794,"version":0,"relationshipAttributes":{"inputToProcesses":[],"pipeline":null,"schema":[],"ArchiMateReference":[],"model":null,"source":[],"meanings":[],"outputFromProcesses":[]},"labels":[]}}