{"referredEntities":{},"entity":{"typeName":"m4i_gov_data_quality","attributes":{"owner":null,"archimateReference":[],"expression":"conditional_value('target_relationship_type', 'source_typename', {'m4i_visualization_dashboard_assignment':'m4i_dashboard'})","replicatedTo":null,"userDescription":null,"replicatedFrom":null,"qualifiedName":"m4i_dashboard--childDataset--source","displayName":null,"description":null,"active":true,"source":[],"ruleDescription":"childDataset source relation type is m4i_dashboard","nonCompliantMessage":"This entity is missing a source relationship type as m4i_dashboard","ruleType":"relationship","name":"m4i_dashboard--childDataset--source","compliantMessage":"This entity has a source relationship type as m4i_dashboard","id":10,"qualityDimension":"completeness","expressionVersion":"1"},"guid":"936435d5-d306-406c-81a7-6bdd06f8ed6e","isIncomplete":false,"status":"ACTIVE","createdBy":"admin","updatedBy":"admin","createTime":1656522427794,"updateTime":1656522427794,"version":0,"relationshipAttributes":{"inputToProcesses":[],"pipeline":null,"schema":[],"ArchiMateReference":[],"model":null,"source":[],"meanings":[],"outputFromProcesses":[]},"labels":[]}}