{"referredEntities":{},"entity":{"typeName":"m4i_gov_data_quality","attributes":{"owner":null,"archimateReference":[],"expression":"conditional_value('target_relationship_type', 'target_typename', {'m4i_domainLead_assignment':'m4i_person'})","replicatedTo":null,"userDescription":null,"replicatedFrom":null,"qualifiedName":"m4i_data_domain--domainLead--target","displayName":null,"description":null,"active":true,"source":[],"ruleDescription":"domainLead target relation type is m4i_person","nonCompliantMessage":"This entity is missing a target relationship with type m4i_person","ruleType":"relationship","name":"m4i_data_domain--domainLead--target","compliantMessage":"This entity has a target relationship with type m4i_person","id":9,"qualityDimension":"completeness","expressionVersion":"1"},"guid":"96352f03-4b40-4b20-8690-9b2cb7d41108","isIncomplete":false,"status":"ACTIVE","createdBy":"admin","updatedBy":"admin","createTime":1656522427794,"updateTime":1656522427794,"version":0,"relationshipAttributes":{"inputToProcesses":[],"pipeline":null,"schema":[],"ArchiMateReference":[],"model":null,"source":[],"meanings":[],"outputFromProcesses":[]},"labels":[]}}