{"referredEntities":{},"entity":{"typeName":"m4i_gov_data_quality","attributes":{"owner":null,"archimateReference":[],"expression":"conditional_value('target_relationship_type', 'target_typename', {'m4i_kafka_cluster_assignment':'m4i_kafka_cluster'})","replicatedTo":null,"userDescription":null,"replicatedFrom":null,"qualifiedName":"m4i_confluent_environment--kafkaClusters--target","displayName":null,"description":null,"active":true,"source":[],"ruleDescription":"kafkaClusters target relation type is m4i_kafka_cluster","nonCompliantMessage":"This entity is missing a target relationship with type m4i_kafka_cluster","ruleType":"relationship","name":"m4i_confluent_environment--kafkaClusters--target","compliantMessage":"This entity has a target relationship with type m4i_kafka_cluster","id":8,"qualityDimension":"completeness","expressionVersion":"1"},"guid":"9867d72e-3343-4e92-905f-5ee893490162","isIncomplete":false,"status":"ACTIVE","createdBy":"admin","updatedBy":"admin","createTime":1656522427794,"updateTime":1656522427794,"version":0,"relationshipAttributes":{"inputToProcesses":[],"pipeline":null,"schema":[],"ArchiMateReference":[],"model":null,"source":[],"meanings":[],"outputFromProcesses":[]},"labels":[]}}