{"referredEntities":{},"entity":{"typeName":"m4i_gov_data_quality","attributes":{"owner":null,"archimateReference":[],"expression":"completeness('schemaRegistry')","replicatedTo":null,"userDescription":null,"replicatedFrom":null,"qualifiedName":"m4i_confluent_environment--schemaRegistry","displayName":null,"description":null,"active":true,"source":[],"ruleDescription":"schemaRegistry is not None and is not empty","nonCompliantMessage":"This entity is missing a schemaRegistry","ruleType":"attribute","name":"m4i_confluent_environment--schemaRegistry","compliantMessage":"This entity has a schemaRegistry","id":2,"qualityDimension":"completeness","expressionVersion":"1"},"guid":"998381f7-d71f-4a97-b281-3027b8aa5ed3","isIncomplete":false,"status":"ACTIVE","createdBy":"admin","updatedBy":"admin","createTime":1656522427794,"updateTime":1656522427794,"version":0,"relationshipAttributes":{"inputToProcesses":[],"pipeline":null,"schema":[],"ArchiMateReference":[],"model":null,"source":[],"meanings":[],"outputFromProcesses":[]},"labels":[]}}