{"referredEntities":{},"entity":{"typeName":"m4i_gov_data_quality","attributes":{"owner":null,"archimateReference":[],"expression":"conditional_value('target_relationship_type', 'source_typename', {'m4i_elasticCluster_dashboard_assignment':'m4i_dashboard'})","replicatedTo":null,"userDescription":null,"replicatedFrom":null,"qualifiedName":"m4i_dashboard--elasticCluster--source","displayName":null,"description":null,"active":true,"source":[],"ruleDescription":"elasticCluster source relation type is m4i_dashboard","nonCompliantMessage":"This entity is missing a source relationship type as m4i_dashboard","ruleType":"relationship","name":"m4i_dashboard--elasticCluster--source","compliantMessage":"This entity has a source relationship type as m4i_dashboard","id":6,"qualityDimension":"completeness","expressionVersion":"1"},"guid":"9b7d63dc-0246-4bff-9019-c2407b4f4bb5","isIncomplete":false,"status":"ACTIVE","createdBy":"admin","updatedBy":"admin","createTime":1656522427794,"updateTime":1656522427794,"version":0,"relationshipAttributes":{"inputToProcesses":[],"pipeline":null,"schema":[],"ArchiMateReference":[],"model":null,"source":[],"meanings":[],"outputFromProcesses":[]},"labels":[]}}