{"referredEntities":{},"entity":{"typeName":"m4i_gov_data_quality","attributes":{"owner":null,"archimateReference":[],"expression":"completeness('businessOwner')","replicatedTo":null,"userDescription":null,"replicatedFrom":null,"qualifiedName":"m4i_data_entity--businessOwner","displayName":null,"description":null,"active":true,"source":[],"ruleDescription":"businessOwner is not None and is not empty","nonCompliantMessage":"This entity is missing a businessOwner","ruleType":"attribute","name":"m4i_data_entity--businessOwner","compliantMessage":"This entity has a businessOwner","id":5,"qualityDimension":"completeness","expressionVersion":"1"},"guid":"9f013cff-c2ea-4056-9a49-8f0cadd2c614","isIncomplete":false,"status":"ACTIVE","createdBy":"admin","updatedBy":"admin","createTime":1656522427794,"updateTime":1656522427794,"version":0,"relationshipAttributes":{"inputToProcesses":[],"pipeline":null,"schema":[],"ArchiMateReference":[],"model":null,"source":[],"meanings":[],"outputFromProcesses":[]},"labels":[]}}