{"request":{"itemsToExport":[{"guid":"0d3807d0-d6cc-4093-b990-6a0928504a94","typeName":"m4i_gov_data_quality"},{"guid":"e8b6e3d6-188e-4e87-a3f0-d80bb668b93b","typeName":"m4i_gov_data_quality"},{"guid":"c4d10911-7661-4058-a2df-a25fbed0e093","typeName":"m4i_gov_data_quality"},{"guid":"d822f450-6a40-44b8-8055-af6f89411550","typeName":"m4i_gov_data_quality"},{"guid":"1bd2af42-d926-43e4-ace1-18f440426c2a","typeName":"m4i_gov_data_quality"},{"guid":"6fa7b949-c228-45df-8096-32c2b68957a4","typeName":"m4i_gov_data_quality"},{"guid":"1afbce14-aebe-4c3f-beba-562ee4aa86b1","typeName":"m4i_gov_data_quality"},{"guid":"3fdce577-b205-4ddd-b4c0-b5aa5ba013d2","typeName":"m4i_gov_data_quality"},{"guid":"261ffe99-fdbb-456f-8e6c-6fad87c448df","typeName":"m4i_gov_data_quality"},{"guid":"5917b537-19eb-4393-8748-51a7c9786865","typeName":"m4i_gov_data_quality"},{"guid":"02df324c-ff2d-457a-b614-afc622a82646","typeName":"m4i_gov_data_quality"},{"guid":"67016681-52da-4402-8bfc-1f01ccc29196","typeName":"m4i_gov_data_quality"},{"guid":"5b30492c-2fca-4db2-abbd-4c9782932c19","typeName":"m4i_gov_data_quality"},{"guid":"7e836518-e9b5-4e1e-a0e2-296c29d953ea","typeName":"m4i_gov_data_quality"},{"guid":"2be05bb5-39cc-40b3-9d1f-57b0cb65e868","typeName":"m4i_gov_data_quality"},{"guid":"d432be28-a1cb-4a11-b8a3-0c9ccf6dfc00","typeName":"m4i_gov_data_quality"},{"guid":"f4cdcda9-46c6-4271-9662-5e0d7a6f62a7","typeName":"m4i_gov_data_quality"},{"guid":"4d052701-40d0-44bf-9815-4f5915131470","typeName":"m4i_gov_data_quality"},{"guid":"3424ec31-caae-4617-a273-fcad437501fa","typeName":"m4i_gov_data_quality"},{"guid":"6b5d0834-9aa6-4063-a53b-e9e15199d5d9","typeName":"m4i_gov_data_quality"},{"guid":"5c8021fa-d439-4884-a5e5-fd2e28c7d567","typeName":"m4i_gov_data_quality"},{"guid":"1813af64-4275-444d-9fb2-c061ced71730","typeName":"m4i_gov_data_quality"},{"guid":"c7038bd5-af65-4aac-8cd8-59b90fe68323","typeName":"m4i_gov_data_quality"},{"guid":"69c6a273-9255-4454-ba81-e58cf1a1d055","typeName":"m4i_gov_data_quality"},{"guid":"7a02ff98-5c4e-4ca9-9459-2d2c4a0c70ea","typeName":"m4i_gov_data_quality"},{"guid":"9d3475fb-b128-4cba-bca5-a0cf62125911","typeName":"m4i_gov_data_quality"},{"guid":"498281b7-c230-481e-922e-c12aa6695c26","typeName":"m4i_gov_data_quality"},{"guid":"df633eb3-95fd-47e9-8182-a782f09a9d2a","typeName":"m4i_gov_data_quality"},{"guid":"ee734a9b-b039-4dcf-812e-59e2d1fc7236","typeName":"m4i_gov_data_quality"},{"guid":"6d6d4a9e-b3c5-4715-9f18-eb31064a5505","typeName":"m4i_gov_data_quality"},{"guid":"fd6faf5a-dd78-4e67-9191-9f21db39ec38","typeName":"m4i_gov_data_quality"},{"guid":"87f57c39-d028-4a6a-ac04-f60a102f20f6","typeName":"m4i_gov_data_quality"},{"guid":"8c28f722-5353-4437-89bb-aebf84821ba9","typeName":"m4i_gov_data_quality"},{"guid":"638ae443-6b77-4a80-a65f-c3c8cecffe90","typeName":"m4i_gov_data_quality"},{"guid":"59aa161c-d9e9-4dbd-8a82-f924bc20e906","typeName":"m4i_gov_data_quality"},{"guid":"e5d37d4f-b93f-4a9e-afa6-f7a1fef9656c","typeName":"m4i_gov_data_quality"},{"guid":"d2a3796d-39f1-4066-b333-d2a99e0540d3","typeName":"m4i_gov_data_quality"},{"guid":"198cbc37-3ec8-4eb0-a1a3-372240e37e29","typeName":"m4i_gov_data_quality"},{"guid":"a623d462-c004-4f4f-aff8-b4f7ce01a38e","typeName":"m4i_gov_data_quality"},{"guid":"f5569602-45a5-4c4b-95b5-bce16f368c4b","typeName":"m4i_gov_data_quality"},{"guid":"96352f03-4b40-4b20-8690-9b2cb7d41108","typeName":"m4i_gov_data_quality"},{"guid":"b3ac853a-5adf-4bc9-b55d-259f74eb4866","typeName":"m4i_gov_data_quality"},{"guid":"7ade7cbb-474f-40c0-b248-27054bafe90f","typeName":"m4i_gov_data_quality"},{"guid":"bd504b73-a577-482d-93f9-373795ae6f55","typeName":"m4i_gov_data_quality"},{"guid":"32d381e0-a0b1-46ad-a82b-6c16369c652e","typeName":"m4i_gov_data_quality"},{"guid":"18ac4a3b-3aec-4e62-8ff7-47f96c74e90d","typeName":"m4i_gov_data_quality"},{"guid":"ed526686-f4eb-4552-b871-c606eb7711b2","typeName":"m4i_gov_data_quality"},{"guid":"9f013cff-c2ea-4056-9a49-8f0cadd2c614","typeName":"m4i_gov_data_quality"},{"guid":"21f1cac0-6c68-41fc-ba12-33c7a2290bd7","typeName":"m4i_gov_data_quality"},{"guid":"3b3845c0-e45f-4095-9b4b-4ac8ac24c09e","typeName":"m4i_gov_data_quality"},{"guid":"6ab43275-28e7-4ba8-a0ff-84eb960c732b","typeName":"m4i_gov_data_quality"},{"guid":"fb2c608f-d7ff-4574-8c2d-a240c8c79e91","typeName":"m4i_gov_data_quality"},{"guid":"c211f4bd-9aaf-4979-a68a-64493a06fc54","typeName":"m4i_gov_data_quality"},{"guid":"f04a73b3-4fa7-4f83-869d-f3f55c93462f","typeName":"m4i_gov_data_quality"},{"guid":"58f5a19d-e43c-4f20-bfeb-e71b9a7bb6d1","typeName":"m4i_gov_data_quality"},{"guid":"5a96a80f-acde-4856-8466-9ac5386d7af1","typeName":"m4i_gov_data_quality"},{"guid":"ff5b8927-b38b-4516-9c20-b2d68a28b14f","typeName":"m4i_gov_data_quality"},{"guid":"3cb9ab0b-050c-40db-9f12-f136045a77a0","typeName":"m4i_gov_data_quality"},{"guid":"058e58f5-4983-4bdf-bc3c-989d14ecef53","typeName":"m4i_gov_data_quality"},{"guid":"12422c14-069b-4f1b-959c-e38350fb6d26","typeName":"m4i_gov_data_quality"},{"guid":"0d352c7c-7216-4a9c-ad85-a2b3a8ee6daa","typeName":"m4i_gov_data_quality"},{"guid":"feddad8b-f3db-444c-b119-3b56af4c37c1","typeName":"m4i_gov_data_quality"},{"guid":"36bce08d-4e62-4beb-b866-a64c72ca5ee0","typeName":"m4i_gov_data_quality"},{"guid":"1b7e2141-638d-4270-906e-a33d0ebb529a","typeName":"m4i_gov_data_quality"},{"guid":"2aff6737-7772-4427-b73a-7779ea768c7f","typeName":"m4i_gov_data_quality"},{"guid":"2a5e695b-26eb-4eb6-bee2-d05f717fe89a","typeName":"m4i_gov_data_quality"},{"guid":"552b3955-bb33-4a9e-aee0-8dcc4b771667","typeName":"m4i_gov_data_quality"},{"guid":"7b6e0d31-c40b-4f8e-bbde-e9a7266b2093","typeName":"m4i_gov_data_quality"},{"guid":"ed64afaf-0004-4b09-b215-29765a5c4b08","typeName":"m4i_gov_data_quality"},{"guid":"4201e4d2-ac7d-4230-896a-b37b66c76bbc","typeName":"m4i_gov_data_quality"},{"guid":"17156278-a38f-4da8-bd56-bcb4be9e3a15","typeName":"m4i_gov_data_quality"},{"guid":"4d4e95c8-7746-47e9-9c28-3d22d8d0c1bf","typeName":"m4i_gov_data_quality"},{"guid":"21d85da9-1e9a-44ea-8ba2-5db71948a8f8","typeName":"m4i_gov_data_quality"},{"guid":"635d6e95-d189-4486-968e-1b03f9183144","typeName":"m4i_gov_data_quality"},{"guid":"b9d7dae1-fca4-4cbc-8e27-b3e6e7ecc396","typeName":"m4i_gov_data_quality"},{"guid":"1399b945-12cd-4516-896a-9509fbd70a0c","typeName":"m4i_gov_data_quality"},{"guid":"90f4bc96-f6fa-4b99-b4b3-e1a4e678db5a","typeName":"m4i_gov_data_quality"},{"guid":"6697d0bb-3a96-429d-a068-d1b2eb43fcee","typeName":"m4i_gov_data_quality"},{"guid":"36a98dcb-9893-409c-b538-2b5e982f9439","typeName":"m4i_gov_data_quality"},{"guid":"1f6eef61-6527-41a9-bc1d-69ec24328a53","typeName":"m4i_gov_data_quality"},{"guid":"9867d72e-3343-4e92-905f-5ee893490162","typeName":"m4i_gov_data_quality"},{"guid":"a197d2cb-7db8-4272-9893-b37e3856819f","typeName":"m4i_gov_data_quality"},{"guid":"9ffd44bf-97a8-456c-8eb9-d7dbe9b9810e","typeName":"m4i_gov_data_quality"},{"guid":"c7e40cce-507c-4d30-86cb-7fa97b5ec3f5","typeName":"m4i_gov_data_quality"},{"guid":"f6ae2088-3557-4014-a9d7-9ef9a29ad8a8","typeName":"m4i_gov_data_quality"},{"guid":"7dced880-0fea-4f39-8dc4-fd7dcdf844e3","typeName":"m4i_gov_data_quality"},{"guid":"ea4cb0a1-b98c-4eee-8bf8-410b024ff0d9","typeName":"m4i_gov_data_quality"},{"guid":"cfd24715-125d-46e2-854d-b0c1b16340bf","typeName":"m4i_gov_data_quality"},{"guid":"7c875ccb-b38e-4669-96ea-2b5391245461","typeName":"m4i_gov_data_quality"},{"guid":"1ad6de8f-848d-4b17-9c11-730f80d95295","typeName":"m4i_gov_data_quality"},{"guid":"a5965332-bb1d-4c34-90ba-0cc45948b0a4","typeName":"m4i_gov_data_quality"},{"guid":"9b7d63dc-0246-4bff-9019-c2407b4f4bb5","typeName":"m4i_gov_data_quality"},{"guid":"a02b46e3-3a95-4144-8978-e0a6e372b4fb","typeName":"m4i_gov_data_quality"},{"guid":"7a76787a-8578-4b9d-b696-718f844e2623","typeName":"m4i_gov_data_quality"},{"guid":"89154ea6-41e3-40a1-9bde-ae7b0ebdb104","typeName":"m4i_gov_data_quality"},{"guid":"149e3995-b5e4-48af-a52a-8b3a04c0bb0a","typeName":"m4i_gov_data_quality"},{"guid":"1ccb2110-d037-48d2-8e1c-087cb20c7470","typeName":"m4i_gov_data_quality"},{"guid":"96be8ddb-417e-435e-9a63-84c521c6698e","typeName":"m4i_gov_data_quality"},{"guid":"ab1b01a7-34aa-4349-8dba-589a75aa562d","typeName":"m4i_gov_data_quality"},{"guid":"7bf6b045-704c-46ff-aed2-91885ff890f7","typeName":"m4i_gov_data_quality"},{"guid":"998381f7-d71f-4a97-b281-3027b8aa5ed3","typeName":"m4i_gov_data_quality"},{"guid":"8cb4bad7-4516-479b-bfeb-a85e41f6d339","typeName":"m4i_gov_data_quality"},{"guid":"7274e26b-af30-497b-8839-96b01b01ba83","typeName":"m4i_gov_data_quality"},{"guid":"ea0ca02b-c8c6-40f0-9828-f2c90ae71c2b","typeName":"m4i_gov_data_quality"},{"guid":"7d200b39-4e76-4a84-b245-e084c72b9137","typeName":"m4i_gov_data_quality"},{"guid":"42a7ba54-eb98-4b8c-b3c4-476888d374de","typeName":"m4i_gov_data_quality"},{"guid":"a74870f5-4ed4-4622-838c-157b8671bd71","typeName":"m4i_gov_data_quality"},{"guid":"2e844586-30c2-434f-b872-a7e468fc3206","typeName":"m4i_gov_data_quality"},{"guid":"d816b034-0105-4843-ae83-c3c80c0109c3","typeName":"m4i_gov_data_quality"},{"guid":"3b3221ae-eeee-4bdd-878e-8d61c2da7aa5","typeName":"m4i_gov_data_quality"},{"guid":"d1b03810-ca83-44bd-a887-ac639dda69b3","typeName":"m4i_gov_data_quality"},{"guid":"8bba0a52-2f45-4299-a379-fcce6ae58f98","typeName":"m4i_gov_data_quality"},{"guid":"cad0a3bf-9f7f-464f-aeb5-9ce97eb993b3","typeName":"m4i_gov_data_quality"},{"guid":"e7c13ff2-f389-462f-aa53-f6652a687f42","typeName":"m4i_gov_data_quality"},{"guid":"1a18412d-ef7a-4591-82ce-527d79107f31","typeName":"m4i_gov_data_quality"},{"guid":"30ba6684-eced-4715-8352-1663040dab2d","typeName":"m4i_gov_data_quality"},{"guid":"936435d5-d306-406c-81a7-6bdd06f8ed6e","typeName":"m4i_gov_data_quality"},{"guid":"c141319d-a0a5-428b-80ed-e76c7f480e39","typeName":"m4i_gov_data_quality"},{"guid":"09e41d1f-0b00-4092-8ad3-389fab3ec848","typeName":"m4i_gov_data_quality"},{"guid":"d1952aa1-5d80-4d58-b520-cf2b8915aa8b","typeName":"m4i_gov_data_quality"},{"guid":"f85bac99-3255-45d8-a787-bb51c456eb9d","typeName":"m4i_gov_data_quality"},{"guid":"b7e35a21-90ef-43db-949b-8fedba5c1fec","typeName":"m4i_gov_data_quality"},{"guid":"86d3889f-846d-4bbe-917f-83ded5ac61db","typeName":"m4i_gov_data_quality"}],"options":{"fetchType":"full","matchType":"contains"},"matchTypeOptionValue":"contains","changeTokenFromOptions":0,"fetchTypeOptionValue":"full","skipLineageOptionValue":false},"userName":"admin","clientIpAddress":"172.17.0.1","hostName":"172.17.0.2","timeStamp":1656573554879,"metrics":{"duration":1174,"entity:withExtInfo":123,"entity:m4i_gov_data_quality":123},"operationStatus":"SUCCESS","sourceClusterName":"default","changeMarker":1656573225943}