{"referredEntities":{},"entity":{"typeName":"m4i_gov_data_quality","attributes":{"owner":null,"archimateReference":[],"expression":"completeness('kafkaReplicas')","replicatedTo":null,"userDescription":null,"replicatedFrom":null,"qualifiedName":"m4i_kafka_cluster--kafkaReplicas","displayName":null,"description":null,"active":true,"source":[],"ruleDescription":"kafkaReplicas is not None and is not empty","nonCompliantMessage":"This entity is missing a kafkaReplicas","ruleType":"attribute","name":"m4i_kafka_cluster--kafkaReplicas","compliantMessage":"This entity has a kafkaReplicas","id":3,"qualityDimension":"completeness","expressionVersion":"1"},"guid":"c211f4bd-9aaf-4979-a68a-64493a06fc54","isIncomplete":false,"status":"ACTIVE","createdBy":"admin","updatedBy":"admin","createTime":1656522427794,"updateTime":1656522427794,"version":0,"relationshipAttributes":{"inputToProcesses":[],"pipeline":null,"schema":[],"ArchiMateReference":[],"model":null,"source":[],"meanings":[],"outputFromProcesses":[]},"labels":[]}}