{"referredEntities":{},"entity":{"typeName":"m4i_gov_data_quality","attributes":{"owner":null,"archimateReference":[],"expression":"conditional_value('target_relationship_type', 'source_typename', {'m4i_data_entity_attribute_assignment':'m4i_data_entity'})","replicatedTo":null,"userDescription":null,"replicatedFrom":null,"qualifiedName":"m4i_data_entity--attributes--source","displayName":null,"description":null,"active":true,"source":[],"ruleDescription":"attributes source relation type is a m4i_data_entity","nonCompliantMessage":"This entity is missing a source relationship type as m4i_data_entity","ruleType":"relationship","name":"m4i_data_entity--attributes--source","compliantMessage":"This entity has a source relationship type as m4i_data_entity","id":10,"qualityDimension":"completeness","expressionVersion":"1"},"guid":"c4d10911-7661-4058-a2df-a25fbed0e093","isIncomplete":false,"status":"ACTIVE","createdBy":"admin","updatedBy":"admin","createTime":1656522427794,"updateTime":1656522427794,"version":0,"relationshipAttributes":{"inputToProcesses":[],"pipeline":null,"schema":[],"ArchiMateReference":[],"model":null,"source":[],"meanings":[],"outputFromProcesses":[]},"labels":[]}}