{"referredEntities":{},"entity":{"typeName":"m4i_gov_data_quality","attributes":{"owner":null,"archimateReference":[],"expression":"completeness('updatedAt')","replicatedTo":null,"userDescription":null,"replicatedFrom":null,"qualifiedName":"m4i_visualization--updatedAt","displayName":null,"description":null,"active":true,"source":[],"ruleDescription":"updatedAt is not None and is not empty","nonCompliantMessage":"This entity is missing a updatedAt","ruleType":"attribute","name":"m4i_visualization--updatedAt","compliantMessage":"This entity has a updatedAt","id":3,"qualityDimension":"completeness","expressionVersion":"1"},"guid":"c7e40cce-507c-4d30-86cb-7fa97b5ec3f5","isIncomplete":false,"status":"ACTIVE","createdBy":"admin","updatedBy":"admin","createTime":1656522427794,"updateTime":1656522427794,"version":0,"relationshipAttributes":{"inputToProcesses":[],"pipeline":null,"schema":[],"ArchiMateReference":[],"model":null,"source":[],"meanings":[],"outputFromProcesses":[]},"labels":[]}}