{"referredEntities":{},"entity":{"typeName":"m4i_gov_data_quality","attributes":{"owner":null,"archimateReference":[],"expression":"completeness('datasets')","replicatedTo":null,"userDescription":null,"replicatedFrom":null,"qualifiedName":"m4i_field--datasets","displayName":null,"description":null,"active":true,"source":[],"ruleDescription":"datasets is not None and is not empty","nonCompliantMessage":"This entity is missing a datasets","ruleType":"attribute","name":"m4i_field--datasets","compliantMessage":"This entity has a datasets","id":6,"qualityDimension":"completeness","expressionVersion":"1"},"guid":"cad0a3bf-9f7f-464f-aeb5-9ce97eb993b3","isIncomplete":false,"status":"ACTIVE","createdBy":"admin","updatedBy":"admin","createTime":1656522427794,"updateTime":1656522427794,"version":0,"relationshipAttributes":{"inputToProcesses":[],"pipeline":null,"schema":[],"ArchiMateReference":[],"model":null,"source":[],"meanings":[],"outputFromProcesses":[]},"labels":[]}}