{"referredEntities":{},"entity":{"typeName":"m4i_gov_data_quality","attributes":{"owner":null,"archimateReference":[],"expression":"conditional_value('target_relationship_type', 'source_typename', {'m4i_elasticCluster_dashboard_assignment':'m4i_elastic_cluster'})","replicatedTo":null,"userDescription":null,"replicatedFrom":null,"qualifiedName":"m4i_elastic_cluster--dashboards--source","displayName":null,"description":null,"active":true,"source":[],"ruleDescription":"dashboards source relation type is m4i_elastic_cluster","nonCompliantMessage":"This entity is missing a source relationship type as m4i_elastic_cluster","ruleType":"relationship","name":"m4i_elastic_cluster--dashboards--source","compliantMessage":"This entity has a source relationship type as m4i_elastic_cluster","id":6,"qualityDimension":"completeness","expressionVersion":"1"},"guid":"d1b03810-ca83-44bd-a887-ac639dda69b3","isIncomplete":false,"status":"ACTIVE","createdBy":"admin","updatedBy":"admin","createTime":1656522427794,"updateTime":1656522427794,"version":0,"relationshipAttributes":{"inputToProcesses":[],"pipeline":null,"schema":[],"ArchiMateReference":[],"model":null,"source":[],"meanings":[],"outputFromProcesses":[]},"labels":[]}}