{"referredEntities":{},"entity":{"typeName":"m4i_gov_data_quality","attributes":{"owner":null,"archimateReference":[],"expression":"conditional_value('target_relationship_type', 'source_typename', {'m4i_domainLead_assignment':'m4i_data_domain'})","replicatedTo":null,"userDescription":null,"replicatedFrom":null,"qualifiedName":"m4i_data_domain--domainLead--source","displayName":null,"description":null,"active":true,"source":[],"ruleDescription":"domainLead source relation type is m4i_data_domain","nonCompliantMessage":"This entity is missing a source relationship type as m4i_data_domain","ruleType":"relationship","name":"m4i_data_domain--domainLead--source","compliantMessage":"This entity has a source relationship type as m4i_data_domain","id":8,"qualityDimension":"completeness","expressionVersion":"1"},"guid":"d432be28-a1cb-4a11-b8a3-0c9ccf6dfc00","isIncomplete":false,"status":"ACTIVE","createdBy":"admin","updatedBy":"admin","createTime":1656522427794,"updateTime":1656522427794,"version":0,"relationshipAttributes":{"inputToProcesses":[],"pipeline":null,"schema":[],"ArchiMateReference":[],"model":null,"source":[],"meanings":[],"outputFromProcesses":[]},"labels":[]}}