{"referredEntities":{},"entity":{"typeName":"m4i_gov_data_quality","attributes":{"owner":null,"archimateReference":[],"expression":"completeness('hasContent')","replicatedTo":null,"userDescription":null,"replicatedFrom":null,"qualifiedName":"m4i_kafka_field--hasContent","displayName":null,"description":null,"active":true,"source":[],"ruleDescription":"hasContent is not None and is not empty","nonCompliantMessage":"This entity is missing a hasContent","ruleType":"attribute","name":"m4i_kafka_field--hasContent","compliantMessage":"This entity has a hasContent","id":4,"qualityDimension":"completeness","expressionVersion":"1"},"guid":"e5d37d4f-b93f-4a9e-afa6-f7a1fef9656c","isIncomplete":false,"status":"ACTIVE","createdBy":"admin","updatedBy":"admin","createTime":1656522427794,"updateTime":1656522427794,"version":0,"relationshipAttributes":{"inputToProcesses":[],"pipeline":null,"schema":[],"ArchiMateReference":[],"model":null,"source":[],"meanings":[],"outputFromProcesses":[]},"labels":[]}}