{"referredEntities":{},"entity":{"typeName":"m4i_gov_data_quality","attributes":{"owner":null,"archimateReference":[],"expression":"conditional_value('target_relationship_type', 'source_typename', {'m4i_dataset_assignment':'m4i_kafka_topic'})","replicatedTo":null,"userDescription":null,"replicatedFrom":null,"qualifiedName":"m4i_kafka_topic--collections--source","displayName":null,"description":null,"active":true,"source":[],"ruleDescription":"collections source relation type is m4i_kafka_topic","nonCompliantMessage":"This entity is missing a source relationship type as m4i_kafka_topic","ruleType":"relationship","name":"m4i_kafka_topic--collections--source","compliantMessage":"This entity has a source relationship type as m4i_kafka_topic","id":6,"qualityDimension":"completeness","expressionVersion":"1"},"guid":"e8b6e3d6-188e-4e87-a3f0-d80bb668b93b","isIncomplete":false,"status":"ACTIVE","createdBy":"admin","updatedBy":"admin","createTime":1656522427794,"updateTime":1656522427794,"version":0,"relationshipAttributes":{"inputToProcesses":[],"pipeline":null,"schema":[],"ArchiMateReference":[],"model":null,"source":[],"meanings":[],"outputFromProcesses":[]},"labels":[]}}