{"referredEntities":{},"entity":{"typeName":"m4i_gov_data_quality","attributes":{"owner":null,"archimateReference":[],"expression":"completeness('domainLead')","replicatedTo":null,"userDescription":null,"replicatedFrom":null,"qualifiedName":"m4i_data_domain--domainLead","displayName":null,"description":null,"active":true,"source":[],"ruleDescription":"domainLead is not None and is not empty","nonCompliantMessage":"This entity is missing a domainLead","ruleType":"attribute","name":"m4i_data_domain--domainLead","compliantMessage":"This entity has a domainLead","id":5,"qualityDimension":"completeness","expressionVersion":"1"},"guid":"ea0ca02b-c8c6-40f0-9828-f2c90ae71c2b","isIncomplete":false,"status":"ACTIVE","createdBy":"admin","updatedBy":"admin","createTime":1656522427794,"updateTime":1656522427794,"version":0,"relationshipAttributes":{"inputToProcesses":[],"pipeline":null,"schema":[],"ArchiMateReference":[],"model":null,"source":[],"meanings":[],"outputFromProcesses":[]},"labels":[]}}