{"referredEntities":{},"entity":{"typeName":"m4i_gov_data_quality","attributes":{"owner":null,"archimateReference":[],"expression":"conditional_value('target_relationship_type', 'target_typename', {'m4i_data_entity_assignment':'m4i_data_domain'})","replicatedTo":null,"userDescription":null,"replicatedFrom":null,"qualifiedName":"m4i_data_entity--dataDomain--target","displayName":null,"description":null,"active":true,"source":[],"ruleDescription":"dataDomain target relation type is m4i_data_domain","nonCompliantMessage":"This entity has a target relationship type on dataDomain as m4i_data_domain","ruleType":"relationship","name":"m4i_data_entity--dataDomain--target","compliantMessage":"This entity has a target relationship type on dataDomain as m4i_data_domain","id":12,"qualityDimension":"completeness","expressionVersion":"1"},"guid":"ed64afaf-0004-4b09-b215-29765a5c4b08","isIncomplete":false,"status":"ACTIVE","createdBy":"admin","updatedBy":"admin","createTime":1656522427794,"updateTime":1656522427794,"version":0,"relationshipAttributes":{"inputToProcesses":[],"pipeline":null,"schema":[],"ArchiMateReference":[],"model":null,"source":[],"meanings":[],"outputFromProcesses":[]},"labels":[]}}