{"referredEntities":{},"entity":{"typeName":"m4i_gov_data_quality","attributes":{"owner":null,"archimateReference":[],"expression":"completeness('name')","replicatedTo":null,"userDescription":null,"replicatedFrom":null,"qualifiedName":"m4i_person--name","displayName":null,"description":null,"active":true,"source":[],"ruleDescription":"name is not None and is not empty","nonCompliantMessage":"This entity is missing a name","ruleType":"attribute","name":"m4i_person--name","compliantMessage":"This entity has a name","id":1,"qualityDimension":"completeness","expressionVersion":"1"},"guid":"f5569602-45a5-4c4b-95b5-bce16f368c4b","isIncomplete":false,"status":"ACTIVE","createdBy":"admin","updatedBy":"admin","createTime":1656522427794,"updateTime":1656522427794,"version":0,"relationshipAttributes":{"inputToProcesses":[],"pipeline":null,"schema":[],"ArchiMateReference":[],"model":null,"source":[],"meanings":[],"outputFromProcesses":[]},"labels":[]}}