{"referredEntities":{},"entity":{"typeName":"m4i_gov_data_quality","attributes":{"owner":null,"archimateReference":[],"expression":"completeness('definition')","replicatedTo":null,"userDescription":null,"replicatedFrom":null,"qualifiedName":"m4i_data_attribute--definition","displayName":null,"description":null,"active":true,"source":[],"ruleDescription":"definition is not None and is not empty","nonCompliantMessage":"This entity is missing a definition","ruleType":"attribute","name":"m4i_data_attribute--definition","compliantMessage":"This entity has a definition","id":2,"qualityDimension":"completeness","expressionVersion":"1"},"guid":"f6ae2088-3557-4014-a9d7-9ef9a29ad8a8","isIncomplete":false,"status":"ACTIVE","createdBy":"admin","updatedBy":"admin","createTime":1656522427794,"updateTime":1656522427794,"version":0,"relationshipAttributes":{"inputToProcesses":[],"pipeline":null,"schema":[],"ArchiMateReference":[],"model":null,"source":[],"meanings":[],"outputFromProcesses":[]},"labels":[]}}