{"referredEntities":{},"entity":{"typeName":"m4i_gov_data_quality","attributes":{"owner":null,"archimateReference":[],"expression":"conditional_value('target_relationship_type', 'target_typename', {'m4i_field_assignment':'m4i_elastic_index'})","replicatedTo":null,"userDescription":null,"replicatedFrom":null,"qualifiedName":"m4i_elastic_field--datasets--target","displayName":null,"description":null,"active":true,"source":[],"ruleDescription":"datasets target relation type is m4i_elastic_index","nonCompliantMessage":"This entity is missing a target relationship with type m4i_elastic_index","ruleType":"relationship","name":"m4i_elastic_field--datasets--target","compliantMessage":"This entity has a target relationship with type m4i_elastic_index","id":8,"qualityDimension":"completeness","expressionVersion":"1"},"guid":"f85bac99-3255-45d8-a787-bb51c456eb9d","isIncomplete":false,"status":"ACTIVE","createdBy":"admin","updatedBy":"admin","createTime":1656522427794,"updateTime":1656522427794,"version":0,"relationshipAttributes":{"inputToProcesses":[],"pipeline":null,"schema":[],"ArchiMateReference":[],"model":null,"source":[],"meanings":[],"outputFromProcesses":[]},"labels":[]}}