{"referredEntities":{},"entity":{"typeName":"m4i_gov_data_quality","attributes":{"owner":null,"archimateReference":[],"expression":"completeness('collections')","replicatedTo":null,"userDescription":null,"replicatedFrom":null,"qualifiedName":"m4i_dataset--collections","displayName":null,"description":null,"active":true,"source":[],"ruleDescription":"collections is not None and is not empty","nonCompliantMessage":"This entity is missing a collections","ruleType":"attribute","name":"m4i_dataset--collections","compliantMessage":"This entity has a collections","id":2,"qualityDimension":"completeness","expressionVersion":"1"},"guid":"fb2c608f-d7ff-4574-8c2d-a240c8c79e91","isIncomplete":false,"status":"ACTIVE","createdBy":"admin","updatedBy":"admin","createTime":1656522427794,"updateTime":1656522427794,"version":0,"relationshipAttributes":{"inputToProcesses":[],"pipeline":null,"schema":[],"ArchiMateReference":[],"model":null,"source":[],"meanings":[],"outputFromProcesses":[]},"labels":[]}}