{"referredEntities":{},"entity":{"typeName":"m4i_gov_data_quality","attributes":{"owner":null,"archimateReference":[],"expression":"conditional_value('target_relationship_type', 'target_typename', {'m4i_collection_assignment':'m4i_system'})","replicatedTo":null,"userDescription":null,"replicatedFrom":null,"qualifiedName":"m4i_collection--systems--target","displayName":null,"description":null,"active":true,"source":[],"ruleDescription":"systems target relation type is m4i_system","nonCompliantMessage":"This entity is missing a target relationship type with m4i_system","ruleType":"relationship","name":"m4i_collection--systems--target","compliantMessage":"This entity has a target relationship with type m4i_system","id":5,"qualityDimension":"completeness","expressionVersion":"1"},"guid":"feddad8b-f3db-444c-b119-3b56af4c37c1","isIncomplete":false,"status":"ACTIVE","createdBy":"admin","updatedBy":"admin","createTime":1656522427794,"updateTime":1656522427794,"version":0,"relationshipAttributes":{"inputToProcesses":[],"pipeline":null,"schema":[],"ArchiMateReference":[],"model":null,"source":[],"meanings":[],"outputFromProcesses":[]},"labels":[]}}