{"referredEntities":{},"entity":{"typeName":"m4i_gov_data_quality","attributes":{"owner":null,"archimateReference":[],"expression":"completeness('kibanaSpace')","replicatedTo":null,"userDescription":null,"replicatedFrom":null,"qualifiedName":"m4i_elastic_cluster--kibanaSpace","displayName":null,"description":null,"active":true,"source":[],"ruleDescription":"kibanaSpace is not None and is not empty","nonCompliantMessage":"This entity is missing a kibanaSpace","ruleType":"attribute","name":"m4i_elastic_cluster--kibanaSpace","compliantMessage":"This entity has a kibanaSpace","id":4,"qualityDimension":"completeness","expressionVersion":"1"},"guid":"ff5b8927-b38b-4516-9c20-b2d68a28b14f","isIncomplete":false,"status":"ACTIVE","createdBy":"admin","updatedBy":"admin","createTime":1656522427794,"updateTime":1656522427794,"version":0,"relationshipAttributes":{"inputToProcesses":[],"pipeline":null,"schema":[],"ArchiMateReference":[],"model":null,"source":[],"meanings":[],"outputFromProcesses":[]},"labels":[]}}