{"referredEntities":{},"entity":{"typeName":"m4i_elastic_field","attributes":{"archimateReference":[],"replicatedTo":null,"replicatedFrom":null,"hasContent":null,"steward":[],"qualifiedName":"elas1--hr--RUN_ID","source":[],"datasets":[],"parentField":[],"optionalField":null,"name":"RUN_ID","definition":null,"attributes":[],"fieldType":"keyword","childField":[]},"guid":"02bfbbc4-ee3e-40cd-9d17-e88176c883c5","isIncomplete":false,"status":"ACTIVE","createdBy":"admin","updatedBy":"admin","createTime":1656522169104,"updateTime":1656522169104,"version":0,"relationshipAttributes":{"ArchiMateReference":[],"dataQuality":[],"attributes":[],"datasets":[{"guid":"3a9efda8-6721-4aaa-a71d-cf00349895fd","typeName":"m4i_elastic_index","entityStatus":"ACTIVE","displayText":"hr","relationshipType":"m4i_field_assignment","relationshipGuid":"8a204443-1287-4a18-bb4b-3003463a9f78","relationshipStatus":"ACTIVE","relationshipAttributes":{"typeName":"m4i_field_assignment","attributes":{"typeInformation":null}}}],"source":[],"meanings":[],"parentField":[],"childField":[]},"labels":[]}}