{"referredEntities":{},"entity":{"typeName":"m4i_elastic_field","attributes":{"archimateReference":[],"replicatedTo":null,"replicatedFrom":null,"hasContent":null,"steward":[],"qualifiedName":"elas1--hr--CONTRACT_TYPE","source":[],"datasets":[],"parentField":[],"optionalField":null,"name":"CONTRACT_TYPE","definition":null,"attributes":[],"fieldType":"keyword","childField":[]},"guid":"0b1e930a-eaf3-458e-8915-26f855d8bc7d","isIncomplete":false,"status":"ACTIVE","createdBy":"admin","updatedBy":"admin","createTime":1656522169104,"updateTime":1656522169104,"version":0,"relationshipAttributes":{"ArchiMateReference":[],"dataQuality":[],"attributes":[],"datasets":[{"guid":"3a9efda8-6721-4aaa-a71d-cf00349895fd","typeName":"m4i_elastic_index","entityStatus":"ACTIVE","displayText":"hr","relationshipType":"m4i_field_assignment","relationshipGuid":"b85a5173-cc3d-4b3c-a113-bd21755f3ca7","relationshipStatus":"ACTIVE","relationshipAttributes":{"typeName":"m4i_field_assignment","attributes":{"typeInformation":null}}}],"source":[],"meanings":[],"parentField":[],"childField":[]},"labels":[]}}