{"referredEntities":{},"entity":{"typeName":"m4i_field","attributes":{"archimateReference":[],"replicatedTo":null,"replicatedFrom":null,"hasContent":null,"steward":[],"qualifiedName":"nl3--nl3plant--nl3plant001--uptime","source":[],"datasets":[{"guid":"2230cf23-c90c-4a2f-be3e-e402503c4544","typeName":"m4i_dataset","uniqueAttributes":{"qualifiedName":"nl3--nl3plant--nl3plant001"}}],"parentField":[],"optionalField":null,"name":"UpTime","definition":null,"attributes":[{"guid":"420a6727-bab2-45b6-a7a4-454b690793dc","typeName":"m4i_data_attribute","uniqueAttributes":{"qualifiedName":"plant-data--hourly-data--uptime"}}],"fieldType":"Numeric","childField":[]},"guid":"104e9fef-72b9-40d1-8f81-2be2820ed123","isIncomplete":false,"status":"ACTIVE","createdBy":"admin","updatedBy":"admin","createTime":1656522073615,"updateTime":1656522073615,"version":0,"relationshipAttributes":{"ArchiMateReference":[],"dataQuality":[],"attributes":[{"guid":"420a6727-bab2-45b6-a7a4-454b690793dc","typeName":"m4i_data_attribute","entityStatus":"ACTIVE","displayText":"UpTime","relationshipType":"m4i_data_attribute_field_assignment","relationshipGuid":"bef57fbc-365c-41d7-9dc1-1846d4a3cce8","relationshipStatus":"ACTIVE","relationshipAttributes":{"typeName":"m4i_data_attribute_field_assignment"}}],"datasets":[{"guid":"2230cf23-c90c-4a2f-be3e-e402503c4544","typeName":"m4i_dataset","entityStatus":"ACTIVE","displayText":"NL3-PLANT-001","relationshipType":"m4i_field_assignment","relationshipGuid":"85394de7-fac1-41df-b4cb-457e8d6e2509","relationshipStatus":"ACTIVE","relationshipAttributes":{"typeName":"m4i_field_assignment","attributes":{"typeInformation":null}}}],"source":[{"guid":"2bee6dca-fea0-478b-824e-d97365d18bbe","typeName":"m4i_source","entityStatus":"ACTIVE","displayText":"/hr/hr/Data Dictionary_template.xlsm","relationshipType":"m4i_referenceable_source_assignment","relationshipGuid":"63ff00b5-a8db-42de-8024-85048f007f20","relationshipStatus":"ACTIVE","relationshipAttributes":{"typeName":"m4i_referenceable_source_assignment"}}],"parentField":[],"meanings":[],"childField":[]},"classifications":[{"typeName":"low_risk","entityGuid":"420a6727-bab2-45b6-a7a4-454b690793dc","entityStatus":"ACTIVE","propagate":true,"validityPeriods":[],"removePropagationsOnEntityDelete":true}],"labels":[]}}