{"referredEntities":{},"entity":{"typeName":"m4i_kibana_space","attributes":{"elasticCluster":[{"guid":"1db6be14-690e-4a7d-9d16-ac79ae83edbb","typeName":"m4i_elastic_cluster","uniqueAttributes":{"qualifiedName":"elas1"}}],"archimateReference":[],"replicatedTo":null,"replicatedFrom":null,"systems":[],"qualifiedName":"elas1--kib1-hr","name":"kib1-hr","avatarInitials":"BE","definition":null,"source":[],"datasets":[],"avatarColor":"#670"},"guid":"11033796-f85f-409a-8f31-b67ed0996704","isIncomplete":false,"status":"ACTIVE","createdBy":"admin","updatedBy":"admin","createTime":1656522190177,"updateTime":1656522262200,"version":0,"relationshipAttributes":{"ArchiMateReference":[],"elasticCluster":[{"guid":"1db6be14-690e-4a7d-9d16-ac79ae83edbb","typeName":"m4i_elastic_cluster","entityStatus":"ACTIVE","displayText":"elas1","relationshipType":"m4i_kibana_space_assignment","relationshipGuid":"3923c132-c2ff-4700-ba45-9445e3fd3076","relationshipStatus":"ACTIVE","relationshipAttributes":{"typeName":"m4i_kibana_space_assignment"}}],"systems":[{"guid":"1db6be14-690e-4a7d-9d16-ac79ae83edbb","typeName":"m4i_elastic_cluster","entityStatus":"ACTIVE","displayText":"elas1","relationshipType":"m4i_collection_assignment","relationshipGuid":"08557dd4-a632-41ac-bb6b-e22ee54996ad","relationshipStatus":"ACTIVE","relationshipAttributes":{"typeName":"m4i_collection_assignment"}}],"datasets":[],"source":[],"dashboards":[{"guid":"ac7d0a6e-9605-4610-8992-dbf05103c980","typeName":"m4i_dashboard","entityStatus":"ACTIVE","displayText":"change dashboard","relationshipType":"m4i_kibana_space_dashboard_assignment","relationshipGuid":"22a41a44-ac56-49a0-a2dd-12d72c2e58ff","relationshipStatus":"ACTIVE","relationshipAttributes":{"typeName":"m4i_kibana_space_dashboard_assignment"}}],"meanings":[]},"labels":[]}}