{"referredEntities":{},"entity":{"typeName":"m4i_data_entity","attributes":{"archimateReference":[],"replicatedTo":null,"replicatedFrom":null,"steward":[{"guid":"899e3e6a-134f-40ec-b9ab-a95282fa8afc","typeName":"m4i_person","uniqueAttributes":{"qualifiedName":"gerrit.lorenz@email.com","email":"gerrit.lorenz@email.com"}}],"qualifiedName":"finance--cost-centre","parentEntity":[],"source":[],"dataDomain":[{"guid":"6f3a7542-9f15-4753-bb19-65d29fcdc330","typeName":"m4i_data_domain","uniqueAttributes":{"qualifiedName":"finance"}}],"childEntity":[],"name":"Cost Centre","definition":"A cost centre is a responsibility area to which costs can be allocated and that is used for management reporting and cost controlling. Cost centres are used for differentiated assignment of overhead costs to organizational activities and are either linked to Business Units, Departments or General purposes. Each cost centre has an owner or manager who is responsible for a budget and for the costs allocated to it.","attributes":[{"guid":"c20a7e7b-652b-48c7-9413-cf6f7683206d","typeName":"m4i_data_attribute","uniqueAttributes":{"qualifiedName":"finance--cost-centre--job-name"}},{"guid":"2f112ea8-8d2e-4539-a4f2-7da2af924d77","typeName":"m4i_data_attribute","uniqueAttributes":{"qualifiedName":"finance--cost-centre--const-center-employee"}}],"businessOwner":[{"guid":"2b4f65a9-53ce-468f-9568-51c52c13ecf4","typeName":"m4i_person","uniqueAttributes":{"qualifiedName":"ava.ross@email.com","email":"ava.ross@email.com"}}]},"guid":"114af845-1ccc-4534-a1f2-45f136959c6e","isIncomplete":false,"status":"ACTIVE","createdBy":"admin","updatedBy":"admin","createTime":1656521951421,"updateTime":1656522070128,"version":0,"relationshipAttributes":{"ArchiMateReference":[],"steward":[{"guid":"899e3e6a-134f-40ec-b9ab-a95282fa8afc","typeName":"m4i_person","entityStatus":"ACTIVE","displayText":"Gerrit Lorenz","relationshipType":"m4i_data_entity_steward_assignment","relationshipGuid":"6c23d13e-e890-4c07-8a7a-a9374614a83f","relationshipStatus":"ACTIVE","relationshipAttributes":{"typeName":"m4i_data_entity_steward_assignment"}}],"dataDomain":[{"guid":"6f3a7542-9f15-4753-bb19-65d29fcdc330","typeName":"m4i_data_domain","entityStatus":"ACTIVE","displayText":"Finance","relationshipType":"m4i_data_entity_assignment","relationshipGuid":"b4efd569-e7a2-43b3-a9d6-322a89e82803","relationshipStatus":"ACTIVE","relationshipAttributes":{"typeName":"m4i_data_entity_assignment"}}],"parentEntity":[],"childEntity":[],"attributes":[{"guid":"c20a7e7b-652b-48c7-9413-cf6f7683206d","typeName":"m4i_data_attribute","entityStatus":"ACTIVE","displayText":"Job Name","relationshipType":"m4i_data_entity_attribute_assignment","relationshipGuid":"06509ba6-1ed4-4417-878d-f6903f18e423","relationshipStatus":"ACTIVE","relationshipAttributes":{"typeName":"m4i_data_entity_attribute_assignment"}},{"guid":"2f112ea8-8d2e-4539-a4f2-7da2af924d77","typeName":"m4i_data_attribute","entityStatus":"ACTIVE","displayText":"Const Center Employee","relationshipType":"m4i_data_entity_attribute_assignment","relationshipGuid":"f18d6486-50a3-46a3-8357-8e49f462c809","relationshipStatus":"ACTIVE","relationshipAttributes":{"typeName":"m4i_data_entity_attribute_assignment"}}],"source":[{"guid":"2bee6dca-fea0-478b-824e-d97365d18bbe","typeName":"m4i_source","entityStatus":"ACTIVE","displayText":"/hr/hr/Data Dictionary_template.xlsm","relationshipType":"m4i_referenceable_source_assignment","relationshipGuid":"5eedb95f-b4d6-49bd-a8fe-85f5bf0c795d","relationshipStatus":"ACTIVE","relationshipAttributes":{"typeName":"m4i_referenceable_source_assignment"}}],"businessOwner":[{"guid":"2b4f65a9-53ce-468f-9568-51c52c13ecf4","typeName":"m4i_person","entityStatus":"ACTIVE","displayText":"Ava Ross","relationshipType":"m4i_data_entity_business_owner_assignment","relationshipGuid":"a4c8f15f-760c-4f4b-bc52-2ee205203695","relationshipStatus":"ACTIVE","relationshipAttributes":{"typeName":"m4i_data_entity_business_owner_assignment"}}],"meanings":[]},"labels":[]}}