{"referredEntities":{},"entity":{"typeName":"m4i_collection","attributes":{"archimateReference":[],"replicatedTo":null,"replicatedFrom":null,"systems":[{"guid":"31dd8000-46ad-4b08-a24e-51b8bdf62dd0","typeName":"m4i_system","uniqueAttributes":{"qualifiedName":"nl3"}}],"qualifiedName":"nl3--nl3plant","name":"NL3-PLANT","definition":null,"source":[],"datasets":[{"guid":"4086f053-a8c9-4382-af9e-e4e08effd3c9","typeName":"m4i_dataset","uniqueAttributes":{"qualifiedName":"nl3--nl3plant--nl3plant002"}},{"guid":"2230cf23-c90c-4a2f-be3e-e402503c4544","typeName":"m4i_dataset","uniqueAttributes":{"qualifiedName":"nl3--nl3plant--nl3plant001"}}]},"guid":"11ff304e-1146-4c82-b801-bb8f5434b5d4","isIncomplete":false,"status":"ACTIVE","createdBy":"admin","updatedBy":"admin","createTime":1656521945727,"updateTime":1656522068023,"version":0,"relationshipAttributes":{"ArchiMateReference":[],"systems":[{"guid":"31dd8000-46ad-4b08-a24e-51b8bdf62dd0","typeName":"m4i_system","entityStatus":"ACTIVE","displayText":"NL3","relationshipType":"m4i_collection_assignment","relationshipGuid":"69acde46-0375-4421-9b91-967c58c125b6","relationshipStatus":"ACTIVE","relationshipAttributes":{"typeName":"m4i_collection_assignment"}}],"datasets":[{"guid":"4086f053-a8c9-4382-af9e-e4e08effd3c9","typeName":"m4i_dataset","entityStatus":"ACTIVE","displayText":"NL3-PLANT-002","relationshipType":"m4i_dataset_assignment","relationshipGuid":"841dc403-538d-4381-8f4a-580a61e4d0d7","relationshipStatus":"DELETED","relationshipAttributes":{"typeName":"m4i_dataset_assignment"}},{"guid":"2230cf23-c90c-4a2f-be3e-e402503c4544","typeName":"m4i_dataset","entityStatus":"ACTIVE","displayText":"NL3-PLANT-001","relationshipType":"m4i_dataset_assignment","relationshipGuid":"28a4a837-8de9-41cf-ab75-8fdcbfceda4a","relationshipStatus":"DELETED","relationshipAttributes":{"typeName":"m4i_dataset_assignment"}}],"source":[{"guid":"2bee6dca-fea0-478b-824e-d97365d18bbe","typeName":"m4i_source","entityStatus":"ACTIVE","displayText":"/hr/hr/Data Dictionary_template.xlsm","relationshipType":"m4i_referenceable_source_assignment","relationshipGuid":"62c696cd-e071-4377-99dc-8a2a639bd8a4","relationshipStatus":"ACTIVE","relationshipAttributes":{"typeName":"m4i_referenceable_source_assignment"}}],"meanings":[]},"labels":[]}}