{"referredEntities":{},"entity":{"typeName":"m4i_collection","attributes":{"archimateReference":[],"replicatedTo":null,"replicatedFrom":null,"systems":[{"guid":"1db6be14-690e-4a7d-9d16-ac79ae83edbb","typeName":"m4i_elastic_cluster","uniqueAttributes":{"qualifiedName":"elas1"}}],"qualifiedName":"elas1--data","name":"elas1--data","definition":null,"source":[],"datasets":[{"guid":"3a9efda8-6721-4aaa-a71d-cf00349895fd","typeName":"m4i_elastic_index","uniqueAttributes":{"qualifiedName":"elas1--hr"}}]},"guid":"13e70e33-8a59-4c1f-a367-228870bed138","isIncomplete":false,"status":"ACTIVE","createdBy":"admin","updatedBy":"admin","createTime":1656522169104,"updateTime":1656522169104,"version":0,"relationshipAttributes":{"ArchiMateReference":[],"systems":[{"guid":"1db6be14-690e-4a7d-9d16-ac79ae83edbb","typeName":"m4i_elastic_cluster","entityStatus":"ACTIVE","displayText":"elas1","relationshipType":"m4i_collection_assignment","relationshipGuid":"ab4154d5-7a36-47cf-bf7d-ab9655845faa","relationshipStatus":"ACTIVE","relationshipAttributes":{"typeName":"m4i_collection_assignment"}}],"datasets":[{"guid":"3a9efda8-6721-4aaa-a71d-cf00349895fd","typeName":"m4i_elastic_index","entityStatus":"ACTIVE","displayText":"hr","relationshipType":"m4i_dataset_assignment","relationshipGuid":"3f751389-65f5-49f1-8c21-ddae3d068740","relationshipStatus":"ACTIVE","relationshipAttributes":{"typeName":"m4i_dataset_assignment"}}],"source":[],"meanings":[]},"classifications":[{"typeName":"PII","entityGuid":"c93b1aab-8378-4041-a3d3-65f913eb2d06","entityStatus":"ACTIVE","propagate":true,"validityPeriods":[],"removePropagationsOnEntityDelete":true},{"typeName":"PII","entityGuid":"444c163e-b201-47bd-9b3a-9c1c9d33a4bb","entityStatus":"ACTIVE","propagate":true,"validityPeriods":[],"removePropagationsOnEntityDelete":true}],"labels":[]}}