{"referredEntities":{},"entity":{"typeName":"m4i_data_entity","attributes":{"archimateReference":[],"replicatedTo":null,"replicatedFrom":null,"steward":[{"guid":"265dad2b-2fc0-44c3-a828-06476d5f1e38","typeName":"m4i_person","uniqueAttributes":{"qualifiedName":"iris.jacobs@email.com","email":"iris.jacobs@email.com"}}],"qualifiedName":"plant-data--hourly-data","parentEntity":[],"source":[],"dataDomain":[{"guid":"971cfedd-09f7-47ad-bace-d0f9607f1097","typeName":"m4i_data_domain","uniqueAttributes":{"qualifiedName":"plant-data"}}],"childEntity":[],"name":"hourly data","definition":"This data entity yields the hourly generated statistics considering specific assets working on specific parts ","attributes":[{"guid":"bcc3902b-2203-48c4-ba9b-d5c74da4c2ab","typeName":"m4i_data_attribute","uniqueAttributes":{"qualifiedName":"plant-data--hourly-data--date"}},{"guid":"8d6858eb-dabe-4d62-b415-2be534b0e923","typeName":"m4i_data_attribute","uniqueAttributes":{"qualifiedName":"plant-data--hourly-data--workorderid"}},{"guid":"aa729886-037d-4860-af8d-c6af2ee5f6b8","typeName":"m4i_data_attribute","uniqueAttributes":{"qualifiedName":"plant-data--hourly-data--siteid"}},{"guid":"e7d2e19a-3d17-498b-90d4-ef04a74b5175","typeName":"m4i_data_attribute","uniqueAttributes":{"qualifiedName":"plant-data--hourly-data--partsperminute"}},{"guid":"00754dfb-557c-4c4f-bd4b-9e2b250ab10e","typeName":"m4i_data_attribute","uniqueAttributes":{"qualifiedName":"plant-data--hourly-data--assetid"}},{"guid":"8c403ddb-e4d6-4952-aad8-c2685fb28173","typeName":"m4i_data_attribute","uniqueAttributes":{"qualifiedName":"plant-data--hourly-data--skuid"}},{"guid":"515c596a-bdde-49a5-96b1-95bd20903019","typeName":"m4i_data_attribute","uniqueAttributes":{"qualifiedName":"plant-data--hourly-data--plant"}},{"guid":"75035074-c4c1-4cfb-aafb-271b2aec51b8","typeName":"m4i_data_attribute","uniqueAttributes":{"qualifiedName":"plant-data--hourly-data--downtime"}},{"guid":"5fe5ae11-ce8c-4fa3-94d1-7c6f34227b52","typeName":"m4i_data_attribute","uniqueAttributes":{"qualifiedName":"plant-data--hourly-data--assetname"}},{"guid":"6c6a3fb9-e983-4b39-a26b-2883cf06cc8d","typeName":"m4i_data_attribute","uniqueAttributes":{"qualifiedName":"plant-data--hourly-data--sku"}},{"guid":"420a6727-bab2-45b6-a7a4-454b690793dc","typeName":"m4i_data_attribute","uniqueAttributes":{"qualifiedName":"plant-data--hourly-data--uptime"}},{"guid":"a48ff719-ba8f-41f6-9c8a-5011e0c92089","typeName":"m4i_data_attribute","uniqueAttributes":{"qualifiedName":"plant-data--hourly-data--scheduleddowntime"}},{"guid":"010d67a7-0514-4669-af97-cc5b3d107b56","typeName":"m4i_data_attribute","uniqueAttributes":{"qualifiedName":"plant-data--hourly-data--totalpart"}},{"guid":"a8ae22fc-d916-4a6a-b365-2117900d510d","typeName":"m4i_data_attribute","uniqueAttributes":{"qualifiedName":"plant-data--hourly-data--year"}},{"guid":"04408291-54fb-448d-87ae-58cfb8137647","typeName":"m4i_data_attribute","uniqueAttributes":{"qualifiedName":"plant-data--hourly-data--month"}},{"guid":"4af8483e-a388-4cfd-bcc7-d1ca6d7e4408","typeName":"m4i_data_attribute","uniqueAttributes":{"qualifiedName":"plant-data--hourly-data--site"}},{"guid":"387218d7-cfc9-4540-90cf-0c8b10caefce","typeName":"m4i_data_attribute","uniqueAttributes":{"qualifiedName":"plant-data--hourly-data--hour"}},{"guid":"3578d728-49ac-4629-9186-0c517bc8991f","typeName":"m4i_data_attribute","uniqueAttributes":{"qualifiedName":"plant-data--hourly-data--workcenterid"}},{"guid":"f4956b8f-3c7f-4d4b-a99d-10b9a32a42e0","typeName":"m4i_data_attribute","uniqueAttributes":{"qualifiedName":"plant-data--hourly-data--workcentername"}},{"guid":"a8249ddd-3aac-49bf-8076-bbd52db1c7d4","typeName":"m4i_data_attribute","uniqueAttributes":{"qualifiedName":"plant-data--hourly-data--shiftid"}},{"guid":"9865dffd-a5b5-4040-93a4-fc9317f28edb","typeName":"m4i_data_attribute","uniqueAttributes":{"qualifiedName":"plant-data--hourly-data--idletime"}},{"guid":"3d32de4d-d2f9-46bd-99b9-2087a93419a9","typeName":"m4i_data_attribute","uniqueAttributes":{"qualifiedName":"plant-data--hourly-data--assettype"}},{"guid":"0f3fb528-6c7d-4150-9f66-559604bbaf0f","typeName":"m4i_data_attribute","uniqueAttributes":{"qualifiedName":"plant-data--hourly-data--downtimeinminutes"}},{"guid":"834c37ad-b8a8-40bd-b573-5c4fadfe1d26","typeName":"m4i_data_attribute","uniqueAttributes":{"qualifiedName":"plant-data--hourly-data--plantid"}},{"guid":"18a76dfb-419c-43a1-8681-c3dde50e0aae","typeName":"m4i_data_attribute","uniqueAttributes":{"qualifiedName":"plant-data--hourly-data--week"}},{"guid":"0e0b8f4b-6ad2-4eed-8890-6a8c880c2614","typeName":"m4i_data_attribute","uniqueAttributes":{"qualifiedName":"plant-data--hourly-data--valuestreamname"}},{"guid":"45d4dd9e-66b7-44b4-8e7f-5a9815dc5d5b","typeName":"m4i_data_attribute","uniqueAttributes":{"qualifiedName":"plant-data--hourly-data--shiftname"}},{"guid":"bd793c41-e867-4cec-adbb-0a0902bd9a13","typeName":"m4i_data_attribute","uniqueAttributes":{"qualifiedName":"plant-data--hourly-data--workorder"}},{"guid":"fe67b8cc-a062-4d3b-a4ef-29aa7f82b4dc","typeName":"m4i_data_attribute","uniqueAttributes":{"qualifiedName":"plant-data--hourly-data--oee"}},{"guid":"52cf166d-4f91-4c1f-b63a-12b7fb229e5b","typeName":"m4i_data_attribute","uniqueAttributes":{"qualifiedName":"plant-data--hourly-data--equipmentstatus"}},{"guid":"980ef6fd-ca1a-46e6-a669-b5246cc1baca","typeName":"m4i_data_attribute","uniqueAttributes":{"qualifiedName":"plant-data--hourly-data--minorstop"}}],"businessOwner":[{"guid":"dc408458-fd6d-4080-a324-9900585d1146","typeName":"m4i_person","uniqueAttributes":{"qualifiedName":"jane.martens@email.com","email":"jane.martens@email.com"}}]},"guid":"19736d3b-e7c6-4f95-8ce6-a6f215eff467","isIncomplete":false,"status":"ACTIVE","createdBy":"admin","updatedBy":"admin","createTime":1656521953517,"updateTime":1656522070128,"version":0,"relationshipAttributes":{"ArchiMateReference":[],"steward":[{"guid":"265dad2b-2fc0-44c3-a828-06476d5f1e38","typeName":"m4i_person","entityStatus":"ACTIVE","displayText":"Iris Jacobs","relationshipType":"m4i_data_entity_steward_assignment","relationshipGuid":"daa497af-3ab8-4307-8494-16df6e9ab1f1","relationshipStatus":"ACTIVE","relationshipAttributes":{"typeName":"m4i_data_entity_steward_assignment"}}],"dataDomain":[{"guid":"971cfedd-09f7-47ad-bace-d0f9607f1097","typeName":"m4i_data_domain","entityStatus":"ACTIVE","displayText":"plant data","relationshipType":"m4i_data_entity_assignment","relationshipGuid":"d257d648-e9aa-4fb7-899a-ce95e4f08e5a","relationshipStatus":"ACTIVE","relationshipAttributes":{"typeName":"m4i_data_entity_assignment"}}],"parentEntity":[],"childEntity":[],"attributes":[{"guid":"bcc3902b-2203-48c4-ba9b-d5c74da4c2ab","typeName":"m4i_data_attribute","entityStatus":"ACTIVE","displayText":"date","relationshipType":"m4i_data_entity_attribute_assignment","relationshipGuid":"4c28bf08-f9b4-44b4-a2ff-73424d7aaf24","relationshipStatus":"ACTIVE","relationshipAttributes":{"typeName":"m4i_data_entity_attribute_assignment"}},{"guid":"8d6858eb-dabe-4d62-b415-2be534b0e923","typeName":"m4i_data_attribute","entityStatus":"ACTIVE","displayText":"WorkOrderId","relationshipType":"m4i_data_entity_attribute_assignment","relationshipGuid":"fab976a1-ba58-4794-9477-d2f552b3f13d","relationshipStatus":"ACTIVE","relationshipAttributes":{"typeName":"m4i_data_entity_attribute_assignment"}},{"guid":"aa729886-037d-4860-af8d-c6af2ee5f6b8","typeName":"m4i_data_attribute","entityStatus":"ACTIVE","displayText":"SiteId","relationshipType":"m4i_data_entity_attribute_assignment","relationshipGuid":"4080c417-2e04-4843-9aa3-7cc82ada20e3","relationshipStatus":"ACTIVE","relationshipAttributes":{"typeName":"m4i_data_entity_attribute_assignment"}},{"guid":"e7d2e19a-3d17-498b-90d4-ef04a74b5175","typeName":"m4i_data_attribute","entityStatus":"ACTIVE","displayText":"PartsPerMinute","relationshipType":"m4i_data_entity_attribute_assignment","relationshipGuid":"325b5657-d9df-48c1-8575-469f2035b7bc","relationshipStatus":"ACTIVE","relationshipAttributes":{"typeName":"m4i_data_entity_attribute_assignment"}},{"guid":"00754dfb-557c-4c4f-bd4b-9e2b250ab10e","typeName":"m4i_data_attribute","entityStatus":"ACTIVE","displayText":"AssetId","relationshipType":"m4i_data_entity_attribute_assignment","relationshipGuid":"8f4ca4c2-51f3-4079-8559-4efbeff0f342","relationshipStatus":"ACTIVE","relationshipAttributes":{"typeName":"m4i_data_entity_attribute_assignment"}},{"guid":"8c403ddb-e4d6-4952-aad8-c2685fb28173","typeName":"m4i_data_attribute","entityStatus":"ACTIVE","displayText":"SKUId","relationshipType":"m4i_data_entity_attribute_assignment","relationshipGuid":"e9b287df-f5f3-4c0d-8153-4fcb9b85c3b4","relationshipStatus":"ACTIVE","relationshipAttributes":{"typeName":"m4i_data_entity_attribute_assignment"}},{"guid":"515c596a-bdde-49a5-96b1-95bd20903019","typeName":"m4i_data_attribute","entityStatus":"ACTIVE","displayText":"Plant","relationshipType":"m4i_data_entity_attribute_assignment","relationshipGuid":"cef2ec29-e133-4429-a652-1cb980212906","relationshipStatus":"ACTIVE","relationshipAttributes":{"typeName":"m4i_data_entity_attribute_assignment"}},{"guid":"75035074-c4c1-4cfb-aafb-271b2aec51b8","typeName":"m4i_data_attribute","entityStatus":"ACTIVE","displayText":"DownTime","relationshipType":"m4i_data_entity_attribute_assignment","relationshipGuid":"ab6d8cbd-d73c-4c4f-ae41-435a3325b12e","relationshipStatus":"ACTIVE","relationshipAttributes":{"typeName":"m4i_data_entity_attribute_assignment"}},{"guid":"5fe5ae11-ce8c-4fa3-94d1-7c6f34227b52","typeName":"m4i_data_attribute","entityStatus":"ACTIVE","displayText":"AssetName","relationshipType":"m4i_data_entity_attribute_assignment","relationshipGuid":"4b077ef2-5edb-487b-87bd-07656a9c509c","relationshipStatus":"ACTIVE","relationshipAttributes":{"typeName":"m4i_data_entity_attribute_assignment"}},{"guid":"6c6a3fb9-e983-4b39-a26b-2883cf06cc8d","typeName":"m4i_data_attribute","entityStatus":"ACTIVE","displayText":"SKU","relationshipType":"m4i_data_entity_attribute_assignment","relationshipGuid":"59847368-ead6-44e6-8825-57769f749879","relationshipStatus":"ACTIVE","relationshipAttributes":{"typeName":"m4i_data_entity_attribute_assignment"}},{"guid":"420a6727-bab2-45b6-a7a4-454b690793dc","typeName":"m4i_data_attribute","entityStatus":"ACTIVE","displayText":"UpTime","relationshipType":"m4i_data_entity_attribute_assignment","relationshipGuid":"eb9f9f36-b172-4412-8672-6071d54d8ed4","relationshipStatus":"ACTIVE","relationshipAttributes":{"typeName":"m4i_data_entity_attribute_assignment"}},{"guid":"a48ff719-ba8f-41f6-9c8a-5011e0c92089","typeName":"m4i_data_attribute","entityStatus":"ACTIVE","displayText":"ScheduledDownTime","relationshipType":"m4i_data_entity_attribute_assignment","relationshipGuid":"6b672e2c-5bfb-4a22-8012-d23c6894a118","relationshipStatus":"ACTIVE","relationshipAttributes":{"typeName":"m4i_data_entity_attribute_assignment"}},{"guid":"010d67a7-0514-4669-af97-cc5b3d107b56","typeName":"m4i_data_attribute","entityStatus":"ACTIVE","displayText":"TotalPart","relationshipType":"m4i_data_entity_attribute_assignment","relationshipGuid":"1a4082f7-c800-4c8f-aa34-92e47a652198","relationshipStatus":"ACTIVE","relationshipAttributes":{"typeName":"m4i_data_entity_attribute_assignment"}},{"guid":"a8ae22fc-d916-4a6a-b365-2117900d510d","typeName":"m4i_data_attribute","entityStatus":"ACTIVE","displayText":"year","relationshipType":"m4i_data_entity_attribute_assignment","relationshipGuid":"2d4b5a5d-18fc-453e-b9fd-5b6f8576f1ed","relationshipStatus":"ACTIVE","relationshipAttributes":{"typeName":"m4i_data_entity_attribute_assignment"}},{"guid":"04408291-54fb-448d-87ae-58cfb8137647","typeName":"m4i_data_attribute","entityStatus":"ACTIVE","displayText":"month","relationshipType":"m4i_data_entity_attribute_assignment","relationshipGuid":"bb288be1-e5d9-4b02-ac75-2b77ee674b89","relationshipStatus":"ACTIVE","relationshipAttributes":{"typeName":"m4i_data_entity_attribute_assignment"}},{"guid":"4af8483e-a388-4cfd-bcc7-d1ca6d7e4408","typeName":"m4i_data_attribute","entityStatus":"ACTIVE","displayText":"Site","relationshipType":"m4i_data_entity_attribute_assignment","relationshipGuid":"f5415a5d-b58c-470f-b4c8-09cf838ae432","relationshipStatus":"ACTIVE","relationshipAttributes":{"typeName":"m4i_data_entity_attribute_assignment"}},{"guid":"387218d7-cfc9-4540-90cf-0c8b10caefce","typeName":"m4i_data_attribute","entityStatus":"ACTIVE","displayText":"Hour","relationshipType":"m4i_data_entity_attribute_assignment","relationshipGuid":"09e8d959-f8ef-4706-b787-d30d20c1669a","relationshipStatus":"ACTIVE","relationshipAttributes":{"typeName":"m4i_data_entity_attribute_assignment"}},{"guid":"3578d728-49ac-4629-9186-0c517bc8991f","typeName":"m4i_data_attribute","entityStatus":"ACTIVE","displayText":"WorkCenterId","relationshipType":"m4i_data_entity_attribute_assignment","relationshipGuid":"2709ba5d-e716-4256-988e-8c4acb683b0e","relationshipStatus":"ACTIVE","relationshipAttributes":{"typeName":"m4i_data_entity_attribute_assignment"}},{"guid":"f4956b8f-3c7f-4d4b-a99d-10b9a32a42e0","typeName":"m4i_data_attribute","entityStatus":"ACTIVE","displayText":"WorkCenterName","relationshipType":"m4i_data_entity_attribute_assignment","relationshipGuid":"eb7de0b9-a748-438c-86b8-0ac27e105def","relationshipStatus":"ACTIVE","relationshipAttributes":{"typeName":"m4i_data_entity_attribute_assignment"}},{"guid":"a8249ddd-3aac-49bf-8076-bbd52db1c7d4","typeName":"m4i_data_attribute","entityStatus":"ACTIVE","displayText":"ShiftId","relationshipType":"m4i_data_entity_attribute_assignment","relationshipGuid":"cdcc0ead-8c36-47fa-886e-e097abfff1a1","relationshipStatus":"ACTIVE","relationshipAttributes":{"typeName":"m4i_data_entity_attribute_assignment"}},{"guid":"9865dffd-a5b5-4040-93a4-fc9317f28edb","typeName":"m4i_data_attribute","entityStatus":"ACTIVE","displayText":"IdleTime","relationshipType":"m4i_data_entity_attribute_assignment","relationshipGuid":"79f7bd98-97f2-45c3-96f9-d16c6a588529","relationshipStatus":"ACTIVE","relationshipAttributes":{"typeName":"m4i_data_entity_attribute_assignment"}},{"guid":"3d32de4d-d2f9-46bd-99b9-2087a93419a9","typeName":"m4i_data_attribute","entityStatus":"ACTIVE","displayText":"AssetType","relationshipType":"m4i_data_entity_attribute_assignment","relationshipGuid":"5cde5529-7fa8-431c-80bd-9db8876f3336","relationshipStatus":"ACTIVE","relationshipAttributes":{"typeName":"m4i_data_entity_attribute_assignment"}},{"guid":"0f3fb528-6c7d-4150-9f66-559604bbaf0f","typeName":"m4i_data_attribute","entityStatus":"ACTIVE","displayText":"DownTimeInMinutes","relationshipType":"m4i_data_entity_attribute_assignment","relationshipGuid":"973d50ee-866d-4266-aad7-0d1bf492c84c","relationshipStatus":"ACTIVE","relationshipAttributes":{"typeName":"m4i_data_entity_attribute_assignment"}},{"guid":"834c37ad-b8a8-40bd-b573-5c4fadfe1d26","typeName":"m4i_data_attribute","entityStatus":"ACTIVE","displayText":"PlantId","relationshipType":"m4i_data_entity_attribute_assignment","relationshipGuid":"c5476f55-7ce5-4d77-b430-39b61c0afe8c","relationshipStatus":"ACTIVE","relationshipAttributes":{"typeName":"m4i_data_entity_attribute_assignment"}},{"guid":"18a76dfb-419c-43a1-8681-c3dde50e0aae","typeName":"m4i_data_attribute","entityStatus":"ACTIVE","displayText":"week","relationshipType":"m4i_data_entity_attribute_assignment","relationshipGuid":"615b5c78-c799-44fc-96b7-b2baedbd092c","relationshipStatus":"ACTIVE","relationshipAttributes":{"typeName":"m4i_data_entity_attribute_assignment"}},{"guid":"0e0b8f4b-6ad2-4eed-8890-6a8c880c2614","typeName":"m4i_data_attribute","entityStatus":"ACTIVE","displayText":"ValueStreamName","relationshipType":"m4i_data_entity_attribute_assignment","relationshipGuid":"b8f886d8-ae87-4e22-bcce-1f3eb90ce91e","relationshipStatus":"ACTIVE","relationshipAttributes":{"typeName":"m4i_data_entity_attribute_assignment"}},{"guid":"45d4dd9e-66b7-44b4-8e7f-5a9815dc5d5b","typeName":"m4i_data_attribute","entityStatus":"ACTIVE","displayText":"ShiftName","relationshipType":"m4i_data_entity_attribute_assignment","relationshipGuid":"e6780a1b-44b4-4a9f-8693-222c48b97fd8","relationshipStatus":"ACTIVE","relationshipAttributes":{"typeName":"m4i_data_entity_attribute_assignment"}},{"guid":"bd793c41-e867-4cec-adbb-0a0902bd9a13","typeName":"m4i_data_attribute","entityStatus":"ACTIVE","displayText":"WorkOrder","relationshipType":"m4i_data_entity_attribute_assignment","relationshipGuid":"ff1db18d-77e6-47a1-bdcb-c8dfbdfa87df","relationshipStatus":"ACTIVE","relationshipAttributes":{"typeName":"m4i_data_entity_attribute_assignment"}},{"guid":"fe67b8cc-a062-4d3b-a4ef-29aa7f82b4dc","typeName":"m4i_data_attribute","entityStatus":"ACTIVE","displayText":"OEE","relationshipType":"m4i_data_entity_attribute_assignment","relationshipGuid":"546ecf8b-eb41-4954-86c0-36fb3b16d49a","relationshipStatus":"ACTIVE","relationshipAttributes":{"typeName":"m4i_data_entity_attribute_assignment"}},{"guid":"52cf166d-4f91-4c1f-b63a-12b7fb229e5b","typeName":"m4i_data_attribute","entityStatus":"ACTIVE","displayText":"EquipmentStatus","relationshipType":"m4i_data_entity_attribute_assignment","relationshipGuid":"ef71e409-4818-4414-b72c-03138b4d7b67","relationshipStatus":"ACTIVE","relationshipAttributes":{"typeName":"m4i_data_entity_attribute_assignment"}},{"guid":"980ef6fd-ca1a-46e6-a669-b5246cc1baca","typeName":"m4i_data_attribute","entityStatus":"ACTIVE","displayText":"MinorStop","relationshipType":"m4i_data_entity_attribute_assignment","relationshipGuid":"a6fe3ccd-3d96-45dc-9cd0-9ebce5a32ae7","relationshipStatus":"ACTIVE","relationshipAttributes":{"typeName":"m4i_data_entity_attribute_assignment"}}],"source":[{"guid":"2bee6dca-fea0-478b-824e-d97365d18bbe","typeName":"m4i_source","entityStatus":"ACTIVE","displayText":"/hr/hr/Data Dictionary_template.xlsm","relationshipType":"m4i_referenceable_source_assignment","relationshipGuid":"e3ea68b4-9cf8-4497-a829-da44d7a6ab90","relationshipStatus":"ACTIVE","relationshipAttributes":{"typeName":"m4i_referenceable_source_assignment"}}],"businessOwner":[{"guid":"dc408458-fd6d-4080-a324-9900585d1146","typeName":"m4i_person","entityStatus":"ACTIVE","displayText":"Jane Martens","relationshipType":"m4i_data_entity_business_owner_assignment","relationshipGuid":"11e870bf-b435-4ac4-93b2-3bee644d117c","relationshipStatus":"ACTIVE","relationshipAttributes":{"typeName":"m4i_data_entity_business_owner_assignment"}}],"meanings":[]},"labels":[]}}