{"referredEntities":{},"entity":{"typeName":"m4i_field","attributes":{"archimateReference":[],"replicatedTo":null,"replicatedFrom":null,"hasContent":null,"steward":[],"qualifiedName":"nl1--nl1hr--nl1hr001--basket","source":[],"datasets":[{"guid":"c5975c9c-c0ad-46e7-bfb8-a8946980041d","typeName":"m4i_dataset","uniqueAttributes":{"qualifiedName":"nl1--nl1hr--nl1hr001"}}],"parentField":[],"optionalField":null,"name":"BASKET","definition":null,"attributes":[{"guid":"94a1c5f2-8639-4709-a0b7-ea4f4cef09d0","typeName":"m4i_data_attribute","uniqueAttributes":{"qualifiedName":"personnel-and-organization--personnel--external--basket"}},{"guid":"cd28eaf5-5d73-4dde-a2f2-140bf7a45b1b","typeName":"m4i_data_attribute","uniqueAttributes":{"qualifiedName":"personnel-and-organization--organization--basket"}},{"guid":"b4435642-bde8-46bb-80e4-8172a19bc6c7","typeName":"m4i_data_attribute","uniqueAttributes":{"qualifiedName":"personnel-and-organization--personnel--internal--basket"}},{"guid":"94a1c5f2-8639-4709-a0b7-ea4f4cef09d0","typeName":"m4i_data_attribute","uniqueAttributes":{"qualifiedName":"personnel-and-organization--personnel--external--basket"}},{"guid":"cd28eaf5-5d73-4dde-a2f2-140bf7a45b1b","typeName":"m4i_data_attribute","uniqueAttributes":{"qualifiedName":"personnel-and-organization--organization--basket"}},{"guid":"b4435642-bde8-46bb-80e4-8172a19bc6c7","typeName":"m4i_data_attribute","uniqueAttributes":{"qualifiedName":"personnel-and-organization--personnel--internal--basket"}}],"fieldType":"Text","childField":[]},"guid":"1bfbe44b-f4a4-4120-88ad-2fa05c15188e","isIncomplete":false,"status":"ACTIVE","createdBy":"admin","updatedBy":"admin","createTime":1656521966734,"updateTime":1656522080758,"version":0,"relationshipAttributes":{"ArchiMateReference":[],"dataQuality":[{"guid":"6fc09dec-b9b6-46eb-b195-47160c1636ba","typeName":"m4i_data_quality","entityStatus":"ACTIVE","displayText":"nl1--nl1hr--nl1hr001--basket--25","relationshipType":"m4i_data_quality_field_assignment","relationshipGuid":"3ef5a979-a788-458a-a16d-20307d1e65a3","relationshipStatus":"ACTIVE","relationshipAttributes":{"typeName":"m4i_data_quality_field_assignment"}},{"guid":"e673c6ae-836e-4a67-87c4-a2f9345d1be4","typeName":"m4i_data_quality","entityStatus":"ACTIVE","displayText":"nl1--nl1hr--nl1hr001--basket--24","relationshipType":"m4i_data_quality_field_assignment","relationshipGuid":"72427ac4-9f5f-4cd4-816a-0e274fbc0b37","relationshipStatus":"ACTIVE","relationshipAttributes":{"typeName":"m4i_data_quality_field_assignment"}},{"guid":"32b94c8c-ff45-4a1e-9114-833a2789b599","typeName":"m4i_data_quality","entityStatus":"ACTIVE","displayText":"nl1--nl1hr--nl1hr001--basket--23","relationshipType":"m4i_data_quality_field_assignment","relationshipGuid":"61835053-2818-409c-9f7b-ea3f61dc9852","relationshipStatus":"ACTIVE","relationshipAttributes":{"typeName":"m4i_data_quality_field_assignment"}},{"guid":"10a70336-d860-429c-86ab-05aba7582b51","typeName":"m4i_data_quality","entityStatus":"ACTIVE","displayText":"nl1--nl1hr--nl1hr001--basket--26","relationshipType":"m4i_data_quality_field_assignment","relationshipGuid":"24d704a4-e23a-4ce3-b262-9decd7e81657","relationshipStatus":"ACTIVE","relationshipAttributes":{"typeName":"m4i_data_quality_field_assignment"}}],"attributes":[{"guid":"b4435642-bde8-46bb-80e4-8172a19bc6c7","typeName":"m4i_data_attribute","entityStatus":"ACTIVE","displayText":"Basket","relationshipType":"m4i_data_attribute_field_assignment","relationshipGuid":"66241ff7-b8dc-43b4-a2ee-b95968b8f3dd","relationshipStatus":"DELETED","relationshipAttributes":{"typeName":"m4i_data_attribute_field_assignment"}},{"guid":"b4435642-bde8-46bb-80e4-8172a19bc6c7","typeName":"m4i_data_attribute","entityStatus":"ACTIVE","displayText":"Basket","relationshipType":"m4i_data_attribute_field_assignment","relationshipGuid":"e87c8be5-bfd2-41ff-a9ec-1a0e83d1563b","relationshipStatus":"DELETED","relationshipAttributes":{"typeName":"m4i_data_attribute_field_assignment"}},{"guid":"cd28eaf5-5d73-4dde-a2f2-140bf7a45b1b","typeName":"m4i_data_attribute","entityStatus":"ACTIVE","displayText":"Basket","relationshipType":"m4i_data_attribute_field_assignment","relationshipGuid":"9874cb3a-e3e0-485e-8cb4-a5cf35e6fb52","relationshipStatus":"DELETED","relationshipAttributes":{"typeName":"m4i_data_attribute_field_assignment"}},{"guid":"cd28eaf5-5d73-4dde-a2f2-140bf7a45b1b","typeName":"m4i_data_attribute","entityStatus":"ACTIVE","displayText":"Basket","relationshipType":"m4i_data_attribute_field_assignment","relationshipGuid":"1b8e74b0-3f4b-4097-a9e3-d2fb705ff194","relationshipStatus":"DELETED","relationshipAttributes":{"typeName":"m4i_data_attribute_field_assignment"}},{"guid":"94a1c5f2-8639-4709-a0b7-ea4f4cef09d0","typeName":"m4i_data_attribute","entityStatus":"ACTIVE","displayText":"Basket","relationshipType":"m4i_data_attribute_field_assignment","relationshipGuid":"7b32c7ca-a6d2-4d67-99cc-864b156cf995","relationshipStatus":"DELETED","relationshipAttributes":{"typeName":"m4i_data_attribute_field_assignment"}},{"guid":"94a1c5f2-8639-4709-a0b7-ea4f4cef09d0","typeName":"m4i_data_attribute","entityStatus":"ACTIVE","displayText":"Basket","relationshipType":"m4i_data_attribute_field_assignment","relationshipGuid":"da95668d-1057-4ad6-8575-4e8d728cc033","relationshipStatus":"ACTIVE","relationshipAttributes":{"typeName":"m4i_data_attribute_field_assignment"}}],"datasets":[{"guid":"c5975c9c-c0ad-46e7-bfb8-a8946980041d","typeName":"m4i_dataset","entityStatus":"ACTIVE","displayText":"NL1-HR-001","relationshipType":"m4i_field_assignment","relationshipGuid":"61ef62c1-6d8d-4c16-bf71-0bd0fa20d975","relationshipStatus":"DELETED","relationshipAttributes":{"typeName":"m4i_field_assignment","attributes":{"typeInformation":null}}}],"source":[{"guid":"2bee6dca-fea0-478b-824e-d97365d18bbe","typeName":"m4i_source","entityStatus":"ACTIVE","displayText":"/hr/hr/Data Dictionary_template.xlsm","relationshipType":"m4i_referenceable_source_assignment","relationshipGuid":"4d7eaed5-f86a-4e56-806b-e65e12ec24ec","relationshipStatus":"ACTIVE","relationshipAttributes":{"typeName":"m4i_referenceable_source_assignment"}}],"parentField":[],"meanings":[],"childField":[]},"classifications":[{"typeName":"low_risk","entityGuid":"cd28eaf5-5d73-4dde-a2f2-140bf7a45b1b","entityStatus":"ACTIVE","propagate":true,"validityPeriods":[],"removePropagationsOnEntityDelete":true},{"typeName":"key_data","entityGuid":"b4435642-bde8-46bb-80e4-8172a19bc6c7","entityStatus":"ACTIVE","propagate":true,"validityPeriods":[],"removePropagationsOnEntityDelete":true},{"typeName":"key_data","entityGuid":"cd28eaf5-5d73-4dde-a2f2-140bf7a45b1b","entityStatus":"ACTIVE","propagate":true,"validityPeriods":[],"removePropagationsOnEntityDelete":true},{"typeName":"key_data","entityGuid":"94a1c5f2-8639-4709-a0b7-ea4f4cef09d0","entityStatus":"ACTIVE","propagate":true,"validityPeriods":[],"removePropagationsOnEntityDelete":true},{"typeName":"low_risk","entityGuid":"b4435642-bde8-46bb-80e4-8172a19bc6c7","entityStatus":"ACTIVE","propagate":true,"validityPeriods":[],"removePropagationsOnEntityDelete":true},{"typeName":"low_risk","entityGuid":"94a1c5f2-8639-4709-a0b7-ea4f4cef09d0","entityStatus":"ACTIVE","propagate":true,"validityPeriods":[],"removePropagationsOnEntityDelete":true}],"labels":[]}}