{"referredEntities":{},"entity":{"typeName":"m4i_dataset","attributes":{"owner":null,"archimateReference":[],"replicatedTo":null,"userDescription":null,"replicatedFrom":null,"qualifiedName":"nl3--nl3plant--nl3plant001","displayName":null,"description":null,"source":[],"parentDataset":[],"childDataset":[],"collections":[{"guid":"11ff304e-1146-4c82-b801-bb8f5434b5d4","typeName":"m4i_collection","uniqueAttributes":{"qualifiedName":"nl3--nl3plant"}}],"name":"NL3-PLANT-001","definition":null,"fields":[{"guid":"23df3674-9ab9-4d96-af5f-3db3535980c6","typeName":"m4i_field","uniqueAttributes":{"qualifiedName":"nl3--nl3plant--nl3plant001--assetname"}},{"guid":"5275b28f-9600-4bd8-ab86-092363e8dff4","typeName":"m4i_field","uniqueAttributes":{"qualifiedName":"nl3--nl3plant--nl3plant001--workorder"}},{"guid":"f8da1765-4844-4862-9443-563f12ba911f","typeName":"m4i_field","uniqueAttributes":{"qualifiedName":"nl3--nl3plant--nl3plant001--valuestreamname"}},{"guid":"4fb8e1e8-96f3-4edd-a951-e98310526654","typeName":"m4i_field","uniqueAttributes":{"qualifiedName":"nl3--nl3plant--nl3plant001--shiftid"}},{"guid":"6744c643-ee5c-401d-89e6-835c614f1f40","typeName":"m4i_field","uniqueAttributes":{"qualifiedName":"nl3--nl3plant--nl3plant001--partsperminute"}},{"guid":"c086ab8a-20e4-48ea-a2f8-95945764453d","typeName":"m4i_field","uniqueAttributes":{"qualifiedName":"nl3--nl3plant--nl3plant001--idletime"}},{"guid":"88bf31c6-20a3-4931-9b77-08879430cbe7","typeName":"m4i_field","uniqueAttributes":{"qualifiedName":"nl3--nl3plant--nl3plant001--minorstop"}},{"guid":"48d1cece-05e7-4e9e-9ec9-65a40a67f19a","typeName":"m4i_field","uniqueAttributes":{"qualifiedName":"nl3--nl3plant--nl3plant001--week"}},{"guid":"7b60625f-8f3c-430b-abca-57cc71537615","typeName":"m4i_field","uniqueAttributes":{"qualifiedName":"nl3--nl3plant--nl3plant001--scheduleddowntime"}},{"guid":"f50ac1b5-eb03-4f29-9e73-a5f44d0f4568","typeName":"m4i_field","uniqueAttributes":{"qualifiedName":"nl3--nl3plant--nl3plant001--downtimeinminutes"}},{"guid":"a97a0695-1b0b-4bd7-bc56-6352ce5033ee","typeName":"m4i_field","uniqueAttributes":{"qualifiedName":"nl3--nl3plant--nl3plant001--site"}},{"guid":"39c34224-1db0-4d5a-b546-b94c2fb1a95e","typeName":"m4i_field","uniqueAttributes":{"qualifiedName":"nl3--nl3plant--nl3plant001--hour"}},{"guid":"104e9fef-72b9-40d1-8f81-2be2820ed123","typeName":"m4i_field","uniqueAttributes":{"qualifiedName":"nl3--nl3plant--nl3plant001--uptime"}},{"guid":"d7e6c3f9-3667-4888-a91d-6c165a7ada6d","typeName":"m4i_field","uniqueAttributes":{"qualifiedName":"nl3--nl3plant--nl3plant001--plant"}},{"guid":"a41f6678-09b4-4eb5-a42c-a6c291e5da5d","typeName":"m4i_field","uniqueAttributes":{"qualifiedName":"nl3--nl3plant--nl3plant001--workcenterid"}},{"guid":"e022970c-c30b-45f1-8883-0f03b4f1eef1","typeName":"m4i_field","uniqueAttributes":{"qualifiedName":"nl3--nl3plant--nl3plant001--equipmentstatus"}},{"guid":"f841a7ac-42bb-482b-a480-17f981fae9da","typeName":"m4i_field","uniqueAttributes":{"qualifiedName":"nl3--nl3plant--nl3plant001--year"}},{"guid":"3ab1fef3-8321-431c-ae2d-4de0644fc692","typeName":"m4i_field","uniqueAttributes":{"qualifiedName":"nl3--nl3plant--nl3plant001--siteid"}},{"guid":"fc962da8-121a-40fe-a0b2-1377cbae26ad","typeName":"m4i_field","uniqueAttributes":{"qualifiedName":"nl3--nl3plant--nl3plant001--assetid"}},{"guid":"a2ff476f-4e6b-4a14-97b6-02f478385210","typeName":"m4i_field","uniqueAttributes":{"qualifiedName":"nl3--nl3plant--nl3plant001--plantid"}},{"guid":"d5c2dd6f-2676-4d99-a44e-d2739bc5a9a6","typeName":"m4i_field","uniqueAttributes":{"qualifiedName":"nl3--nl3plant--nl3plant001--date"}},{"guid":"9db51b9a-86ba-4d1f-a882-1bd024f02c72","typeName":"m4i_field","uniqueAttributes":{"qualifiedName":"nl3--nl3plant--nl3plant001--assettype"}},{"guid":"3da200f4-db31-45be-8313-0c407af9045c","typeName":"m4i_field","uniqueAttributes":{"qualifiedName":"nl3--nl3plant--nl3plant001--workcentername"}},{"guid":"d35a7914-eacd-4f95-9c4b-dfa9d172d358","typeName":"m4i_field","uniqueAttributes":{"qualifiedName":"nl3--nl3plant--nl3plant001--shiftname"}},{"guid":"21f89d8f-4e10-4419-b135-6a84d55ed63f","typeName":"m4i_field","uniqueAttributes":{"qualifiedName":"nl3--nl3plant--nl3plant001--workorderid"}},{"guid":"afcf2bbb-a213-4716-9cf4-88c4b306c65b","typeName":"m4i_field","uniqueAttributes":{"qualifiedName":"nl3--nl3plant--nl3plant001--skuid"}},{"guid":"4720d40e-66a2-4aac-aabf-696cf02e7059","typeName":"m4i_field","uniqueAttributes":{"qualifiedName":"nl3--nl3plant--nl3plant001--sku"}},{"guid":"4c509ddb-4f55-4518-ba3e-8092c3e4fd1a","typeName":"m4i_field","uniqueAttributes":{"qualifiedName":"nl3--nl3plant--nl3plant001--downtime"}},{"guid":"d784272d-d0ed-4ec9-852f-a8fd7338d611","typeName":"m4i_field","uniqueAttributes":{"qualifiedName":"nl3--nl3plant--nl3plant001--totalpart"}},{"guid":"16ed0a09-3a94-449e-8185-e16d720ef8da","typeName":"m4i_field","uniqueAttributes":{"qualifiedName":"nl3--nl3plant--nl3plant001--oee"}},{"guid":"5f50622b-d934-4830-944a-02c31e3f1d35","typeName":"m4i_field","uniqueAttributes":{"qualifiedName":"nl3--nl3plant--nl3plant001--month"}}]},"guid":"2230cf23-c90c-4a2f-be3e-e402503c4544","isIncomplete":false,"status":"ACTIVE","createdBy":"admin","updatedBy":"admin","createTime":1656521946452,"updateTime":1656522073615,"version":0,"relationshipAttributes":{"inputToProcesses":[],"pipeline":null,"schema":[],"ArchiMateReference":[],"childDataset":[],"collections":[{"guid":"11ff304e-1146-4c82-b801-bb8f5434b5d4","typeName":"m4i_collection","entityStatus":"ACTIVE","displayText":"NL3-PLANT","relationshipType":"m4i_dataset_assignment","relationshipGuid":"28a4a837-8de9-41cf-ab75-8fdcbfceda4a","relationshipStatus":"DELETED","relationshipAttributes":{"typeName":"m4i_dataset_assignment"}}],"model":null,"source":[{"guid":"2bee6dca-fea0-478b-824e-d97365d18bbe","typeName":"m4i_source","entityStatus":"ACTIVE","displayText":"/hr/hr/Data Dictionary_template.xlsm","relationshipType":"m4i_referenceable_source_assignment","relationshipGuid":"9a044d57-5ec7-475d-a675-a1bd43d2e266","relationshipStatus":"ACTIVE","relationshipAttributes":{"typeName":"m4i_referenceable_source_assignment"}}],"fields":[{"guid":"23df3674-9ab9-4d96-af5f-3db3535980c6","typeName":"m4i_field","entityStatus":"ACTIVE","displayText":"AssetName","relationshipType":"m4i_field_assignment","relationshipGuid":"6d14a9a2-7524-4a80-b690-c5abb421f814","relationshipStatus":"ACTIVE","relationshipAttributes":{"typeName":"m4i_field_assignment","attributes":{"typeInformation":null}}},{"guid":"5275b28f-9600-4bd8-ab86-092363e8dff4","typeName":"m4i_field","entityStatus":"ACTIVE","displayText":"WorkOrder","relationshipType":"m4i_field_assignment","relationshipGuid":"04d9b820-b17e-4a0c-b514-2d20cc9aecc7","relationshipStatus":"ACTIVE","relationshipAttributes":{"typeName":"m4i_field_assignment","attributes":{"typeInformation":null}}},{"guid":"f8da1765-4844-4862-9443-563f12ba911f","typeName":"m4i_field","entityStatus":"ACTIVE","displayText":"ValueStreamName","relationshipType":"m4i_field_assignment","relationshipGuid":"dbcfb27a-1697-4a69-85dc-5a6cc78a07db","relationshipStatus":"ACTIVE","relationshipAttributes":{"typeName":"m4i_field_assignment","attributes":{"typeInformation":null}}},{"guid":"4fb8e1e8-96f3-4edd-a951-e98310526654","typeName":"m4i_field","entityStatus":"ACTIVE","displayText":"ShiftId","relationshipType":"m4i_field_assignment","relationshipGuid":"70eb9f6f-1de5-426b-bb38-e5e5b2551207","relationshipStatus":"ACTIVE","relationshipAttributes":{"typeName":"m4i_field_assignment","attributes":{"typeInformation":null}}},{"guid":"6744c643-ee5c-401d-89e6-835c614f1f40","typeName":"m4i_field","entityStatus":"ACTIVE","displayText":"PartsPerMinute","relationshipType":"m4i_field_assignment","relationshipGuid":"c2a18767-fc0e-4a44-8d05-84c82a4504d7","relationshipStatus":"ACTIVE","relationshipAttributes":{"typeName":"m4i_field_assignment","attributes":{"typeInformation":null}}},{"guid":"c086ab8a-20e4-48ea-a2f8-95945764453d","typeName":"m4i_field","entityStatus":"ACTIVE","displayText":"IdleTime","relationshipType":"m4i_field_assignment","relationshipGuid":"f87299e8-e1c0-4e0c-8a0b-52d2c733b356","relationshipStatus":"ACTIVE","relationshipAttributes":{"typeName":"m4i_field_assignment","attributes":{"typeInformation":null}}},{"guid":"88bf31c6-20a3-4931-9b77-08879430cbe7","typeName":"m4i_field","entityStatus":"ACTIVE","displayText":"MinorStop","relationshipType":"m4i_field_assignment","relationshipGuid":"b474b111-a2c5-455a-b430-e5d9c80a183a","relationshipStatus":"ACTIVE","relationshipAttributes":{"typeName":"m4i_field_assignment","attributes":{"typeInformation":null}}},{"guid":"48d1cece-05e7-4e9e-9ec9-65a40a67f19a","typeName":"m4i_field","entityStatus":"ACTIVE","displayText":"week","relationshipType":"m4i_field_assignment","relationshipGuid":"25b86e26-0848-4863-bc4e-786b05eefc8b","relationshipStatus":"ACTIVE","relationshipAttributes":{"typeName":"m4i_field_assignment","attributes":{"typeInformation":null}}},{"guid":"7b60625f-8f3c-430b-abca-57cc71537615","typeName":"m4i_field","entityStatus":"ACTIVE","displayText":"ScheduledDownTime","relationshipType":"m4i_field_assignment","relationshipGuid":"72a82d15-5813-4c00-b1a4-47a72db91eda","relationshipStatus":"ACTIVE","relationshipAttributes":{"typeName":"m4i_field_assignment","attributes":{"typeInformation":null}}},{"guid":"f50ac1b5-eb03-4f29-9e73-a5f44d0f4568","typeName":"m4i_field","entityStatus":"ACTIVE","displayText":"DownTimeInMinutes","relationshipType":"m4i_field_assignment","relationshipGuid":"fc8e2d7e-a18b-4b30-bf16-09657117ede6","relationshipStatus":"ACTIVE","relationshipAttributes":{"typeName":"m4i_field_assignment","attributes":{"typeInformation":null}}},{"guid":"a97a0695-1b0b-4bd7-bc56-6352ce5033ee","typeName":"m4i_field","entityStatus":"ACTIVE","displayText":"Site","relationshipType":"m4i_field_assignment","relationshipGuid":"971f8513-898c-4f73-a923-70deac373207","relationshipStatus":"ACTIVE","relationshipAttributes":{"typeName":"m4i_field_assignment","attributes":{"typeInformation":null}}},{"guid":"39c34224-1db0-4d5a-b546-b94c2fb1a95e","typeName":"m4i_field","entityStatus":"ACTIVE","displayText":"Hour","relationshipType":"m4i_field_assignment","relationshipGuid":"8220105e-235d-4107-b6c0-fafc7b8803b3","relationshipStatus":"ACTIVE","relationshipAttributes":{"typeName":"m4i_field_assignment","attributes":{"typeInformation":null}}},{"guid":"104e9fef-72b9-40d1-8f81-2be2820ed123","typeName":"m4i_field","entityStatus":"ACTIVE","displayText":"UpTime","relationshipType":"m4i_field_assignment","relationshipGuid":"85394de7-fac1-41df-b4cb-457e8d6e2509","relationshipStatus":"ACTIVE","relationshipAttributes":{"typeName":"m4i_field_assignment","attributes":{"typeInformation":null}}},{"guid":"d7e6c3f9-3667-4888-a91d-6c165a7ada6d","typeName":"m4i_field","entityStatus":"ACTIVE","displayText":"Plant","relationshipType":"m4i_field_assignment","relationshipGuid":"91096fb6-9957-4a5c-8572-1ea72922d477","relationshipStatus":"ACTIVE","relationshipAttributes":{"typeName":"m4i_field_assignment","attributes":{"typeInformation":null}}},{"guid":"a41f6678-09b4-4eb5-a42c-a6c291e5da5d","typeName":"m4i_field","entityStatus":"ACTIVE","displayText":"WorkCenterId","relationshipType":"m4i_field_assignment","relationshipGuid":"eaf22f45-39a0-411d-9be7-c79362148802","relationshipStatus":"ACTIVE","relationshipAttributes":{"typeName":"m4i_field_assignment","attributes":{"typeInformation":null}}},{"guid":"e022970c-c30b-45f1-8883-0f03b4f1eef1","typeName":"m4i_field","entityStatus":"ACTIVE","displayText":"EquipmentStatus","relationshipType":"m4i_field_assignment","relationshipGuid":"7465559a-8558-4ea3-8f75-eedbb846b9bf","relationshipStatus":"ACTIVE","relationshipAttributes":{"typeName":"m4i_field_assignment","attributes":{"typeInformation":null}}},{"guid":"f841a7ac-42bb-482b-a480-17f981fae9da","typeName":"m4i_field","entityStatus":"ACTIVE","displayText":"year","relationshipType":"m4i_field_assignment","relationshipGuid":"4737ceed-89e0-4909-aa23-45cb39e87bde","relationshipStatus":"ACTIVE","relationshipAttributes":{"typeName":"m4i_field_assignment","attributes":{"typeInformation":null}}},{"guid":"3ab1fef3-8321-431c-ae2d-4de0644fc692","typeName":"m4i_field","entityStatus":"ACTIVE","displayText":"SiteId","relationshipType":"m4i_field_assignment","relationshipGuid":"8fe27f7b-c86f-4e6c-85ac-506d331ea7f0","relationshipStatus":"ACTIVE","relationshipAttributes":{"typeName":"m4i_field_assignment","attributes":{"typeInformation":null}}},{"guid":"fc962da8-121a-40fe-a0b2-1377cbae26ad","typeName":"m4i_field","entityStatus":"ACTIVE","displayText":"AssetId","relationshipType":"m4i_field_assignment","relationshipGuid":"e6d16447-d969-41f2-b005-42d5bffce1e7","relationshipStatus":"ACTIVE","relationshipAttributes":{"typeName":"m4i_field_assignment","attributes":{"typeInformation":null}}},{"guid":"a2ff476f-4e6b-4a14-97b6-02f478385210","typeName":"m4i_field","entityStatus":"ACTIVE","displayText":"PlantId","relationshipType":"m4i_field_assignment","relationshipGuid":"8d43db1d-1d99-4bff-9f8a-cc7063951781","relationshipStatus":"ACTIVE","relationshipAttributes":{"typeName":"m4i_field_assignment","attributes":{"typeInformation":null}}},{"guid":"d5c2dd6f-2676-4d99-a44e-d2739bc5a9a6","typeName":"m4i_field","entityStatus":"ACTIVE","displayText":"date","relationshipType":"m4i_field_assignment","relationshipGuid":"6b84ff80-4217-4df8-aecd-fe2af3341c88","relationshipStatus":"ACTIVE","relationshipAttributes":{"typeName":"m4i_field_assignment","attributes":{"typeInformation":null}}},{"guid":"9db51b9a-86ba-4d1f-a882-1bd024f02c72","typeName":"m4i_field","entityStatus":"ACTIVE","displayText":"AssetType","relationshipType":"m4i_field_assignment","relationshipGuid":"a331ec08-ecd4-4013-867e-6483c53bfbf0","relationshipStatus":"ACTIVE","relationshipAttributes":{"typeName":"m4i_field_assignment","attributes":{"typeInformation":null}}},{"guid":"3da200f4-db31-45be-8313-0c407af9045c","typeName":"m4i_field","entityStatus":"ACTIVE","displayText":"WorkCenterName","relationshipType":"m4i_field_assignment","relationshipGuid":"0d371cfa-2655-4393-aa2d-d51c28b7603a","relationshipStatus":"ACTIVE","relationshipAttributes":{"typeName":"m4i_field_assignment","attributes":{"typeInformation":null}}},{"guid":"d35a7914-eacd-4f95-9c4b-dfa9d172d358","typeName":"m4i_field","entityStatus":"ACTIVE","displayText":"ShiftName","relationshipType":"m4i_field_assignment","relationshipGuid":"30c4a0b9-0692-402c-b2d7-341b597417d7","relationshipStatus":"ACTIVE","relationshipAttributes":{"typeName":"m4i_field_assignment","attributes":{"typeInformation":null}}},{"guid":"21f89d8f-4e10-4419-b135-6a84d55ed63f","typeName":"m4i_field","entityStatus":"ACTIVE","displayText":"WorkOrderId","relationshipType":"m4i_field_assignment","relationshipGuid":"1eec0a2a-81a5-42ac-b055-44a362f734a8","relationshipStatus":"ACTIVE","relationshipAttributes":{"typeName":"m4i_field_assignment","attributes":{"typeInformation":null}}},{"guid":"afcf2bbb-a213-4716-9cf4-88c4b306c65b","typeName":"m4i_field","entityStatus":"ACTIVE","displayText":"SKUId","relationshipType":"m4i_field_assignment","relationshipGuid":"8744d901-cec6-450d-8f52-df80fe970a17","relationshipStatus":"ACTIVE","relationshipAttributes":{"typeName":"m4i_field_assignment","attributes":{"typeInformation":null}}},{"guid":"4720d40e-66a2-4aac-aabf-696cf02e7059","typeName":"m4i_field","entityStatus":"ACTIVE","displayText":"SKU","relationshipType":"m4i_field_assignment","relationshipGuid":"8862aa0b-f02c-4602-9950-2fe398d3a0a8","relationshipStatus":"ACTIVE","relationshipAttributes":{"typeName":"m4i_field_assignment","attributes":{"typeInformation":null}}},{"guid":"4c509ddb-4f55-4518-ba3e-8092c3e4fd1a","typeName":"m4i_field","entityStatus":"ACTIVE","displayText":"DownTime","relationshipType":"m4i_field_assignment","relationshipGuid":"fbf91831-b508-4967-bb86-acaac84eb265","relationshipStatus":"ACTIVE","relationshipAttributes":{"typeName":"m4i_field_assignment","attributes":{"typeInformation":null}}},{"guid":"d784272d-d0ed-4ec9-852f-a8fd7338d611","typeName":"m4i_field","entityStatus":"ACTIVE","displayText":"TotalPart","relationshipType":"m4i_field_assignment","relationshipGuid":"14e1b898-cceb-4f87-86c3-1953f7c4c5ad","relationshipStatus":"ACTIVE","relationshipAttributes":{"typeName":"m4i_field_assignment","attributes":{"typeInformation":null}}},{"guid":"16ed0a09-3a94-449e-8185-e16d720ef8da","typeName":"m4i_field","entityStatus":"ACTIVE","displayText":"OEE","relationshipType":"m4i_field_assignment","relationshipGuid":"d0138fe2-f601-4bb5-b1d6-24b38c5147cd","relationshipStatus":"ACTIVE","relationshipAttributes":{"typeName":"m4i_field_assignment","attributes":{"typeInformation":null}}},{"guid":"5f50622b-d934-4830-944a-02c31e3f1d35","typeName":"m4i_field","entityStatus":"ACTIVE","displayText":"month","relationshipType":"m4i_field_assignment","relationshipGuid":"c4d490b8-fcc7-4b48-9d96-15bf2742f0cc","relationshipStatus":"ACTIVE","relationshipAttributes":{"typeName":"m4i_field_assignment","attributes":{"typeInformation":null}}}],"parentDataset":[],"meanings":[],"outputFromProcesses":[]},"labels":[]}}