{"referredEntities":{},"entity":{"typeName":"m4i_data_quality","attributes":{"owner":null,"archimateReference":[],"expression":"formatting('FUNC_ORG', r'^[a-zA-Z]+$')","replicatedTo":null,"userDescription":null,"replicatedFrom":null,"qualifiedName":"nl1--nl1hr--nl1hr001--func_organization--28","displayName":null,"description":null,"active":true,"source":[],"businessRuleDescription":"","ruleDescription":"This field has a fixed syntax","name":"nl1--nl1hr--nl1hr001--func_organization--28","filterRequired":true,"id":28,"qualityDimension":"Accuracy","expressionVersion":"1","fields":[{"guid":"f86b18e1-7a20-4ba1-a616-09bac4b96a3b","typeName":"m4i_field","uniqueAttributes":{"qualifiedName":"nl1--nl1hr--nl1hr001--func_organization"}}]},"guid":"2557f741-b3d1-4dc6-9c4c-1772366544d2","isIncomplete":false,"status":"ACTIVE","createdBy":"admin","updatedBy":"admin","createTime":1656522080758,"updateTime":1656522080758,"version":0,"relationshipAttributes":{"inputToProcesses":[],"pipeline":null,"schema":[],"ArchiMateReference":[],"model":null,"source":[{"guid":"2bee6dca-fea0-478b-824e-d97365d18bbe","typeName":"m4i_source","entityStatus":"ACTIVE","displayText":"/hr/hr/Data Dictionary_template.xlsm","relationshipType":"m4i_referenceable_source_assignment","relationshipGuid":"c1bfad6d-568b-4c4f-a619-3c3eaa282a8c","relationshipStatus":"ACTIVE","relationshipAttributes":{"typeName":"m4i_referenceable_source_assignment"}}],"fields":[{"guid":"f86b18e1-7a20-4ba1-a616-09bac4b96a3b","typeName":"m4i_field","entityStatus":"ACTIVE","displayText":"FUNC_ORGANIZATION","relationshipType":"m4i_data_quality_field_assignment","relationshipGuid":"64c1c9a6-e7dd-4d11-93b9-89607d77cd45","relationshipStatus":"ACTIVE","relationshipAttributes":{"typeName":"m4i_data_quality_field_assignment"}}],"meanings":[],"outputFromProcesses":[]},"labels":[]}}