{"referredEntities":{},"entity":{"typeName":"m4i_person","attributes":{"archimateReference":[],"replicatedTo":null,"replicatedFrom":null,"qualifiedName":"iris.jacobs@email.com","name":"Iris Jacobs","source":[],"email":"iris.jacobs@email.com"},"guid":"265dad2b-2fc0-44c3-a828-06476d5f1e38","isIncomplete":false,"status":"ACTIVE","createdBy":"admin","updatedBy":"admin","createTime":1656521943868,"updateTime":1656522071035,"version":0,"relationshipAttributes":{"indexPatterns":[],"stewardAttribute":[{"guid":"bcc3902b-2203-48c4-ba9b-d5c74da4c2ab","typeName":"m4i_data_attribute","entityStatus":"ACTIVE","displayText":"date","relationshipType":"m4i_data_attribute_steward_assignment","relationshipGuid":"98573e2f-5c56-4f8a-913a-e82283757cf4","relationshipStatus":"ACTIVE","relationshipAttributes":{"typeName":"m4i_data_attribute_steward_assignment"}},{"guid":"8d6858eb-dabe-4d62-b415-2be534b0e923","typeName":"m4i_data_attribute","entityStatus":"ACTIVE","displayText":"WorkOrderId","relationshipType":"m4i_data_attribute_steward_assignment","relationshipGuid":"503dcf24-fce7-498c-bf1a-256303be5223","relationshipStatus":"ACTIVE","relationshipAttributes":{"typeName":"m4i_data_attribute_steward_assignment"}},{"guid":"aa729886-037d-4860-af8d-c6af2ee5f6b8","typeName":"m4i_data_attribute","entityStatus":"ACTIVE","displayText":"SiteId","relationshipType":"m4i_data_attribute_steward_assignment","relationshipGuid":"bea93100-db24-47bf-a1ab-c2ae19c67b1a","relationshipStatus":"ACTIVE","relationshipAttributes":{"typeName":"m4i_data_attribute_steward_assignment"}},{"guid":"e7d2e19a-3d17-498b-90d4-ef04a74b5175","typeName":"m4i_data_attribute","entityStatus":"ACTIVE","displayText":"PartsPerMinute","relationshipType":"m4i_data_attribute_steward_assignment","relationshipGuid":"14442d7e-bb47-4243-8b75-b9e884120dd2","relationshipStatus":"ACTIVE","relationshipAttributes":{"typeName":"m4i_data_attribute_steward_assignment"}},{"guid":"00754dfb-557c-4c4f-bd4b-9e2b250ab10e","typeName":"m4i_data_attribute","entityStatus":"ACTIVE","displayText":"AssetId","relationshipType":"m4i_data_attribute_steward_assignment","relationshipGuid":"1288a0f5-39d1-4d35-81a7-1f863e6d1e7f","relationshipStatus":"ACTIVE","relationshipAttributes":{"typeName":"m4i_data_attribute_steward_assignment"}},{"guid":"16f0ae8c-b95f-44c7-b7a0-e961e378b596","typeName":"m4i_data_attribute","entityStatus":"ACTIVE","displayText":"AssetCategory","relationshipType":"m4i_data_attribute_steward_assignment","relationshipGuid":"6fdb0a6b-b303-469f-a60d-3f75098ef085","relationshipStatus":"ACTIVE","relationshipAttributes":{"typeName":"m4i_data_attribute_steward_assignment"}},{"guid":"8c403ddb-e4d6-4952-aad8-c2685fb28173","typeName":"m4i_data_attribute","entityStatus":"ACTIVE","displayText":"SKUId","relationshipType":"m4i_data_attribute_steward_assignment","relationshipGuid":"8840ec81-4c9f-4ebf-b70d-cd7847bb63a7","relationshipStatus":"ACTIVE","relationshipAttributes":{"typeName":"m4i_data_attribute_steward_assignment"}},{"guid":"515c596a-bdde-49a5-96b1-95bd20903019","typeName":"m4i_data_attribute","entityStatus":"ACTIVE","displayText":"Plant","relationshipType":"m4i_data_attribute_steward_assignment","relationshipGuid":"3010f2d1-d354-4f0e-871d-3cd8b94b48f4","relationshipStatus":"ACTIVE","relationshipAttributes":{"typeName":"m4i_data_attribute_steward_assignment"}},{"guid":"f4b072a7-f869-485c-ac23-165e3de984c3","typeName":"m4i_data_attribute","entityStatus":"ACTIVE","displayText":"ShiftId","relationshipType":"m4i_data_attribute_steward_assignment","relationshipGuid":"a3c85146-9120-43a2-8b0e-2693cb07ec2c","relationshipStatus":"ACTIVE","relationshipAttributes":{"typeName":"m4i_data_attribute_steward_assignment"}},{"guid":"75035074-c4c1-4cfb-aafb-271b2aec51b8","typeName":"m4i_data_attribute","entityStatus":"ACTIVE","displayText":"DownTime","relationshipType":"m4i_data_attribute_steward_assignment","relationshipGuid":"5dfe5674-6220-4c3b-97da-ee7ccfd63b71","relationshipStatus":"ACTIVE","relationshipAttributes":{"typeName":"m4i_data_attribute_steward_assignment"}},{"guid":"5fe5ae11-ce8c-4fa3-94d1-7c6f34227b52","typeName":"m4i_data_attribute","entityStatus":"ACTIVE","displayText":"AssetName","relationshipType":"m4i_data_attribute_steward_assignment","relationshipGuid":"c7b0eef1-9227-4793-bc1d-fc63c20f5b1f","relationshipStatus":"ACTIVE","relationshipAttributes":{"typeName":"m4i_data_attribute_steward_assignment"}},{"guid":"c847c48d-641d-4828-af86-f8cdc136387b","typeName":"m4i_data_attribute","entityStatus":"ACTIVE","displayText":"month","relationshipType":"m4i_data_attribute_steward_assignment","relationshipGuid":"c48137aa-f3bd-4369-a4ed-84650182a04b","relationshipStatus":"ACTIVE","relationshipAttributes":{"typeName":"m4i_data_attribute_steward_assignment"}},{"guid":"d77e11e2-e011-4792-8150-006c93a6c695","typeName":"m4i_data_attribute","entityStatus":"ACTIVE","displayText":"date","relationshipType":"m4i_data_attribute_steward_assignment","relationshipGuid":"4f6bc539-c52f-46d8-abb3-853afd5f5bc5","relationshipStatus":"ACTIVE","relationshipAttributes":{"typeName":"m4i_data_attribute_steward_assignment"}},{"guid":"6c6a3fb9-e983-4b39-a26b-2883cf06cc8d","typeName":"m4i_data_attribute","entityStatus":"ACTIVE","displayText":"SKU","relationshipType":"m4i_data_attribute_steward_assignment","relationshipGuid":"401fcf1a-c532-4ca7-b7e4-d636ff370ee3","relationshipStatus":"ACTIVE","relationshipAttributes":{"typeName":"m4i_data_attribute_steward_assignment"}},{"guid":"814c0aa3-6617-4e4d-9b14-5edf729d1195","typeName":"m4i_data_attribute","entityStatus":"ACTIVE","displayText":"EquipmentId","relationshipType":"m4i_data_attribute_steward_assignment","relationshipGuid":"2310f595-9852-4914-82b9-65a1a40d37ba","relationshipStatus":"ACTIVE","relationshipAttributes":{"typeName":"m4i_data_attribute_steward_assignment"}},{"guid":"420a6727-bab2-45b6-a7a4-454b690793dc","typeName":"m4i_data_attribute","entityStatus":"ACTIVE","displayText":"UpTime","relationshipType":"m4i_data_attribute_steward_assignment","relationshipGuid":"6e3c85cf-3120-4925-ba01-60da865b1c8b","relationshipStatus":"ACTIVE","relationshipAttributes":{"typeName":"m4i_data_attribute_steward_assignment"}},{"guid":"600bf7fe-fea8-4072-a62f-e2f3165408bd","typeName":"m4i_data_attribute","entityStatus":"ACTIVE","displayText":"year","relationshipType":"m4i_data_attribute_steward_assignment","relationshipGuid":"0cfefd17-2887-4579-8e29-633a7392fa21","relationshipStatus":"ACTIVE","relationshipAttributes":{"typeName":"m4i_data_attribute_steward_assignment"}},{"guid":"a48ff719-ba8f-41f6-9c8a-5011e0c92089","typeName":"m4i_data_attribute","entityStatus":"ACTIVE","displayText":"ScheduledDownTime","relationshipType":"m4i_data_attribute_steward_assignment","relationshipGuid":"265e4e70-5ddc-42d2-a72a-358fc5ca8cdd","relationshipStatus":"ACTIVE","relationshipAttributes":{"typeName":"m4i_data_attribute_steward_assignment"}},{"guid":"1e66f44e-7787-41ab-92ab-65d4bb5eb515","typeName":"m4i_data_attribute","entityStatus":"ACTIVE","displayText":"SiteId","relationshipType":"m4i_data_attribute_steward_assignment","relationshipGuid":"943bd716-fb9d-41c6-9366-c2d79e952050","relationshipStatus":"ACTIVE","relationshipAttributes":{"typeName":"m4i_data_attribute_steward_assignment"}},{"guid":"472b11de-2c1a-45db-8284-f54db2918a2a","typeName":"m4i_data_attribute","entityStatus":"ACTIVE","displayText":"Line","relationshipType":"m4i_data_attribute_steward_assignment","relationshipGuid":"93dd3990-519d-46d0-bfe1-e4310fdb65ec","relationshipStatus":"ACTIVE","relationshipAttributes":{"typeName":"m4i_data_attribute_steward_assignment"}},{"guid":"0dabaf37-3bec-4820-8cb5-ed613e863877","typeName":"m4i_data_attribute","entityStatus":"ACTIVE","displayText":"AssetName","relationshipType":"m4i_data_attribute_steward_assignment","relationshipGuid":"557bd4d7-580e-4fce-8408-db2db35d7b5a","relationshipStatus":"ACTIVE","relationshipAttributes":{"typeName":"m4i_data_attribute_steward_assignment"}},{"guid":"764adae5-f5e5-4477-8fb1-6a06cf2200da","typeName":"m4i_data_attribute","entityStatus":"ACTIVE","displayText":"SKUId","relationshipType":"m4i_data_attribute_steward_assignment","relationshipGuid":"4e283b72-b3c3-4ce9-9b26-15d86851ecde","relationshipStatus":"ACTIVE","relationshipAttributes":{"typeName":"m4i_data_attribute_steward_assignment"}},{"guid":"9f00cb70-9048-429c-b24e-d6cd6271ab2f","typeName":"m4i_data_attribute","entityStatus":"ACTIVE","displayText":"DowntimeType","relationshipType":"m4i_data_attribute_steward_assignment","relationshipGuid":"d865f053-1039-4ec4-bdff-345836b2623e","relationshipStatus":"ACTIVE","relationshipAttributes":{"typeName":"m4i_data_attribute_steward_assignment"}},{"guid":"06ee09e0-babf-4e14-b3c0-d8c1878a8b25","typeName":"m4i_data_attribute","entityStatus":"ACTIVE","displayText":"ModifiedOn","relationshipType":"m4i_data_attribute_steward_assignment","relationshipGuid":"f2dabb13-f237-48b3-bc2c-c002c7871742","relationshipStatus":"ACTIVE","relationshipAttributes":{"typeName":"m4i_data_attribute_steward_assignment"}},{"guid":"010d67a7-0514-4669-af97-cc5b3d107b56","typeName":"m4i_data_attribute","entityStatus":"ACTIVE","displayText":"TotalPart","relationshipType":"m4i_data_attribute_steward_assignment","relationshipGuid":"0e8f7be4-ecb1-4f4b-88d0-bf69a2f455a2","relationshipStatus":"ACTIVE","relationshipAttributes":{"typeName":"m4i_data_attribute_steward_assignment"}},{"guid":"a8ae22fc-d916-4a6a-b365-2117900d510d","typeName":"m4i_data_attribute","entityStatus":"ACTIVE","displayText":"year","relationshipType":"m4i_data_attribute_steward_assignment","relationshipGuid":"ff59d236-a7b0-447c-8193-1d9a3b84d8e2","relationshipStatus":"ACTIVE","relationshipAttributes":{"typeName":"m4i_data_attribute_steward_assignment"}},{"guid":"04408291-54fb-448d-87ae-58cfb8137647","typeName":"m4i_data_attribute","entityStatus":"ACTIVE","displayText":"month","relationshipType":"m4i_data_attribute_steward_assignment","relationshipGuid":"83a94427-941f-4105-9b20-5cdfeb631b25","relationshipStatus":"ACTIVE","relationshipAttributes":{"typeName":"m4i_data_attribute_steward_assignment"}},{"guid":"d1700b98-5935-4d78-ad57-8fb0089da5f2","typeName":"m4i_data_attribute","entityStatus":"ACTIVE","displayText":"WorkCenterName","relationshipType":"m4i_data_attribute_steward_assignment","relationshipGuid":"d077e100-4257-4f0d-aee3-ce7c748fe7fd","relationshipStatus":"ACTIVE","relationshipAttributes":{"typeName":"m4i_data_attribute_steward_assignment"}},{"guid":"8c11cfcc-9916-42e6-9888-50770b312937","typeName":"m4i_data_attribute","entityStatus":"ACTIVE","displayText":"AssetId","relationshipType":"m4i_data_attribute_steward_assignment","relationshipGuid":"d3fa29c2-bb16-4e9d-a273-46a174ac134e","relationshipStatus":"ACTIVE","relationshipAttributes":{"typeName":"m4i_data_attribute_steward_assignment"}},{"guid":"d3017dd7-d7a1-48f0-a161-bc01a816d09d","typeName":"m4i_data_attribute","entityStatus":"ACTIVE","displayText":"AssetModel","relationshipType":"m4i_data_attribute_steward_assignment","relationshipGuid":"8ae51842-67f5-4466-a794-aafaf6e5c50a","relationshipStatus":"ACTIVE","relationshipAttributes":{"typeName":"m4i_data_attribute_steward_assignment"}},{"guid":"2c0a2e7c-4f76-423b-ba66-f7450613f5d3","typeName":"m4i_data_attribute","entityStatus":"ACTIVE","displayText":"WorkOrderId","relationshipType":"m4i_data_attribute_steward_assignment","relationshipGuid":"5cacfadf-10ba-4c26-bf10-31aa07bc3cd5","relationshipStatus":"ACTIVE","relationshipAttributes":{"typeName":"m4i_data_attribute_steward_assignment"}},{"guid":"de308798-ed4b-4f57-a187-07713b32c07c","typeName":"m4i_data_attribute","entityStatus":"ACTIVE","displayText":"DownTimeStartDateTime","relationshipType":"m4i_data_attribute_steward_assignment","relationshipGuid":"d0b6b1b0-22cc-43a3-93fb-1f52f29b24a2","relationshipStatus":"ACTIVE","relationshipAttributes":{"typeName":"m4i_data_attribute_steward_assignment"}},{"guid":"0ce8270a-d024-46bc-8542-60e9ae8bf722","typeName":"m4i_data_attribute","entityStatus":"ACTIVE","displayText":"CreatedBy","relationshipType":"m4i_data_attribute_steward_assignment","relationshipGuid":"d5755010-01e2-4a30-b28d-abe5264fb884","relationshipStatus":"ACTIVE","relationshipAttributes":{"typeName":"m4i_data_attribute_steward_assignment"}},{"guid":"4af8483e-a388-4cfd-bcc7-d1ca6d7e4408","typeName":"m4i_data_attribute","entityStatus":"ACTIVE","displayText":"Site","relationshipType":"m4i_data_attribute_steward_assignment","relationshipGuid":"076c8bd2-d7ff-4f18-8c12-428acc200b65","relationshipStatus":"ACTIVE","relationshipAttributes":{"typeName":"m4i_data_attribute_steward_assignment"}},{"guid":"387218d7-cfc9-4540-90cf-0c8b10caefce","typeName":"m4i_data_attribute","entityStatus":"ACTIVE","displayText":"Hour","relationshipType":"m4i_data_attribute_steward_assignment","relationshipGuid":"9a092cb7-4df5-4f93-a815-21afd1c64c91","relationshipStatus":"ACTIVE","relationshipAttributes":{"typeName":"m4i_data_attribute_steward_assignment"}},{"guid":"3578d728-49ac-4629-9186-0c517bc8991f","typeName":"m4i_data_attribute","entityStatus":"ACTIVE","displayText":"WorkCenterId","relationshipType":"m4i_data_attribute_steward_assignment","relationshipGuid":"631d0432-192b-4db6-9f31-edf39774a429","relationshipStatus":"ACTIVE","relationshipAttributes":{"typeName":"m4i_data_attribute_steward_assignment"}},{"guid":"f4956b8f-3c7f-4d4b-a99d-10b9a32a42e0","typeName":"m4i_data_attribute","entityStatus":"ACTIVE","displayText":"WorkCenterName","relationshipType":"m4i_data_attribute_steward_assignment","relationshipGuid":"fd877034-24bc-4e37-a882-5a3cca80fe89","relationshipStatus":"ACTIVE","relationshipAttributes":{"typeName":"m4i_data_attribute_steward_assignment"}},{"guid":"5210b57d-aa17-4779-bbb1-1a3ec305df12","typeName":"m4i_data_attribute","entityStatus":"ACTIVE","displayText":"PlantId","relationshipType":"m4i_data_attribute_steward_assignment","relationshipGuid":"6b410089-b87f-4c7e-825f-09773cfb0d1c","relationshipStatus":"ACTIVE","relationshipAttributes":{"typeName":"m4i_data_attribute_steward_assignment"}},{"guid":"a8249ddd-3aac-49bf-8076-bbd52db1c7d4","typeName":"m4i_data_attribute","entityStatus":"ACTIVE","displayText":"ShiftId","relationshipType":"m4i_data_attribute_steward_assignment","relationshipGuid":"08150d37-7993-4ff4-bc69-5e44077a90d9","relationshipStatus":"ACTIVE","relationshipAttributes":{"typeName":"m4i_data_attribute_steward_assignment"}},{"guid":"ca0d9ade-9819-40a9-a92a-778bf668fe9e","typeName":"m4i_data_attribute","entityStatus":"ACTIVE","displayText":"DowntimeId","relationshipType":"m4i_data_attribute_steward_assignment","relationshipGuid":"8364bfb3-78f7-45be-ab25-336ed84a88b6","relationshipStatus":"ACTIVE","relationshipAttributes":{"typeName":"m4i_data_attribute_steward_assignment"}},{"guid":"9865dffd-a5b5-4040-93a4-fc9317f28edb","typeName":"m4i_data_attribute","entityStatus":"ACTIVE","displayText":"IdleTime","relationshipType":"m4i_data_attribute_steward_assignment","relationshipGuid":"2ececd24-1719-4ee7-970b-265f960d6518","relationshipStatus":"ACTIVE","relationshipAttributes":{"typeName":"m4i_data_attribute_steward_assignment"}},{"guid":"74c82586-a392-4f26-b32e-7cd555d41f9d","typeName":"m4i_data_attribute","entityStatus":"ACTIVE","displayText":"ValueStreamName","relationshipType":"m4i_data_attribute_steward_assignment","relationshipGuid":"46e8c860-4fe1-41de-8570-465339779a53","relationshipStatus":"ACTIVE","relationshipAttributes":{"typeName":"m4i_data_attribute_steward_assignment"}},{"guid":"72b6ed89-4964-4144-94a2-e26d753bc0f7","typeName":"m4i_data_attribute","entityStatus":"ACTIVE","displayText":"AssetType","relationshipType":"m4i_data_attribute_steward_assignment","relationshipGuid":"f417b208-ff42-47d7-aa8e-1b7c95a6692f","relationshipStatus":"ACTIVE","relationshipAttributes":{"typeName":"m4i_data_attribute_steward_assignment"}},{"guid":"a48a14e4-ccce-4a6b-8bb5-1f1de15636ef","typeName":"m4i_data_attribute","entityStatus":"ACTIVE","displayText":"WorkCenterId","relationshipType":"m4i_data_attribute_steward_assignment","relationshipGuid":"8055a27d-0030-4ed9-8af0-7190f108ea5f","relationshipStatus":"ACTIVE","relationshipAttributes":{"typeName":"m4i_data_attribute_steward_assignment"}},{"guid":"de782dce-7d47-4474-876f-f931ad6ab066","typeName":"m4i_data_attribute","entityStatus":"ACTIVE","displayText":"EquipmentName","relationshipType":"m4i_data_attribute_steward_assignment","relationshipGuid":"6015f762-098e-4163-94ea-81098535153f","relationshipStatus":"ACTIVE","relationshipAttributes":{"typeName":"m4i_data_attribute_steward_assignment"}},{"guid":"506aa3cd-8317-4ed0-9d18-877867db1782","typeName":"m4i_data_attribute","entityStatus":"ACTIVE","displayText":"ShiftName","relationshipType":"m4i_data_attribute_steward_assignment","relationshipGuid":"67c51534-d404-4440-af8b-4941687b17a9","relationshipStatus":"ACTIVE","relationshipAttributes":{"typeName":"m4i_data_attribute_steward_assignment"}},{"guid":"2e297740-8553-451e-a087-302418a51751","typeName":"m4i_data_attribute","entityStatus":"ACTIVE","displayText":"SKU","relationshipType":"m4i_data_attribute_steward_assignment","relationshipGuid":"52b1a43e-0917-4048-b55b-21e8016c9d47","relationshipStatus":"ACTIVE","relationshipAttributes":{"typeName":"m4i_data_attribute_steward_assignment"}},{"guid":"62fd8e1a-0226-4ed6-98e0-4f909f8bdf2b","typeName":"m4i_data_attribute","entityStatus":"ACTIVE","displayText":"SupervisorId","relationshipType":"m4i_data_attribute_steward_assignment","relationshipGuid":"0333e754-add8-4e36-8267-fe08717920a6","relationshipStatus":"ACTIVE","relationshipAttributes":{"typeName":"m4i_data_attribute_steward_assignment"}},{"guid":"62d022bf-3005-4ff2-aa26-d110c2b0d5b2","typeName":"m4i_data_attribute","entityStatus":"ACTIVE","displayText":"DownTimeDuration","relationshipType":"m4i_data_attribute_steward_assignment","relationshipGuid":"a199322c-c2b1-440c-bc25-185812620d5d","relationshipStatus":"ACTIVE","relationshipAttributes":{"typeName":"m4i_data_attribute_steward_assignment"}},{"guid":"6672d91a-cd29-48f1-a8be-1c51fa402a6b","typeName":"m4i_data_attribute","entityStatus":"ACTIVE","displayText":"HashingKey","relationshipType":"m4i_data_attribute_steward_assignment","relationshipGuid":"581b9ce8-27cd-4837-895f-cb3016cb4ba9","relationshipStatus":"ACTIVE","relationshipAttributes":{"typeName":"m4i_data_attribute_steward_assignment"}},{"guid":"d17fe015-7a46-453c-b7b2-ea3119d2b37c","typeName":"m4i_data_attribute","entityStatus":"ACTIVE","displayText":"ShiftType","relationshipType":"m4i_data_attribute_steward_assignment","relationshipGuid":"ce4c1539-75bf-418a-9d1b-b712733bf9bb","relationshipStatus":"ACTIVE","relationshipAttributes":{"typeName":"m4i_data_attribute_steward_assignment"}},{"guid":"3d32de4d-d2f9-46bd-99b9-2087a93419a9","typeName":"m4i_data_attribute","entityStatus":"ACTIVE","displayText":"AssetType","relationshipType":"m4i_data_attribute_steward_assignment","relationshipGuid":"6c314a03-f6f9-4c3c-90f6-ea87d45d57da","relationshipStatus":"ACTIVE","relationshipAttributes":{"typeName":"m4i_data_attribute_steward_assignment"}},{"guid":"0f3fb528-6c7d-4150-9f66-559604bbaf0f","typeName":"m4i_data_attribute","entityStatus":"ACTIVE","displayText":"DownTimeInMinutes","relationshipType":"m4i_data_attribute_steward_assignment","relationshipGuid":"006d1650-65f6-4c3f-9b28-7ce4b74960f3","relationshipStatus":"ACTIVE","relationshipAttributes":{"typeName":"m4i_data_attribute_steward_assignment"}},{"guid":"834c37ad-b8a8-40bd-b573-5c4fadfe1d26","typeName":"m4i_data_attribute","entityStatus":"ACTIVE","displayText":"PlantId","relationshipType":"m4i_data_attribute_steward_assignment","relationshipGuid":"1c1446e6-a1b4-4850-814f-19e46c3c808d","relationshipStatus":"ACTIVE","relationshipAttributes":{"typeName":"m4i_data_attribute_steward_assignment"}},{"guid":"18a76dfb-419c-43a1-8681-c3dde50e0aae","typeName":"m4i_data_attribute","entityStatus":"ACTIVE","displayText":"week","relationshipType":"m4i_data_attribute_steward_assignment","relationshipGuid":"cbc49ce4-0ec8-4b1f-b8a6-8da13379d69b","relationshipStatus":"ACTIVE","relationshipAttributes":{"typeName":"m4i_data_attribute_steward_assignment"}},{"guid":"0e0b8f4b-6ad2-4eed-8890-6a8c880c2614","typeName":"m4i_data_attribute","entityStatus":"ACTIVE","displayText":"ValueStreamName","relationshipType":"m4i_data_attribute_steward_assignment","relationshipGuid":"d2f48be8-25a4-469c-94a3-58ef5db785ce","relationshipStatus":"ACTIVE","relationshipAttributes":{"typeName":"m4i_data_attribute_steward_assignment"}},{"guid":"45d4dd9e-66b7-44b4-8e7f-5a9815dc5d5b","typeName":"m4i_data_attribute","entityStatus":"ACTIVE","displayText":"ShiftName","relationshipType":"m4i_data_attribute_steward_assignment","relationshipGuid":"91066ea2-ef66-43aa-addd-788903184950","relationshipStatus":"ACTIVE","relationshipAttributes":{"typeName":"m4i_data_attribute_steward_assignment"}},{"guid":"7544bed3-f9ca-4075-951f-6d0230a202fc","typeName":"m4i_data_attribute","entityStatus":"ACTIVE","displayText":"Plant","relationshipType":"m4i_data_attribute_steward_assignment","relationshipGuid":"a93436e9-f239-4144-b55f-0a89d3113590","relationshipStatus":"ACTIVE","relationshipAttributes":{"typeName":"m4i_data_attribute_steward_assignment"}},{"guid":"1adf8352-ddaf-47e2-baaf-a1ed17483401","typeName":"m4i_data_attribute","entityStatus":"ACTIVE","displayText":"LineId","relationshipType":"m4i_data_attribute_steward_assignment","relationshipGuid":"7873abec-cd75-482c-9f22-7d2b9e06c51a","relationshipStatus":"ACTIVE","relationshipAttributes":{"typeName":"m4i_data_attribute_steward_assignment"}},{"guid":"fa724777-d854-4a24-beaf-a249929d2d15","typeName":"m4i_data_attribute","entityStatus":"ACTIVE","displayText":"LeaderId","relationshipType":"m4i_data_attribute_steward_assignment","relationshipGuid":"cd90695f-fa26-4845-a2ed-350eb4bfae40","relationshipStatus":"ACTIVE","relationshipAttributes":{"typeName":"m4i_data_attribute_steward_assignment"}},{"guid":"22222e23-ba9b-46cc-87f9-3b28c238dff8","typeName":"m4i_data_attribute","entityStatus":"ACTIVE","displayText":"DownTimeEndDateTime","relationshipType":"m4i_data_attribute_steward_assignment","relationshipGuid":"cfb8573c-cb3d-41ba-a46a-00a7497766dd","relationshipStatus":"ACTIVE","relationshipAttributes":{"typeName":"m4i_data_attribute_steward_assignment"}},{"guid":"473b5e90-621d-4e02-9b59-b0d865fd7129","typeName":"m4i_data_attribute","entityStatus":"ACTIVE","displayText":"DownTimeStatus","relationshipType":"m4i_data_attribute_steward_assignment","relationshipGuid":"1ec1307d-e274-42ec-b3e0-b689301e7df7","relationshipStatus":"ACTIVE","relationshipAttributes":{"typeName":"m4i_data_attribute_steward_assignment"}},{"guid":"c280da43-0747-4ca0-801b-84ba833bb092","typeName":"m4i_data_attribute","entityStatus":"ACTIVE","displayText":"CreatedOn","relationshipType":"m4i_data_attribute_steward_assignment","relationshipGuid":"4d59c9a1-b36f-4184-8b9a-0c440950227d","relationshipStatus":"ACTIVE","relationshipAttributes":{"typeName":"m4i_data_attribute_steward_assignment"}},{"guid":"1548b246-78e9-4010-bdb9-e9fec0d3c975","typeName":"m4i_data_attribute","entityStatus":"ACTIVE","displayText":"week","relationshipType":"m4i_data_attribute_steward_assignment","relationshipGuid":"b2d13a4d-aaf9-4797-ab8d-00d0dcdc4d6c","relationshipStatus":"ACTIVE","relationshipAttributes":{"typeName":"m4i_data_attribute_steward_assignment"}},{"guid":"bd793c41-e867-4cec-adbb-0a0902bd9a13","typeName":"m4i_data_attribute","entityStatus":"ACTIVE","displayText":"WorkOrder","relationshipType":"m4i_data_attribute_steward_assignment","relationshipGuid":"cc172cdd-4e9e-474d-8dab-a5e03e73a309","relationshipStatus":"ACTIVE","relationshipAttributes":{"typeName":"m4i_data_attribute_steward_assignment"}},{"guid":"fe67b8cc-a062-4d3b-a4ef-29aa7f82b4dc","typeName":"m4i_data_attribute","entityStatus":"ACTIVE","displayText":"OEE","relationshipType":"m4i_data_attribute_steward_assignment","relationshipGuid":"cb2be469-8d79-4d56-9650-992d74b5a60e","relationshipStatus":"ACTIVE","relationshipAttributes":{"typeName":"m4i_data_attribute_steward_assignment"}},{"guid":"52cf166d-4f91-4c1f-b63a-12b7fb229e5b","typeName":"m4i_data_attribute","entityStatus":"ACTIVE","displayText":"EquipmentStatus","relationshipType":"m4i_data_attribute_steward_assignment","relationshipGuid":"792fe084-cd31-4e09-99cf-f338184b9e6a","relationshipStatus":"ACTIVE","relationshipAttributes":{"typeName":"m4i_data_attribute_steward_assignment"}},{"guid":"980ef6fd-ca1a-46e6-a669-b5246cc1baca","typeName":"m4i_data_attribute","entityStatus":"ACTIVE","displayText":"MinorStop","relationshipType":"m4i_data_attribute_steward_assignment","relationshipGuid":"3d529920-530d-4ee5-bda2-8dbdf3c69089","relationshipStatus":"ACTIVE","relationshipAttributes":{"typeName":"m4i_data_attribute_steward_assignment"}},{"guid":"ab0a0f0e-a20b-483d-8d0b-7d9dc9802d5e","typeName":"m4i_data_attribute","entityStatus":"ACTIVE","displayText":"Site","relationshipType":"m4i_data_attribute_steward_assignment","relationshipGuid":"48cf2339-127e-4486-a722-fb97fdb491e0","relationshipStatus":"ACTIVE","relationshipAttributes":{"typeName":"m4i_data_attribute_steward_assignment"}},{"guid":"2be903bb-ded2-4b9e-bfb3-b94526ee8c8f","typeName":"m4i_data_attribute","entityStatus":"ACTIVE","displayText":"WorkOrder","relationshipType":"m4i_data_attribute_steward_assignment","relationshipGuid":"132b2136-5217-4574-8f21-4cb170656d7d","relationshipStatus":"ACTIVE","relationshipAttributes":{"typeName":"m4i_data_attribute_steward_assignment"}},{"guid":"8ba1b5c6-0ddd-4b25-ac1d-2ec8760af740","typeName":"m4i_data_attribute","entityStatus":"ACTIVE","displayText":"SKUDescription","relationshipType":"m4i_data_attribute_steward_assignment","relationshipGuid":"38f01cbd-7db0-450f-ba70-a9bb9f13a603","relationshipStatus":"ACTIVE","relationshipAttributes":{"typeName":"m4i_data_attribute_steward_assignment"}},{"guid":"af1558ee-8133-4cb8-8fd6-9e571bf4a512","typeName":"m4i_data_attribute","entityStatus":"ACTIVE","displayText":"DownTimeReasonId","relationshipType":"m4i_data_attribute_steward_assignment","relationshipGuid":"84cfca44-8dde-4a4f-9320-5c2a26c65697","relationshipStatus":"ACTIVE","relationshipAttributes":{"typeName":"m4i_data_attribute_steward_assignment"}},{"guid":"4864b7d2-2e54-4dd5-9a73-dba74b2d53bc","typeName":"m4i_data_attribute","entityStatus":"ACTIVE","displayText":"DownTimeReasonName","relationshipType":"m4i_data_attribute_steward_assignment","relationshipGuid":"bfe3d489-c6e7-4e09-93d8-527543036d59","relationshipStatus":"ACTIVE","relationshipAttributes":{"typeName":"m4i_data_attribute_steward_assignment"}},{"guid":"8785bad4-88c5-4a66-800d-99c9ad67c9b0","typeName":"m4i_data_attribute","entityStatus":"ACTIVE","displayText":"DownTimeReasonDescription","relationshipType":"m4i_data_attribute_steward_assignment","relationshipGuid":"b282af17-4e04-46fb-a962-54b76d873728","relationshipStatus":"ACTIVE","relationshipAttributes":{"typeName":"m4i_data_attribute_steward_assignment"}}],"ArchiMateReference":[],"visualizations":[],"domainLead":[],"businessOwnerAttribute":[],"source":[{"guid":"2bee6dca-fea0-478b-824e-d97365d18bbe","typeName":"m4i_source","entityStatus":"ACTIVE","displayText":"/hr/hr/Data Dictionary_template.xlsm","relationshipType":"m4i_referenceable_source_assignment","relationshipGuid":"935eb5b8-51ef-4446-845f-b5c577ac9e0f","relationshipStatus":"ACTIVE","relationshipAttributes":{"typeName":"m4i_referenceable_source_assignment"}}],"dashboards":[],"stewardEntity":[{"guid":"19736d3b-e7c6-4f95-8ce6-a6f215eff467","typeName":"m4i_data_entity","entityStatus":"ACTIVE","displayText":"hourly data","relationshipType":"m4i_data_entity_steward_assignment","relationshipGuid":"daa497af-3ab8-4307-8494-16df6e9ab1f1","relationshipStatus":"ACTIVE","relationshipAttributes":{"typeName":"m4i_data_entity_steward_assignment"}},{"guid":"fd88a9c5-9393-4843-85db-7881c68d9134","typeName":"m4i_data_entity","entityStatus":"ACTIVE","displayText":"downtime events","relationshipType":"m4i_data_entity_steward_assignment","relationshipGuid":"52f4ffaf-d03a-429d-842a-efe47fa524e8","relationshipStatus":"ACTIVE","relationshipAttributes":{"typeName":"m4i_data_entity_steward_assignment"}}],"meanings":[],"businessOwnerEntity":[],"ProcessOwner":[]},"labels":[]}}