{"referredEntities":{},"entity":{"typeName":"m4i_field","attributes":{"archimateReference":[],"replicatedTo":null,"replicatedFrom":null,"hasContent":null,"steward":[],"qualifiedName":"nl2--nl2proc--nl2proc001--corraddress","source":[],"datasets":[{"guid":"04d4f33f-fd0d-46bc-8336-85f25f2916b2","typeName":"m4i_dataset","uniqueAttributes":{"qualifiedName":"nl2--nl2proc--nl2proc001"}}],"parentField":[],"optionalField":null,"name":"CorrAddress","definition":null,"attributes":[{"guid":"99ac3730-d700-4007-98c2-8a06077e59db","typeName":"m4i_data_attribute","uniqueAttributes":{"qualifiedName":"procurement--company-information--corresponding-address"}}],"fieldType":"Text","childField":[]},"guid":"283cde83-1a96-43c6-b99f-4b8aa5c55337","isIncomplete":false,"status":"ACTIVE","createdBy":"admin","updatedBy":"admin","createTime":1656521997023,"updateTime":1656522073615,"version":0,"relationshipAttributes":{"ArchiMateReference":[],"dataQuality":[],"attributes":[{"guid":"99ac3730-d700-4007-98c2-8a06077e59db","typeName":"m4i_data_attribute","entityStatus":"ACTIVE","displayText":"Corresponding address","relationshipType":"m4i_data_attribute_field_assignment","relationshipGuid":"5b661fc1-4cab-4560-8621-68a5cdea13c1","relationshipStatus":"ACTIVE","relationshipAttributes":{"typeName":"m4i_data_attribute_field_assignment"}}],"datasets":[{"guid":"04d4f33f-fd0d-46bc-8336-85f25f2916b2","typeName":"m4i_dataset","entityStatus":"ACTIVE","displayText":"NL2-PROC-001","relationshipType":"m4i_field_assignment","relationshipGuid":"c1064caa-dc99-4131-906b-776c6865132b","relationshipStatus":"DELETED","relationshipAttributes":{"typeName":"m4i_field_assignment","attributes":{"typeInformation":null}}}],"source":[{"guid":"2bee6dca-fea0-478b-824e-d97365d18bbe","typeName":"m4i_source","entityStatus":"ACTIVE","displayText":"/hr/hr/Data Dictionary_template.xlsm","relationshipType":"m4i_referenceable_source_assignment","relationshipGuid":"47709827-e926-4080-84db-b477aeb31cf4","relationshipStatus":"ACTIVE","relationshipAttributes":{"typeName":"m4i_referenceable_source_assignment"}}],"parentField":[],"meanings":[],"childField":[]},"classifications":[{"typeName":"medium_risk","entityGuid":"99ac3730-d700-4007-98c2-8a06077e59db","entityStatus":"ACTIVE","propagate":true,"validityPeriods":[],"removePropagationsOnEntityDelete":true},{"typeName":"PII","entityGuid":"99ac3730-d700-4007-98c2-8a06077e59db","entityStatus":"ACTIVE","propagate":true,"validityPeriods":[],"removePropagationsOnEntityDelete":true}],"labels":[]}}