{"referredEntities":{},"entity":{"typeName":"m4i_person","attributes":{"archimateReference":[],"replicatedTo":null,"replicatedFrom":null,"qualifiedName":"ava.ross@email.com","name":"Ava Ross","source":[],"email":"ava.ross@email.com"},"guid":"2b4f65a9-53ce-468f-9568-51c52c13ecf4","isIncomplete":false,"status":"ACTIVE","createdBy":"admin","updatedBy":"admin","createTime":1656521943868,"updateTime":1656521955001,"version":0,"relationshipAttributes":{"indexPatterns":[],"stewardAttribute":[],"ArchiMateReference":[],"visualizations":[],"domainLead":[],"businessOwnerAttribute":[{"guid":"c20a7e7b-652b-48c7-9413-cf6f7683206d","typeName":"m4i_data_attribute","entityStatus":"ACTIVE","displayText":"Job Name","relationshipType":"m4i_data_attribute_business_owner_assignment","relationshipGuid":"74f5744b-44ee-4091-9a12-ed7b60f747d1","relationshipStatus":"ACTIVE","relationshipAttributes":{"typeName":"m4i_data_attribute_business_owner_assignment"}},{"guid":"2f112ea8-8d2e-4539-a4f2-7da2af924d77","typeName":"m4i_data_attribute","entityStatus":"ACTIVE","displayText":"Const Center Employee","relationshipType":"m4i_data_attribute_business_owner_assignment","relationshipGuid":"f1db84de-8da5-4c29-8569-0127d45a5ed4","relationshipStatus":"ACTIVE","relationshipAttributes":{"typeName":"m4i_data_attribute_business_owner_assignment"}}],"source":[{"guid":"2bee6dca-fea0-478b-824e-d97365d18bbe","typeName":"m4i_source","entityStatus":"ACTIVE","displayText":"/hr/hr/Data Dictionary_template.xlsm","relationshipType":"m4i_referenceable_source_assignment","relationshipGuid":"3c69615b-397b-4ee6-a407-0b4c8656f648","relationshipStatus":"ACTIVE","relationshipAttributes":{"typeName":"m4i_referenceable_source_assignment"}}],"dashboards":[],"stewardEntity":[],"meanings":[],"businessOwnerEntity":[{"guid":"114af845-1ccc-4534-a1f2-45f136959c6e","typeName":"m4i_data_entity","entityStatus":"ACTIVE","displayText":"Cost Centre","relationshipType":"m4i_data_entity_business_owner_assignment","relationshipGuid":"a4c8f15f-760c-4f4b-bc52-2ee205203695","relationshipStatus":"ACTIVE","relationshipAttributes":{"typeName":"m4i_data_entity_business_owner_assignment"}}],"ProcessOwner":[]},"labels":[]}}