{"referredEntities":{},"entity":{"typeName":"m4i_field","attributes":{"archimateReference":[],"replicatedTo":null,"replicatedFrom":null,"hasContent":null,"steward":[],"qualifiedName":"nl3--nl3plant--nl3plant002--assettype","source":[],"datasets":[{"guid":"4086f053-a8c9-4382-af9e-e4e08effd3c9","typeName":"m4i_dataset","uniqueAttributes":{"qualifiedName":"nl3--nl3plant--nl3plant002"}}],"parentField":[],"optionalField":null,"name":"AssetType","definition":null,"attributes":[{"guid":"72b6ed89-4964-4144-94a2-e26d753bc0f7","typeName":"m4i_data_attribute","uniqueAttributes":{"qualifiedName":"plant-data--downtime-events--assettype"}}],"fieldType":"Text","childField":[]},"guid":"2dc57d92-6c00-4a2d-8f33-6e4cbf4efb0c","isIncomplete":false,"status":"ACTIVE","createdBy":"admin","updatedBy":"admin","createTime":1656522073615,"updateTime":1656522073615,"version":0,"relationshipAttributes":{"ArchiMateReference":[],"dataQuality":[],"attributes":[{"guid":"72b6ed89-4964-4144-94a2-e26d753bc0f7","typeName":"m4i_data_attribute","entityStatus":"ACTIVE","displayText":"AssetType","relationshipType":"m4i_data_attribute_field_assignment","relationshipGuid":"b5b9a7ed-7c2a-47af-916f-ad1544bbfa08","relationshipStatus":"ACTIVE","relationshipAttributes":{"typeName":"m4i_data_attribute_field_assignment"}}],"datasets":[{"guid":"4086f053-a8c9-4382-af9e-e4e08effd3c9","typeName":"m4i_dataset","entityStatus":"ACTIVE","displayText":"NL3-PLANT-002","relationshipType":"m4i_field_assignment","relationshipGuid":"83617397-4eee-41b6-b3e1-f66393cd4a6c","relationshipStatus":"ACTIVE","relationshipAttributes":{"typeName":"m4i_field_assignment","attributes":{"typeInformation":null}}}],"source":[{"guid":"2bee6dca-fea0-478b-824e-d97365d18bbe","typeName":"m4i_source","entityStatus":"ACTIVE","displayText":"/hr/hr/Data Dictionary_template.xlsm","relationshipType":"m4i_referenceable_source_assignment","relationshipGuid":"24b6a700-cb57-42a3-8492-83376a68155a","relationshipStatus":"ACTIVE","relationshipAttributes":{"typeName":"m4i_referenceable_source_assignment"}}],"parentField":[],"meanings":[],"childField":[]},"classifications":[{"typeName":"low_risk","entityGuid":"72b6ed89-4964-4144-94a2-e26d753bc0f7","entityStatus":"ACTIVE","propagate":true,"validityPeriods":[],"removePropagationsOnEntityDelete":true}],"labels":[]}}