{"referredEntities":{},"entity":{"typeName":"m4i_system","attributes":{"parentSystem":[],"archimateReference":[],"childSystem":[],"replicatedTo":null,"replicatedFrom":null,"collections":[{"guid":"11ff304e-1146-4c82-b801-bb8f5434b5d4","typeName":"m4i_collection","uniqueAttributes":{"qualifiedName":"nl3--nl3plant"}}],"qualifiedName":"nl3","name":"NL3","definition":null,"source":[]},"guid":"31dd8000-46ad-4b08-a24e-51b8bdf62dd0","isIncomplete":false,"status":"ACTIVE","createdBy":"admin","updatedBy":"admin","createTime":1656521945105,"updateTime":1656521945727,"version":0,"relationshipAttributes":{"parentSystem":[],"ArchiMateReference":[],"childSystem":[],"collections":[{"guid":"11ff304e-1146-4c82-b801-bb8f5434b5d4","typeName":"m4i_collection","entityStatus":"ACTIVE","displayText":"NL3-PLANT","relationshipType":"m4i_collection_assignment","relationshipGuid":"69acde46-0375-4421-9b91-967c58c125b6","relationshipStatus":"ACTIVE","relationshipAttributes":{"typeName":"m4i_collection_assignment"}}],"source":[{"guid":"2bee6dca-fea0-478b-824e-d97365d18bbe","typeName":"m4i_source","entityStatus":"ACTIVE","displayText":"/hr/hr/Data Dictionary_template.xlsm","relationshipType":"m4i_referenceable_source_assignment","relationshipGuid":"a639a15c-d7a1-433c-ae7a-6e05e3575a88","relationshipStatus":"ACTIVE","relationshipAttributes":{"typeName":"m4i_referenceable_source_assignment"}}],"meanings":[]},"labels":[]}}