{"referredEntities":{},"entity":{"typeName":"m4i_data_attribute","attributes":{"archimateReference":[],"replicatedTo":null,"replicatedFrom":null,"steward":[{"guid":"9e8c280b-b4f7-45e0-b287-49dddaf21e23","typeName":"m4i_person","uniqueAttributes":{"qualifiedName":"lore.brandt@email.com","email":"lore.brandt@email.com"}}],"qualifiedName":"procurement--company-information--type-of-vendor","dataEntity":[{"guid":"0ed13fa1-bbce-4368-adee-8199e4266463","typeName":"m4i_data_entity","uniqueAttributes":{"qualifiedName":"procurement--company-information"}}],"source":[],"isKeyData":"Yes","hasPII":null,"attributeType":"Text","name":"Type of vendor","definition":"Based on the context a vendor is working with the company, the type of vendor is defined. Factors determining this are what they offer and for what purpose (e.g. Utility services, Supplier of goods or NGO)","riskClassification":"Low","fields":[{"guid":"3973b521-7579-43bc-953f-e498c99ea2eb","typeName":"m4i_field","uniqueAttributes":{"qualifiedName":"nl2--nl2proc--nl2proc001--typevendor"}}],"businessOwner":[{"guid":"0a30e2bc-f152-4a93-890e-e6f39f3f864f","typeName":"m4i_person","uniqueAttributes":{"qualifiedName":"johanna.richter@email.com","email":"johanna.richter@email.com"}}]},"guid":"32d08426-6992-4fec-9de2-fbfea85af237","isIncomplete":false,"status":"ACTIVE","createdBy":"admin","updatedBy":"admin","createTime":1656521955001,"updateTime":1656522071035,"version":0,"relationshipAttributes":{"ArchiMateReference":[],"steward":[{"guid":"9e8c280b-b4f7-45e0-b287-49dddaf21e23","typeName":"m4i_person","entityStatus":"ACTIVE","displayText":"Lore Brandt","relationshipType":"m4i_data_attribute_steward_assignment","relationshipGuid":"346e93e6-6188-4e3b-9603-ba5b1dbf1281","relationshipStatus":"ACTIVE","relationshipAttributes":{"typeName":"m4i_data_attribute_steward_assignment"}}],"dataEntity":[{"guid":"0ed13fa1-bbce-4368-adee-8199e4266463","typeName":"m4i_data_entity","entityStatus":"ACTIVE","displayText":"Company Information","relationshipType":"m4i_data_entity_attribute_assignment","relationshipGuid":"e709cbdf-44d1-4ea0-abdd-d7ca1588439d","relationshipStatus":"ACTIVE","relationshipAttributes":{"typeName":"m4i_data_entity_attribute_assignment"}}],"source":[{"guid":"2bee6dca-fea0-478b-824e-d97365d18bbe","typeName":"m4i_source","entityStatus":"ACTIVE","displayText":"/hr/hr/Data Dictionary_template.xlsm","relationshipType":"m4i_referenceable_source_assignment","relationshipGuid":"5b0cfc7f-64b5-4636-a3a3-61368b23bb7f","relationshipStatus":"ACTIVE","relationshipAttributes":{"typeName":"m4i_referenceable_source_assignment"}}],"fields":[{"guid":"3973b521-7579-43bc-953f-e498c99ea2eb","typeName":"m4i_field","entityStatus":"ACTIVE","displayText":"TypeVendor","relationshipType":"m4i_data_attribute_field_assignment","relationshipGuid":"931f09b6-70bb-42a4-9743-0c80126e98b4","relationshipStatus":"ACTIVE","relationshipAttributes":{"typeName":"m4i_data_attribute_field_assignment"}}],"businessOwner":[{"guid":"0a30e2bc-f152-4a93-890e-e6f39f3f864f","typeName":"m4i_person","entityStatus":"ACTIVE","displayText":"Johanna Richter","relationshipType":"m4i_data_attribute_business_owner_assignment","relationshipGuid":"6010acf0-55d1-4172-92e5-d160c60dbab7","relationshipStatus":"ACTIVE","relationshipAttributes":{"typeName":"m4i_data_attribute_business_owner_assignment"}}],"meanings":[]},"classifications":[{"typeName":"low_risk","entityGuid":"32d08426-6992-4fec-9de2-fbfea85af237","entityStatus":"ACTIVE","propagate":true,"validityPeriods":[],"removePropagationsOnEntityDelete":true},{"typeName":"key_data","entityGuid":"32d08426-6992-4fec-9de2-fbfea85af237","entityStatus":"ACTIVE","propagate":true,"validityPeriods":[],"removePropagationsOnEntityDelete":true}],"labels":[]}}