{"referredEntities":{},"entity":{"typeName":"m4i_data_quality","attributes":{"owner":null,"archimateReference":[],"expression":"formatting('EMPLOYEE_NUMBER', r'^[0-9]+$')","replicatedTo":null,"userDescription":null,"replicatedFrom":null,"qualifiedName":"nl1--nl1hr--nl1hr001--employee_number--4","displayName":null,"description":null,"active":true,"source":[],"businessRuleDescription":"","ruleDescription":"This field has to be numeric","name":"nl1--nl1hr--nl1hr001--employee_number--4","filterRequired":true,"id":4,"qualityDimension":"Accuracy","expressionVersion":"1","fields":[{"guid":"c4a698ee-685a-41c0-917a-4124fc1a57ab","typeName":"m4i_field","uniqueAttributes":{"qualifiedName":"nl1--nl1hr--nl1hr001--employee_number"}}]},"guid":"36438db5-e87c-4708-a7fd-b6889ca41fe1","isIncomplete":false,"status":"ACTIVE","createdBy":"admin","updatedBy":"admin","createTime":1656522080758,"updateTime":1656522080758,"version":0,"relationshipAttributes":{"inputToProcesses":[],"pipeline":null,"schema":[],"ArchiMateReference":[],"model":null,"source":[{"guid":"2bee6dca-fea0-478b-824e-d97365d18bbe","typeName":"m4i_source","entityStatus":"ACTIVE","displayText":"/hr/hr/Data Dictionary_template.xlsm","relationshipType":"m4i_referenceable_source_assignment","relationshipGuid":"5ca61f51-9033-4050-a957-5becbf64bdd7","relationshipStatus":"ACTIVE","relationshipAttributes":{"typeName":"m4i_referenceable_source_assignment"}}],"fields":[{"guid":"c4a698ee-685a-41c0-917a-4124fc1a57ab","typeName":"m4i_field","entityStatus":"ACTIVE","displayText":"EMPLOYEE_NUMBER","relationshipType":"m4i_data_quality_field_assignment","relationshipGuid":"c0a25d2f-39f8-4c21-a612-89a5fa80b521","relationshipStatus":"ACTIVE","relationshipAttributes":{"typeName":"m4i_data_quality_field_assignment"}}],"meanings":[],"outputFromProcesses":[]},"labels":[]}}