{"referredEntities":{},"entity":{"typeName":"m4i_field","attributes":{"archimateReference":[],"replicatedTo":null,"replicatedFrom":null,"hasContent":null,"steward":[],"qualifiedName":"nl2--nl2proc--nl2proc001--typevendor","source":[],"datasets":[{"guid":"04d4f33f-fd0d-46bc-8336-85f25f2916b2","typeName":"m4i_dataset","uniqueAttributes":{"qualifiedName":"nl2--nl2proc--nl2proc001"}}],"parentField":[],"optionalField":null,"name":"TypeVendor","definition":null,"attributes":[{"guid":"32d08426-6992-4fec-9de2-fbfea85af237","typeName":"m4i_data_attribute","uniqueAttributes":{"qualifiedName":"procurement--company-information--type-of-vendor"}}],"fieldType":"Text","childField":[]},"guid":"3973b521-7579-43bc-953f-e498c99ea2eb","isIncomplete":false,"status":"ACTIVE","createdBy":"admin","updatedBy":"admin","createTime":1656522005471,"updateTime":1656522073615,"version":0,"relationshipAttributes":{"ArchiMateReference":[],"dataQuality":[],"attributes":[{"guid":"32d08426-6992-4fec-9de2-fbfea85af237","typeName":"m4i_data_attribute","entityStatus":"ACTIVE","displayText":"Type of vendor","relationshipType":"m4i_data_attribute_field_assignment","relationshipGuid":"931f09b6-70bb-42a4-9743-0c80126e98b4","relationshipStatus":"ACTIVE","relationshipAttributes":{"typeName":"m4i_data_attribute_field_assignment"}}],"datasets":[{"guid":"04d4f33f-fd0d-46bc-8336-85f25f2916b2","typeName":"m4i_dataset","entityStatus":"ACTIVE","displayText":"NL2-PROC-001","relationshipType":"m4i_field_assignment","relationshipGuid":"33cf660f-437e-4449-a0a1-acf6fc552c61","relationshipStatus":"DELETED","relationshipAttributes":{"typeName":"m4i_field_assignment","attributes":{"typeInformation":null}}}],"source":[{"guid":"2bee6dca-fea0-478b-824e-d97365d18bbe","typeName":"m4i_source","entityStatus":"ACTIVE","displayText":"/hr/hr/Data Dictionary_template.xlsm","relationshipType":"m4i_referenceable_source_assignment","relationshipGuid":"c7059e99-3850-40b6-9487-00e11fe3bbc9","relationshipStatus":"ACTIVE","relationshipAttributes":{"typeName":"m4i_referenceable_source_assignment"}}],"parentField":[],"meanings":[],"childField":[]},"classifications":[{"typeName":"low_risk","entityGuid":"32d08426-6992-4fec-9de2-fbfea85af237","entityStatus":"ACTIVE","propagate":true,"validityPeriods":[],"removePropagationsOnEntityDelete":true},{"typeName":"key_data","entityGuid":"32d08426-6992-4fec-9de2-fbfea85af237","entityStatus":"ACTIVE","propagate":true,"validityPeriods":[],"removePropagationsOnEntityDelete":true}],"labels":[]}}