{"referredEntities":{},"entity":{"typeName":"m4i_field","attributes":{"archimateReference":[],"replicatedTo":null,"replicatedFrom":null,"hasContent":null,"steward":[],"qualifiedName":"nl1--nl1hr--nl1hr001--location","source":[],"datasets":[{"guid":"c5975c9c-c0ad-46e7-bfb8-a8946980041d","typeName":"m4i_dataset","uniqueAttributes":{"qualifiedName":"nl1--nl1hr--nl1hr001"}}],"parentField":[],"optionalField":null,"name":"LOCATION","definition":null,"attributes":[{"guid":"3e5d4165-e92e-414e-8dba-a61ffd799e17","typeName":"m4i_data_attribute","uniqueAttributes":{"qualifiedName":"personnel-and-organization--personnel--external--location"}},{"guid":"f581f528-9207-43f5-99bb-26f258efe062","typeName":"m4i_data_attribute","uniqueAttributes":{"qualifiedName":"personnel-and-organization--personnel--internal--location"}},{"guid":"3e5d4165-e92e-414e-8dba-a61ffd799e17","typeName":"m4i_data_attribute","uniqueAttributes":{"qualifiedName":"personnel-and-organization--personnel--external--location"}},{"guid":"f581f528-9207-43f5-99bb-26f258efe062","typeName":"m4i_data_attribute","uniqueAttributes":{"qualifiedName":"personnel-and-organization--personnel--internal--location"}}],"fieldType":"Text","childField":[]},"guid":"3a6d0e90-2373-4ff1-9959-01d742c0263f","isIncomplete":false,"status":"ACTIVE","createdBy":"admin","updatedBy":"admin","createTime":1656521970993,"updateTime":1656522080758,"version":0,"relationshipAttributes":{"ArchiMateReference":[],"dataQuality":[{"guid":"fe73ec7c-1652-4d56-b212-16fee966a597","typeName":"m4i_data_quality","entityStatus":"ACTIVE","displayText":"nl1--nl1hr--nl1hr001--location--16","relationshipType":"m4i_data_quality_field_assignment","relationshipGuid":"4d274510-ee44-4904-b9ad-dbf411d12266","relationshipStatus":"ACTIVE","relationshipAttributes":{"typeName":"m4i_data_quality_field_assignment"}}],"attributes":[{"guid":"3e5d4165-e92e-414e-8dba-a61ffd799e17","typeName":"m4i_data_attribute","entityStatus":"ACTIVE","displayText":"Location","relationshipType":"m4i_data_attribute_field_assignment","relationshipGuid":"35260f40-de92-4be7-8cdb-42bbba471715","relationshipStatus":"DELETED","relationshipAttributes":{"typeName":"m4i_data_attribute_field_assignment"}},{"guid":"3e5d4165-e92e-414e-8dba-a61ffd799e17","typeName":"m4i_data_attribute","entityStatus":"ACTIVE","displayText":"Location","relationshipType":"m4i_data_attribute_field_assignment","relationshipGuid":"2f5946f6-ceaa-4f33-beda-29bbb433a9a9","relationshipStatus":"ACTIVE","relationshipAttributes":{"typeName":"m4i_data_attribute_field_assignment"}},{"guid":"f581f528-9207-43f5-99bb-26f258efe062","typeName":"m4i_data_attribute","entityStatus":"ACTIVE","displayText":"Location","relationshipType":"m4i_data_attribute_field_assignment","relationshipGuid":"5173ccd9-7e8c-4687-ad7e-70427a6d9b81","relationshipStatus":"DELETED","relationshipAttributes":{"typeName":"m4i_data_attribute_field_assignment"}},{"guid":"f581f528-9207-43f5-99bb-26f258efe062","typeName":"m4i_data_attribute","entityStatus":"ACTIVE","displayText":"Location","relationshipType":"m4i_data_attribute_field_assignment","relationshipGuid":"fabc3f4d-610b-40ec-80f6-2382cc7e2b54","relationshipStatus":"DELETED","relationshipAttributes":{"typeName":"m4i_data_attribute_field_assignment"}}],"datasets":[{"guid":"c5975c9c-c0ad-46e7-bfb8-a8946980041d","typeName":"m4i_dataset","entityStatus":"ACTIVE","displayText":"NL1-HR-001","relationshipType":"m4i_field_assignment","relationshipGuid":"61456841-48fd-4cf9-8f2a-9ea4f22a1b72","relationshipStatus":"DELETED","relationshipAttributes":{"typeName":"m4i_field_assignment","attributes":{"typeInformation":null}}}],"source":[{"guid":"2bee6dca-fea0-478b-824e-d97365d18bbe","typeName":"m4i_source","entityStatus":"ACTIVE","displayText":"/hr/hr/Data Dictionary_template.xlsm","relationshipType":"m4i_referenceable_source_assignment","relationshipGuid":"2df11dcb-fb51-4b10-860a-2957cb72ecca","relationshipStatus":"ACTIVE","relationshipAttributes":{"typeName":"m4i_referenceable_source_assignment"}}],"parentField":[],"meanings":[],"childField":[]},"classifications":[{"typeName":"low_risk","entityGuid":"3e5d4165-e92e-414e-8dba-a61ffd799e17","entityStatus":"ACTIVE","propagate":true,"validityPeriods":[],"removePropagationsOnEntityDelete":true},{"typeName":"key_data","entityGuid":"f581f528-9207-43f5-99bb-26f258efe062","entityStatus":"ACTIVE","propagate":true,"validityPeriods":[],"removePropagationsOnEntityDelete":true},{"typeName":"low_risk","entityGuid":"f581f528-9207-43f5-99bb-26f258efe062","entityStatus":"ACTIVE","propagate":true,"validityPeriods":[],"removePropagationsOnEntityDelete":true},{"typeName":"key_data","entityGuid":"3e5d4165-e92e-414e-8dba-a61ffd799e17","entityStatus":"ACTIVE","propagate":true,"validityPeriods":[],"removePropagationsOnEntityDelete":true}],"labels":[]}}