{"referredEntities":{},"entity":{"typeName":"m4i_data_attribute","attributes":{"archimateReference":[],"replicatedTo":null,"replicatedFrom":null,"steward":[{"guid":"55520e1f-52a3-4696-97e5-b5879323b53a","typeName":"m4i_person","uniqueAttributes":{"qualifiedName":"harper.taylor@email.com","email":"harper.taylor@email.com"}}],"qualifiedName":"personnel-and-organization--personnel--external--location","dataEntity":[{"guid":"c0af931d-1cd3-4ecb-970f-ab804d289ada","typeName":"m4i_data_entity","uniqueAttributes":{"qualifiedName":"personnel-and-organization--personnel--external"}}],"source":[],"isKeyData":"Yes","hasPII":null,"attributeType":"Text","name":"Location","definition":"This attribute describes where an employee executes his/her daily","riskClassification":"Low","fields":[{"guid":"3a6d0e90-2373-4ff1-9959-01d742c0263f","typeName":"m4i_field","uniqueAttributes":{"qualifiedName":"nl1--nl1hr--nl1hr001--location"}},{"guid":"ff4fb3a7-574f-4d34-a86d-448469caa515","typeName":"m4i_elastic_field","uniqueAttributes":{"qualifiedName":"elas1--hr--LOCATION"}},{"guid":"b179f9b5-9d29-4302-918d-0aed6d6b7d0a","typeName":"m4i_kafka_field","uniqueAttributes":{"qualifiedName":"cc1--kaf1--kaf1-hr--change-event--payload--payload--location"}},{"guid":"3a6d0e90-2373-4ff1-9959-01d742c0263f","typeName":"m4i_field","uniqueAttributes":{"qualifiedName":"nl1--nl1hr--nl1hr001--location"}}],"businessOwner":[{"guid":"665870e3-92cb-4dae-b58e-f4db45a7af38","typeName":"m4i_person","uniqueAttributes":{"qualifiedName":"summer.reid@email.com","email":"summer.reid@email.com"}}]},"guid":"3e5d4165-e92e-414e-8dba-a61ffd799e17","isIncomplete":false,"status":"ACTIVE","createdBy":"admin","updatedBy":"admin","createTime":1656521955001,"updateTime":1656522169104,"version":0,"relationshipAttributes":{"ArchiMateReference":[],"steward":[{"guid":"55520e1f-52a3-4696-97e5-b5879323b53a","typeName":"m4i_person","entityStatus":"ACTIVE","displayText":"Harper Taylor","relationshipType":"m4i_data_attribute_steward_assignment","relationshipGuid":"813f73e5-20a7-4fc5-a05d-a9e8943a0055","relationshipStatus":"ACTIVE","relationshipAttributes":{"typeName":"m4i_data_attribute_steward_assignment"}}],"dataEntity":[{"guid":"c0af931d-1cd3-4ecb-970f-ab804d289ada","typeName":"m4i_data_entity","entityStatus":"ACTIVE","displayText":"External","relationshipType":"m4i_data_entity_attribute_assignment","relationshipGuid":"add8b831-c4ed-4286-8e7d-c8816333f023","relationshipStatus":"ACTIVE","relationshipAttributes":{"typeName":"m4i_data_entity_attribute_assignment"}}],"source":[{"guid":"2bee6dca-fea0-478b-824e-d97365d18bbe","typeName":"m4i_source","entityStatus":"ACTIVE","displayText":"/hr/hr/Data Dictionary_template.xlsm","relationshipType":"m4i_referenceable_source_assignment","relationshipGuid":"7f1d1883-82e1-424f-9af7-4fcf5a0955d9","relationshipStatus":"ACTIVE","relationshipAttributes":{"typeName":"m4i_referenceable_source_assignment"}}],"fields":[{"guid":"3a6d0e90-2373-4ff1-9959-01d742c0263f","typeName":"m4i_field","entityStatus":"ACTIVE","displayText":"LOCATION","relationshipType":"m4i_data_attribute_field_assignment","relationshipGuid":"35260f40-de92-4be7-8cdb-42bbba471715","relationshipStatus":"DELETED","relationshipAttributes":{"typeName":"m4i_data_attribute_field_assignment"}},{"guid":"3a6d0e90-2373-4ff1-9959-01d742c0263f","typeName":"m4i_field","entityStatus":"ACTIVE","displayText":"LOCATION","relationshipType":"m4i_data_attribute_field_assignment","relationshipGuid":"2f5946f6-ceaa-4f33-beda-29bbb433a9a9","relationshipStatus":"ACTIVE","relationshipAttributes":{"typeName":"m4i_data_attribute_field_assignment"}},{"guid":"ff4fb3a7-574f-4d34-a86d-448469caa515","typeName":"m4i_elastic_field","entityStatus":"ACTIVE","displayText":"LOCATION","relationshipType":"m4i_data_attribute_field_assignment","relationshipGuid":"45ded41c-21ac-4038-92fd-71ac691ea87d","relationshipStatus":"ACTIVE","relationshipAttributes":{"typeName":"m4i_data_attribute_field_assignment"}},{"guid":"b179f9b5-9d29-4302-918d-0aed6d6b7d0a","typeName":"m4i_kafka_field","entityStatus":"ACTIVE","displayText":"LOCATION","relationshipType":"m4i_data_attribute_field_assignment","relationshipGuid":"3cdc8ff9-2c36-4fb3-96ae-e5563e865a49","relationshipStatus":"ACTIVE","relationshipAttributes":{"typeName":"m4i_data_attribute_field_assignment"}}],"businessOwner":[{"guid":"665870e3-92cb-4dae-b58e-f4db45a7af38","typeName":"m4i_person","entityStatus":"ACTIVE","displayText":"Summer Reid","relationshipType":"m4i_data_attribute_business_owner_assignment","relationshipGuid":"96e0de37-4cf3-41c3-8872-ecd2e384bd10","relationshipStatus":"ACTIVE","relationshipAttributes":{"typeName":"m4i_data_attribute_business_owner_assignment"}}],"meanings":[]},"classifications":[{"typeName":"low_risk","entityGuid":"3e5d4165-e92e-414e-8dba-a61ffd799e17","entityStatus":"ACTIVE","propagate":true,"validityPeriods":[],"removePropagationsOnEntityDelete":true},{"typeName":"key_data","entityGuid":"3e5d4165-e92e-414e-8dba-a61ffd799e17","entityStatus":"ACTIVE","propagate":true,"validityPeriods":[],"removePropagationsOnEntityDelete":true}],"labels":[]}}