{"referredEntities":{},"entity":{"typeName":"m4i_data_attribute","attributes":{"archimateReference":[],"replicatedTo":null,"replicatedFrom":null,"steward":[{"guid":"4f4948ae-2df0-437d-8c6a-e9cba5db8063","typeName":"m4i_person","uniqueAttributes":{"qualifiedName":"cornelis.kramer@email.com","email":"cornelis.kramer@email.com"}}],"qualifiedName":"personnel-and-organization--job--job-name","dataEntity":[{"guid":"55675c25-d300-4d79-ab69-c0b2591b4cd0","typeName":"m4i_data_entity","uniqueAttributes":{"qualifiedName":"personnel-and-organization--job"}}],"source":[],"isKeyData":"Yes","hasPII":null,"attributeType":"Text","name":"Job Name","definition":"This attribute provides the job name as in the organization","riskClassification":"Low","fields":[{"guid":"a88127e7-07dc-4d96-8a07-f245c8896740","typeName":"m4i_field","uniqueAttributes":{"qualifiedName":"nl1--nl1hr--nl1hr001--job_name"}},{"guid":"a88127e7-07dc-4d96-8a07-f245c8896740","typeName":"m4i_field","uniqueAttributes":{"qualifiedName":"nl1--nl1hr--nl1hr001--job_name"}}],"businessOwner":[{"guid":"45e581d9-452c-4d48-98e0-452b7a109efb","typeName":"m4i_person","uniqueAttributes":{"qualifiedName":"merel.hofman@email.com","email":"merel.hofman@email.com"}}]},"guid":"4189b75e-c9f3-478d-879c-b9d99e805b4f","isIncomplete":false,"status":"ACTIVE","createdBy":"admin","updatedBy":"admin","createTime":1656521955001,"updateTime":1656522073615,"version":0,"relationshipAttributes":{"ArchiMateReference":[],"steward":[{"guid":"4f4948ae-2df0-437d-8c6a-e9cba5db8063","typeName":"m4i_person","entityStatus":"ACTIVE","displayText":"Cornelis Kramer","relationshipType":"m4i_data_attribute_steward_assignment","relationshipGuid":"554abe3b-1892-47b2-93e8-03440ad6a6b7","relationshipStatus":"ACTIVE","relationshipAttributes":{"typeName":"m4i_data_attribute_steward_assignment"}}],"dataEntity":[{"guid":"55675c25-d300-4d79-ab69-c0b2591b4cd0","typeName":"m4i_data_entity","entityStatus":"ACTIVE","displayText":"Job","relationshipType":"m4i_data_entity_attribute_assignment","relationshipGuid":"bfef7547-0320-4165-a06d-a0236bff9307","relationshipStatus":"ACTIVE","relationshipAttributes":{"typeName":"m4i_data_entity_attribute_assignment"}}],"source":[{"guid":"2bee6dca-fea0-478b-824e-d97365d18bbe","typeName":"m4i_source","entityStatus":"ACTIVE","displayText":"/hr/hr/Data Dictionary_template.xlsm","relationshipType":"m4i_referenceable_source_assignment","relationshipGuid":"99e4fa2c-bd17-4752-825a-134f8047d46d","relationshipStatus":"ACTIVE","relationshipAttributes":{"typeName":"m4i_referenceable_source_assignment"}}],"fields":[{"guid":"a88127e7-07dc-4d96-8a07-f245c8896740","typeName":"m4i_field","entityStatus":"ACTIVE","displayText":"JOB_NAME","relationshipType":"m4i_data_attribute_field_assignment","relationshipGuid":"6a098c17-7ec7-44e7-8c8c-e054443d8f3c","relationshipStatus":"DELETED","relationshipAttributes":{"typeName":"m4i_data_attribute_field_assignment"}},{"guid":"a88127e7-07dc-4d96-8a07-f245c8896740","typeName":"m4i_field","entityStatus":"ACTIVE","displayText":"JOB_NAME","relationshipType":"m4i_data_attribute_field_assignment","relationshipGuid":"c46fa7b9-bde3-4e09-b165-27634ae33850","relationshipStatus":"DELETED","relationshipAttributes":{"typeName":"m4i_data_attribute_field_assignment"}}],"businessOwner":[{"guid":"45e581d9-452c-4d48-98e0-452b7a109efb","typeName":"m4i_person","entityStatus":"ACTIVE","displayText":"Merel Hofman","relationshipType":"m4i_data_attribute_business_owner_assignment","relationshipGuid":"e28de00a-adc9-4fb3-a865-105053baea5f","relationshipStatus":"ACTIVE","relationshipAttributes":{"typeName":"m4i_data_attribute_business_owner_assignment"}}],"meanings":[]},"classifications":[{"typeName":"low_risk","entityGuid":"4189b75e-c9f3-478d-879c-b9d99e805b4f","entityStatus":"ACTIVE","propagate":true,"validityPeriods":[],"removePropagationsOnEntityDelete":true},{"typeName":"key_data","entityGuid":"4189b75e-c9f3-478d-879c-b9d99e805b4f","entityStatus":"ACTIVE","propagate":true,"validityPeriods":[],"removePropagationsOnEntityDelete":true}],"labels":[]}}