{"referredEntities":{},"entity":{"typeName":"m4i_person","attributes":{"archimateReference":[],"replicatedTo":null,"replicatedFrom":null,"qualifiedName":"merel.hofman@email.com","name":"Merel Hofman","source":[],"email":"merel.hofman@email.com"},"guid":"45e581d9-452c-4d48-98e0-452b7a109efb","isIncomplete":false,"status":"ACTIVE","createdBy":"admin","updatedBy":"admin","createTime":1656521943868,"updateTime":1656521955001,"version":0,"relationshipAttributes":{"indexPatterns":[],"stewardAttribute":[],"ArchiMateReference":[],"visualizations":[],"domainLead":[],"businessOwnerAttribute":[{"guid":"f7b58db1-b62e-4481-a4e9-3e2db68b0b6c","typeName":"m4i_data_attribute","entityStatus":"ACTIVE","displayText":"Functional Organization","relationshipType":"m4i_data_attribute_business_owner_assignment","relationshipGuid":"79b53e54-de28-4bfe-929c-ca199ae4e586","relationshipStatus":"ACTIVE","relationshipAttributes":{"typeName":"m4i_data_attribute_business_owner_assignment"}},{"guid":"6fab80e8-2d32-4a2f-8668-74078a14764c","typeName":"m4i_data_attribute","entityStatus":"ACTIVE","displayText":"Placement","relationshipType":"m4i_data_attribute_business_owner_assignment","relationshipGuid":"7037f9c3-4e91-403a-8378-1303ee1db492","relationshipStatus":"ACTIVE","relationshipAttributes":{"typeName":"m4i_data_attribute_business_owner_assignment"}},{"guid":"b4435642-bde8-46bb-80e4-8172a19bc6c7","typeName":"m4i_data_attribute","entityStatus":"ACTIVE","displayText":"Basket","relationshipType":"m4i_data_attribute_business_owner_assignment","relationshipGuid":"19621358-294e-4206-8634-93b1f9b8c2e0","relationshipStatus":"ACTIVE","relationshipAttributes":{"typeName":"m4i_data_attribute_business_owner_assignment"}},{"guid":"f809feb9-f81d-4376-ad4c-d2c648c4f56c","typeName":"m4i_data_attribute","entityStatus":"ACTIVE","displayText":"Hierarchical Organization","relationshipType":"m4i_data_attribute_business_owner_assignment","relationshipGuid":"93605a53-85a4-4612-b826-1c9244988858","relationshipStatus":"ACTIVE","relationshipAttributes":{"typeName":"m4i_data_attribute_business_owner_assignment"}},{"guid":"4189b75e-c9f3-478d-879c-b9d99e805b4f","typeName":"m4i_data_attribute","entityStatus":"ACTIVE","displayText":"Job Name","relationshipType":"m4i_data_attribute_business_owner_assignment","relationshipGuid":"e28de00a-adc9-4fb3-a865-105053baea5f","relationshipStatus":"ACTIVE","relationshipAttributes":{"typeName":"m4i_data_attribute_business_owner_assignment"}},{"guid":"cd28eaf5-5d73-4dde-a2f2-140bf7a45b1b","typeName":"m4i_data_attribute","entityStatus":"ACTIVE","displayText":"Basket","relationshipType":"m4i_data_attribute_business_owner_assignment","relationshipGuid":"91c104c3-e9e0-4a6c-9f0e-a194dee2e35b","relationshipStatus":"ACTIVE","relationshipAttributes":{"typeName":"m4i_data_attribute_business_owner_assignment"}},{"guid":"39496a21-bf35-4d73-b18f-13f03fc31cde","typeName":"m4i_data_attribute","entityStatus":"ACTIVE","displayText":"People Group","relationshipType":"m4i_data_attribute_business_owner_assignment","relationshipGuid":"fcb8c90b-6568-440b-9e4c-998be855a5fe","relationshipStatus":"ACTIVE","relationshipAttributes":{"typeName":"m4i_data_attribute_business_owner_assignment"}},{"guid":"bb7eb559-447e-4acf-824b-b66b7473c769","typeName":"m4i_data_attribute","entityStatus":"ACTIVE","displayText":"Organization","relationshipType":"m4i_data_attribute_business_owner_assignment","relationshipGuid":"1791b2bc-8e3f-4254-928f-64cf99e30b7a","relationshipStatus":"ACTIVE","relationshipAttributes":{"typeName":"m4i_data_attribute_business_owner_assignment"}},{"guid":"dc022091-fdbc-444e-9966-a3b296525c84","typeName":"m4i_data_attribute","entityStatus":"ACTIVE","displayText":"Job Name","relationshipType":"m4i_data_attribute_business_owner_assignment","relationshipGuid":"7ab8d033-9489-422c-ad33-27df916655c1","relationshipStatus":"ACTIVE","relationshipAttributes":{"typeName":"m4i_data_attribute_business_owner_assignment"}},{"guid":"b1c3c1f1-7da0-4821-84ce-b8ec009b0f66","typeName":"m4i_data_attribute","entityStatus":"ACTIVE","displayText":"Employee Number","relationshipType":"m4i_data_attribute_business_owner_assignment","relationshipGuid":"5897bb10-1916-492c-afaf-739a8e7aa90f","relationshipStatus":"ACTIVE","relationshipAttributes":{"typeName":"m4i_data_attribute_business_owner_assignment"}},{"guid":"467de671-6003-4191-a49d-3a5b311018b6","typeName":"m4i_data_attribute","entityStatus":"ACTIVE","displayText":"Full Time Equivalent","relationshipType":"m4i_data_attribute_business_owner_assignment","relationshipGuid":"7c479101-9b8d-4c19-ae07-99b3bb18b03a","relationshipStatus":"ACTIVE","relationshipAttributes":{"typeName":"m4i_data_attribute_business_owner_assignment"}},{"guid":"630f2093-27fd-4454-af91-fc2be86f93e8","typeName":"m4i_data_attribute","entityStatus":"ACTIVE","displayText":"Payroll","relationshipType":"m4i_data_attribute_business_owner_assignment","relationshipGuid":"406ff3ef-1ce1-4ec4-a049-0919b6c32b55","relationshipStatus":"ACTIVE","relationshipAttributes":{"typeName":"m4i_data_attribute_business_owner_assignment"}},{"guid":"f581f528-9207-43f5-99bb-26f258efe062","typeName":"m4i_data_attribute","entityStatus":"ACTIVE","displayText":"Location","relationshipType":"m4i_data_attribute_business_owner_assignment","relationshipGuid":"d1685451-3fac-445f-bfa6-c0867dd7f8be","relationshipStatus":"ACTIVE","relationshipAttributes":{"typeName":"m4i_data_attribute_business_owner_assignment"}},{"guid":"444c163e-b201-47bd-9b3a-9c1c9d33a4bb","typeName":"m4i_data_attribute","entityStatus":"ACTIVE","displayText":"Fullname","relationshipType":"m4i_data_attribute_business_owner_assignment","relationshipGuid":"a381615a-4b59-4a80-b73e-a711b6f4d186","relationshipStatus":"ACTIVE","relationshipAttributes":{"typeName":"m4i_data_attribute_business_owner_assignment"}},{"guid":"b4bf70d3-1121-408e-bcf9-39e96a13d980","typeName":"m4i_data_attribute","entityStatus":"ACTIVE","displayText":"Functional Organization","relationshipType":"m4i_data_attribute_business_owner_assignment","relationshipGuid":"d1100eea-d9c8-4d4b-adf1-4b3a30510465","relationshipStatus":"ACTIVE","relationshipAttributes":{"typeName":"m4i_data_attribute_business_owner_assignment"}},{"guid":"9928b372-dca2-4fba-99f3-6b99da65b4af","typeName":"m4i_data_attribute","entityStatus":"ACTIVE","displayText":"Hierarchical Organization","relationshipType":"m4i_data_attribute_business_owner_assignment","relationshipGuid":"9592662f-3a4d-4858-9fe8-e96db45f7cda","relationshipStatus":"ACTIVE","relationshipAttributes":{"typeName":"m4i_data_attribute_business_owner_assignment"}}],"source":[{"guid":"2bee6dca-fea0-478b-824e-d97365d18bbe","typeName":"m4i_source","entityStatus":"ACTIVE","displayText":"/hr/hr/Data Dictionary_template.xlsm","relationshipType":"m4i_referenceable_source_assignment","relationshipGuid":"832d6187-806b-4b87-a905-151366331db3","relationshipStatus":"ACTIVE","relationshipAttributes":{"typeName":"m4i_referenceable_source_assignment"}}],"dashboards":[],"stewardEntity":[],"meanings":[],"businessOwnerEntity":[{"guid":"0947802f-d016-4031-b90f-10d27b102439","typeName":"m4i_data_entity","entityStatus":"ACTIVE","displayText":"Organization","relationshipType":"m4i_data_entity_business_owner_assignment","relationshipGuid":"7db5b302-2215-4a91-92b4-6d7e65cf4fcb","relationshipStatus":"ACTIVE","relationshipAttributes":{"typeName":"m4i_data_entity_business_owner_assignment"}},{"guid":"818f6d40-b74d-4971-a039-efe8ccdc8f5b","typeName":"m4i_data_entity","entityStatus":"ACTIVE","displayText":"Internal","relationshipType":"m4i_data_entity_business_owner_assignment","relationshipGuid":"63bcded1-ba90-4ca8-b1e5-afe88b2b4fa1","relationshipStatus":"ACTIVE","relationshipAttributes":{"typeName":"m4i_data_entity_business_owner_assignment"}},{"guid":"55675c25-d300-4d79-ab69-c0b2591b4cd0","typeName":"m4i_data_entity","entityStatus":"ACTIVE","displayText":"Job","relationshipType":"m4i_data_entity_business_owner_assignment","relationshipGuid":"85eba4fd-493c-4e95-a8e8-3d645458858e","relationshipStatus":"ACTIVE","relationshipAttributes":{"typeName":"m4i_data_entity_business_owner_assignment"}},{"guid":"a4e20c5a-fd37-4fe4-9189-6c4e06f1f34d","typeName":"m4i_data_entity","entityStatus":"ACTIVE","displayText":"Personnel","relationshipType":"m4i_data_entity_business_owner_assignment","relationshipGuid":"d54b8ffe-b896-4bb2-9593-53325aa4de4c","relationshipStatus":"ACTIVE","relationshipAttributes":{"typeName":"m4i_data_entity_business_owner_assignment"}}],"ProcessOwner":[]},"labels":[]}}