{"referredEntities":{},"entity":{"typeName":"m4i_field","attributes":{"archimateReference":[],"replicatedTo":null,"replicatedFrom":null,"hasContent":null,"steward":[],"qualifiedName":"nl3--nl3plant--nl3plant001--sku","source":[],"datasets":[{"guid":"2230cf23-c90c-4a2f-be3e-e402503c4544","typeName":"m4i_dataset","uniqueAttributes":{"qualifiedName":"nl3--nl3plant--nl3plant001"}}],"parentField":[],"optionalField":null,"name":"SKU","definition":null,"attributes":[{"guid":"6c6a3fb9-e983-4b39-a26b-2883cf06cc8d","typeName":"m4i_data_attribute","uniqueAttributes":{"qualifiedName":"plant-data--hourly-data--sku"}}],"fieldType":"Text","childField":[]},"guid":"4720d40e-66a2-4aac-aabf-696cf02e7059","isIncomplete":false,"status":"ACTIVE","createdBy":"admin","updatedBy":"admin","createTime":1656522073615,"updateTime":1656522073615,"version":0,"relationshipAttributes":{"ArchiMateReference":[],"dataQuality":[],"attributes":[{"guid":"6c6a3fb9-e983-4b39-a26b-2883cf06cc8d","typeName":"m4i_data_attribute","entityStatus":"ACTIVE","displayText":"SKU","relationshipType":"m4i_data_attribute_field_assignment","relationshipGuid":"3c1fabb1-4a73-4f10-a584-1740585e697e","relationshipStatus":"ACTIVE","relationshipAttributes":{"typeName":"m4i_data_attribute_field_assignment"}}],"datasets":[{"guid":"2230cf23-c90c-4a2f-be3e-e402503c4544","typeName":"m4i_dataset","entityStatus":"ACTIVE","displayText":"NL3-PLANT-001","relationshipType":"m4i_field_assignment","relationshipGuid":"8862aa0b-f02c-4602-9950-2fe398d3a0a8","relationshipStatus":"ACTIVE","relationshipAttributes":{"typeName":"m4i_field_assignment","attributes":{"typeInformation":null}}}],"source":[{"guid":"2bee6dca-fea0-478b-824e-d97365d18bbe","typeName":"m4i_source","entityStatus":"ACTIVE","displayText":"/hr/hr/Data Dictionary_template.xlsm","relationshipType":"m4i_referenceable_source_assignment","relationshipGuid":"93a0c269-c52a-4cd6-a145-671b613ae1f5","relationshipStatus":"ACTIVE","relationshipAttributes":{"typeName":"m4i_referenceable_source_assignment"}}],"parentField":[],"meanings":[],"childField":[]},"classifications":[{"typeName":"low_risk","entityGuid":"6c6a3fb9-e983-4b39-a26b-2883cf06cc8d","entityStatus":"ACTIVE","propagate":true,"validityPeriods":[],"removePropagationsOnEntityDelete":true}],"labels":[]}}