{"referredEntities":{},"entity":{"typeName":"m4i_person","attributes":{"archimateReference":[],"replicatedTo":null,"replicatedFrom":null,"qualifiedName":"cornelis.kramer@email.com","name":"Cornelis Kramer","source":[],"email":"cornelis.kramer@email.com"},"guid":"4f4948ae-2df0-437d-8c6a-e9cba5db8063","isIncomplete":false,"status":"ACTIVE","createdBy":"admin","updatedBy":"admin","createTime":1656521943868,"updateTime":1656521955001,"version":0,"relationshipAttributes":{"indexPatterns":[],"stewardAttribute":[{"guid":"f7b58db1-b62e-4481-a4e9-3e2db68b0b6c","typeName":"m4i_data_attribute","entityStatus":"ACTIVE","displayText":"Functional Organization","relationshipType":"m4i_data_attribute_steward_assignment","relationshipGuid":"b7f80453-c425-406b-8b6e-d5f7c2727ec5","relationshipStatus":"ACTIVE","relationshipAttributes":{"typeName":"m4i_data_attribute_steward_assignment"}},{"guid":"6fab80e8-2d32-4a2f-8668-74078a14764c","typeName":"m4i_data_attribute","entityStatus":"ACTIVE","displayText":"Placement","relationshipType":"m4i_data_attribute_steward_assignment","relationshipGuid":"cb66a0a8-7adf-4bcf-bb03-ec7be4693953","relationshipStatus":"ACTIVE","relationshipAttributes":{"typeName":"m4i_data_attribute_steward_assignment"}},{"guid":"b4435642-bde8-46bb-80e4-8172a19bc6c7","typeName":"m4i_data_attribute","entityStatus":"ACTIVE","displayText":"Basket","relationshipType":"m4i_data_attribute_steward_assignment","relationshipGuid":"c0e9369c-1362-44a0-ba2e-95bb0f49fc71","relationshipStatus":"ACTIVE","relationshipAttributes":{"typeName":"m4i_data_attribute_steward_assignment"}},{"guid":"f809feb9-f81d-4376-ad4c-d2c648c4f56c","typeName":"m4i_data_attribute","entityStatus":"ACTIVE","displayText":"Hierarchical Organization","relationshipType":"m4i_data_attribute_steward_assignment","relationshipGuid":"87b4bec6-0fdd-4628-89cf-5bd0ab15e180","relationshipStatus":"ACTIVE","relationshipAttributes":{"typeName":"m4i_data_attribute_steward_assignment"}},{"guid":"4189b75e-c9f3-478d-879c-b9d99e805b4f","typeName":"m4i_data_attribute","entityStatus":"ACTIVE","displayText":"Job Name","relationshipType":"m4i_data_attribute_steward_assignment","relationshipGuid":"554abe3b-1892-47b2-93e8-03440ad6a6b7","relationshipStatus":"ACTIVE","relationshipAttributes":{"typeName":"m4i_data_attribute_steward_assignment"}},{"guid":"cd28eaf5-5d73-4dde-a2f2-140bf7a45b1b","typeName":"m4i_data_attribute","entityStatus":"ACTIVE","displayText":"Basket","relationshipType":"m4i_data_attribute_steward_assignment","relationshipGuid":"390bcd3f-b12b-4e04-8788-92a7e1895e47","relationshipStatus":"ACTIVE","relationshipAttributes":{"typeName":"m4i_data_attribute_steward_assignment"}},{"guid":"39496a21-bf35-4d73-b18f-13f03fc31cde","typeName":"m4i_data_attribute","entityStatus":"ACTIVE","displayText":"People Group","relationshipType":"m4i_data_attribute_steward_assignment","relationshipGuid":"0f1f8788-86a5-4ede-8ab7-c910dea3eff1","relationshipStatus":"ACTIVE","relationshipAttributes":{"typeName":"m4i_data_attribute_steward_assignment"}},{"guid":"bb7eb559-447e-4acf-824b-b66b7473c769","typeName":"m4i_data_attribute","entityStatus":"ACTIVE","displayText":"Organization","relationshipType":"m4i_data_attribute_steward_assignment","relationshipGuid":"19693395-a697-44a4-9187-1a6b80b4b826","relationshipStatus":"ACTIVE","relationshipAttributes":{"typeName":"m4i_data_attribute_steward_assignment"}},{"guid":"dc022091-fdbc-444e-9966-a3b296525c84","typeName":"m4i_data_attribute","entityStatus":"ACTIVE","displayText":"Job Name","relationshipType":"m4i_data_attribute_steward_assignment","relationshipGuid":"f9683445-16b6-44cd-8215-a2cebcb05027","relationshipStatus":"ACTIVE","relationshipAttributes":{"typeName":"m4i_data_attribute_steward_assignment"}},{"guid":"b1c3c1f1-7da0-4821-84ce-b8ec009b0f66","typeName":"m4i_data_attribute","entityStatus":"ACTIVE","displayText":"Employee Number","relationshipType":"m4i_data_attribute_steward_assignment","relationshipGuid":"a69c1901-7eff-4908-94b6-a33dae2c0146","relationshipStatus":"ACTIVE","relationshipAttributes":{"typeName":"m4i_data_attribute_steward_assignment"}},{"guid":"467de671-6003-4191-a49d-3a5b311018b6","typeName":"m4i_data_attribute","entityStatus":"ACTIVE","displayText":"Full Time Equivalent","relationshipType":"m4i_data_attribute_steward_assignment","relationshipGuid":"7bc51768-e49f-4632-9fba-85a8cc88f4be","relationshipStatus":"ACTIVE","relationshipAttributes":{"typeName":"m4i_data_attribute_steward_assignment"}},{"guid":"630f2093-27fd-4454-af91-fc2be86f93e8","typeName":"m4i_data_attribute","entityStatus":"ACTIVE","displayText":"Payroll","relationshipType":"m4i_data_attribute_steward_assignment","relationshipGuid":"2f82c829-b704-4a0f-8b2c-172c8a6bd265","relationshipStatus":"ACTIVE","relationshipAttributes":{"typeName":"m4i_data_attribute_steward_assignment"}},{"guid":"f581f528-9207-43f5-99bb-26f258efe062","typeName":"m4i_data_attribute","entityStatus":"ACTIVE","displayText":"Location","relationshipType":"m4i_data_attribute_steward_assignment","relationshipGuid":"da062789-ecae-4b5b-a523-542a66485d59","relationshipStatus":"ACTIVE","relationshipAttributes":{"typeName":"m4i_data_attribute_steward_assignment"}},{"guid":"444c163e-b201-47bd-9b3a-9c1c9d33a4bb","typeName":"m4i_data_attribute","entityStatus":"ACTIVE","displayText":"Fullname","relationshipType":"m4i_data_attribute_steward_assignment","relationshipGuid":"f7552457-1f7c-4bab-9ea9-1c6ee4d5f442","relationshipStatus":"ACTIVE","relationshipAttributes":{"typeName":"m4i_data_attribute_steward_assignment"}},{"guid":"b4bf70d3-1121-408e-bcf9-39e96a13d980","typeName":"m4i_data_attribute","entityStatus":"ACTIVE","displayText":"Functional Organization","relationshipType":"m4i_data_attribute_steward_assignment","relationshipGuid":"17c52e1e-ba5c-44cb-91c9-e8b7680e860f","relationshipStatus":"ACTIVE","relationshipAttributes":{"typeName":"m4i_data_attribute_steward_assignment"}},{"guid":"9928b372-dca2-4fba-99f3-6b99da65b4af","typeName":"m4i_data_attribute","entityStatus":"ACTIVE","displayText":"Hierarchical Organization","relationshipType":"m4i_data_attribute_steward_assignment","relationshipGuid":"7dfa59dc-9858-4d19-a60a-b693de93f962","relationshipStatus":"ACTIVE","relationshipAttributes":{"typeName":"m4i_data_attribute_steward_assignment"}}],"ArchiMateReference":[],"visualizations":[],"domainLead":[],"businessOwnerAttribute":[],"source":[{"guid":"2bee6dca-fea0-478b-824e-d97365d18bbe","typeName":"m4i_source","entityStatus":"ACTIVE","displayText":"/hr/hr/Data Dictionary_template.xlsm","relationshipType":"m4i_referenceable_source_assignment","relationshipGuid":"f3237a3c-3aed-41cd-b39b-1b9c9af89dec","relationshipStatus":"ACTIVE","relationshipAttributes":{"typeName":"m4i_referenceable_source_assignment"}}],"dashboards":[],"stewardEntity":[{"guid":"0947802f-d016-4031-b90f-10d27b102439","typeName":"m4i_data_entity","entityStatus":"ACTIVE","displayText":"Organization","relationshipType":"m4i_data_entity_steward_assignment","relationshipGuid":"aa77765b-7719-4778-8b7f-eb0f24806ebf","relationshipStatus":"ACTIVE","relationshipAttributes":{"typeName":"m4i_data_entity_steward_assignment"}},{"guid":"818f6d40-b74d-4971-a039-efe8ccdc8f5b","typeName":"m4i_data_entity","entityStatus":"ACTIVE","displayText":"Internal","relationshipType":"m4i_data_entity_steward_assignment","relationshipGuid":"cfc294f6-61af-47a4-b899-3f77ec962f79","relationshipStatus":"ACTIVE","relationshipAttributes":{"typeName":"m4i_data_entity_steward_assignment"}},{"guid":"55675c25-d300-4d79-ab69-c0b2591b4cd0","typeName":"m4i_data_entity","entityStatus":"ACTIVE","displayText":"Job","relationshipType":"m4i_data_entity_steward_assignment","relationshipGuid":"7c410619-64da-4982-862b-adb11af6465b","relationshipStatus":"ACTIVE","relationshipAttributes":{"typeName":"m4i_data_entity_steward_assignment"}},{"guid":"a4e20c5a-fd37-4fe4-9189-6c4e06f1f34d","typeName":"m4i_data_entity","entityStatus":"ACTIVE","displayText":"Personnel","relationshipType":"m4i_data_entity_steward_assignment","relationshipGuid":"eda80767-7cac-409b-8169-d6fee556de4b","relationshipStatus":"ACTIVE","relationshipAttributes":{"typeName":"m4i_data_entity_steward_assignment"}}],"meanings":[],"businessOwnerEntity":[],"ProcessOwner":[]},"labels":[]}}