{"referredEntities":{},"entity":{"typeName":"m4i_collection","attributes":{"archimateReference":[],"replicatedTo":null,"replicatedFrom":null,"systems":[{"guid":"17926116-f221-43e0-82d5-3ee578bfa308","typeName":"m4i_system","uniqueAttributes":{"qualifiedName":"nl1"}}],"qualifiedName":"nl1--nl1hr","name":"NL1-HR","definition":null,"source":[],"datasets":[{"guid":"c5975c9c-c0ad-46e7-bfb8-a8946980041d","typeName":"m4i_dataset","uniqueAttributes":{"qualifiedName":"nl1--nl1hr--nl1hr001"}}]},"guid":"51925044-95e1-4100-bc21-9dc7e27fe452","isIncomplete":false,"status":"ACTIVE","createdBy":"admin","updatedBy":"admin","createTime":1656521945727,"updateTime":1656522068023,"version":0,"relationshipAttributes":{"ArchiMateReference":[],"systems":[{"guid":"17926116-f221-43e0-82d5-3ee578bfa308","typeName":"m4i_system","entityStatus":"ACTIVE","displayText":"NL1","relationshipType":"m4i_collection_assignment","relationshipGuid":"0e0a6bd5-b988-4110-9bb6-a617689eae12","relationshipStatus":"ACTIVE","relationshipAttributes":{"typeName":"m4i_collection_assignment"}}],"datasets":[{"guid":"c5975c9c-c0ad-46e7-bfb8-a8946980041d","typeName":"m4i_dataset","entityStatus":"ACTIVE","displayText":"NL1-HR-001","relationshipType":"m4i_dataset_assignment","relationshipGuid":"3cdc8620-b777-4e93-9ab4-0bb715e7d340","relationshipStatus":"DELETED","relationshipAttributes":{"typeName":"m4i_dataset_assignment"}}],"source":[{"guid":"2bee6dca-fea0-478b-824e-d97365d18bbe","typeName":"m4i_source","entityStatus":"ACTIVE","displayText":"/hr/hr/Data Dictionary_template.xlsm","relationshipType":"m4i_referenceable_source_assignment","relationshipGuid":"33daf429-07c3-4fd5-89fa-bc2b7defe995","relationshipStatus":"ACTIVE","relationshipAttributes":{"typeName":"m4i_referenceable_source_assignment"}}],"meanings":[]},"classifications":[{"typeName":"PII","entityGuid":"c93b1aab-8378-4041-a3d3-65f913eb2d06","entityStatus":"ACTIVE","propagate":true,"validityPeriods":[],"removePropagationsOnEntityDelete":true},{"typeName":"PII","entityGuid":"444c163e-b201-47bd-9b3a-9c1c9d33a4bb","entityStatus":"ACTIVE","propagate":true,"validityPeriods":[],"removePropagationsOnEntityDelete":true}],"labels":[]}}