{"referredEntities":{},"entity":{"typeName":"m4i_data_entity","attributes":{"archimateReference":[],"replicatedTo":null,"replicatedFrom":null,"steward":[{"guid":"4f4948ae-2df0-437d-8c6a-e9cba5db8063","typeName":"m4i_person","uniqueAttributes":{"qualifiedName":"cornelis.kramer@email.com","email":"cornelis.kramer@email.com"}}],"qualifiedName":"personnel-and-organization--job","parentEntity":[],"source":[],"dataDomain":[{"guid":"d56db187-2627-41a6-8698-f74d4b76227e","typeName":"m4i_data_domain","uniqueAttributes":{"qualifiedName":"personnel-and-organization"}}],"childEntity":[],"name":"Job","definition":"This entity contains information about the place in the organizational unit and the related function in which the tasks in the discipline are executed. This entity contains information about the function in which the tasks in the discipline are executed. ","attributes":[{"guid":"4189b75e-c9f3-478d-879c-b9d99e805b4f","typeName":"m4i_data_attribute","uniqueAttributes":{"qualifiedName":"personnel-and-organization--job--job-name"}}],"businessOwner":[{"guid":"45e581d9-452c-4d48-98e0-452b7a109efb","typeName":"m4i_person","uniqueAttributes":{"qualifiedName":"merel.hofman@email.com","email":"merel.hofman@email.com"}}]},"guid":"55675c25-d300-4d79-ab69-c0b2591b4cd0","isIncomplete":false,"status":"ACTIVE","createdBy":"admin","updatedBy":"admin","createTime":1656521948648,"updateTime":1656522070128,"version":0,"relationshipAttributes":{"ArchiMateReference":[],"steward":[{"guid":"4f4948ae-2df0-437d-8c6a-e9cba5db8063","typeName":"m4i_person","entityStatus":"ACTIVE","displayText":"Cornelis Kramer","relationshipType":"m4i_data_entity_steward_assignment","relationshipGuid":"7c410619-64da-4982-862b-adb11af6465b","relationshipStatus":"ACTIVE","relationshipAttributes":{"typeName":"m4i_data_entity_steward_assignment"}}],"dataDomain":[{"guid":"d56db187-2627-41a6-8698-f74d4b76227e","typeName":"m4i_data_domain","entityStatus":"ACTIVE","displayText":"Personnel and Organization","relationshipType":"m4i_data_entity_assignment","relationshipGuid":"338c3ce1-c226-497f-b179-75d3aba83b4b","relationshipStatus":"ACTIVE","relationshipAttributes":{"typeName":"m4i_data_entity_assignment"}}],"parentEntity":[],"childEntity":[],"attributes":[{"guid":"4189b75e-c9f3-478d-879c-b9d99e805b4f","typeName":"m4i_data_attribute","entityStatus":"ACTIVE","displayText":"Job Name","relationshipType":"m4i_data_entity_attribute_assignment","relationshipGuid":"bfef7547-0320-4165-a06d-a0236bff9307","relationshipStatus":"ACTIVE","relationshipAttributes":{"typeName":"m4i_data_entity_attribute_assignment"}}],"source":[{"guid":"2bee6dca-fea0-478b-824e-d97365d18bbe","typeName":"m4i_source","entityStatus":"ACTIVE","displayText":"/hr/hr/Data Dictionary_template.xlsm","relationshipType":"m4i_referenceable_source_assignment","relationshipGuid":"f504ed44-6467-4ad1-9310-8a5f6b85bda9","relationshipStatus":"ACTIVE","relationshipAttributes":{"typeName":"m4i_referenceable_source_assignment"}}],"businessOwner":[{"guid":"45e581d9-452c-4d48-98e0-452b7a109efb","typeName":"m4i_person","entityStatus":"ACTIVE","displayText":"Merel Hofman","relationshipType":"m4i_data_entity_business_owner_assignment","relationshipGuid":"85eba4fd-493c-4e95-a8e8-3d645458858e","relationshipStatus":"ACTIVE","relationshipAttributes":{"typeName":"m4i_data_entity_business_owner_assignment"}}],"meanings":[]},"labels":[]}}