{"referredEntities":{},"entity":{"typeName":"m4i_data_quality","attributes":{"owner":null,"archimateReference":[],"expression":"completeness('FTE')","replicatedTo":null,"userDescription":null,"replicatedFrom":null,"qualifiedName":"nl1--nl1hr--nl1hr001--fte--9","displayName":null,"description":null,"active":true,"source":[],"businessRuleDescription":"","ruleDescription":"This field has to be filled at all times","name":"nl1--nl1hr--nl1hr001--fte--9","filterRequired":true,"id":9,"qualityDimension":"Completeness","expressionVersion":"1","fields":[{"guid":"f4c7440d-e98d-4beb-ba58-e211a6c0d367","typeName":"m4i_field","uniqueAttributes":{"qualifiedName":"nl1--nl1hr--nl1hr001--fte"}}]},"guid":"58d2f74d-a654-486b-81f6-115fc94fe471","isIncomplete":false,"status":"ACTIVE","createdBy":"admin","updatedBy":"admin","createTime":1656522080758,"updateTime":1656522080758,"version":0,"relationshipAttributes":{"inputToProcesses":[],"pipeline":null,"schema":[],"ArchiMateReference":[],"model":null,"source":[{"guid":"2bee6dca-fea0-478b-824e-d97365d18bbe","typeName":"m4i_source","entityStatus":"ACTIVE","displayText":"/hr/hr/Data Dictionary_template.xlsm","relationshipType":"m4i_referenceable_source_assignment","relationshipGuid":"b6ebaaa4-94fe-4372-b164-e9b1c4591b06","relationshipStatus":"ACTIVE","relationshipAttributes":{"typeName":"m4i_referenceable_source_assignment"}}],"fields":[{"guid":"f4c7440d-e98d-4beb-ba58-e211a6c0d367","typeName":"m4i_field","entityStatus":"ACTIVE","displayText":"FTE","relationshipType":"m4i_data_quality_field_assignment","relationshipGuid":"db989eb2-a1e9-4180-a446-79ed1d390e34","relationshipStatus":"ACTIVE","relationshipAttributes":{"typeName":"m4i_data_quality_field_assignment"}}],"meanings":[],"outputFromProcesses":[]},"labels":[]}}