{"referredEntities":{},"entity":{"typeName":"m4i_data_quality","attributes":{"owner":null,"archimateReference":[],"expression":"formatting('FULL_NAME', r'^[a-zA-Z\\s\\.]+$')","replicatedTo":null,"userDescription":null,"replicatedFrom":null,"qualifiedName":"nl1--nl1hr--nl1hr001--fullname--20","displayName":null,"description":null,"active":false,"source":[],"businessRuleDescription":"","ruleDescription":"This field has to be in text format, and it is accepted to write this value in capital letters.","name":"nl1--nl1hr--nl1hr001--fullname--20","filterRequired":true,"id":20,"qualityDimension":"Accuracy","expressionVersion":"1","fields":[{"guid":"ef2574a8-ac41-4f14-ba4a-a29974117b60","typeName":"m4i_field","uniqueAttributes":{"qualifiedName":"nl1--nl1hr--nl1hr001--fullname"}}]},"guid":"5e4bce72-89e5-47f9-b498-cf1d53036522","isIncomplete":false,"status":"ACTIVE","createdBy":"admin","updatedBy":"admin","createTime":1656522080758,"updateTime":1656522080758,"version":0,"relationshipAttributes":{"inputToProcesses":[],"pipeline":null,"schema":[],"ArchiMateReference":[],"model":null,"source":[{"guid":"2bee6dca-fea0-478b-824e-d97365d18bbe","typeName":"m4i_source","entityStatus":"ACTIVE","displayText":"/hr/hr/Data Dictionary_template.xlsm","relationshipType":"m4i_referenceable_source_assignment","relationshipGuid":"2195bc2e-1f07-4f78-b923-9fa84a1d3898","relationshipStatus":"ACTIVE","relationshipAttributes":{"typeName":"m4i_referenceable_source_assignment"}}],"fields":[{"guid":"ef2574a8-ac41-4f14-ba4a-a29974117b60","typeName":"m4i_field","entityStatus":"ACTIVE","displayText":"FULLNAME","relationshipType":"m4i_data_quality_field_assignment","relationshipGuid":"71a73929-1d8f-4f0c-87c3-c51f23c51b01","relationshipStatus":"ACTIVE","relationshipAttributes":{"typeName":"m4i_data_quality_field_assignment"}}],"meanings":[],"outputFromProcesses":[]},"labels":[]}}