{"referredEntities":{},"entity":{"typeName":"m4i_data_attribute","attributes":{"archimateReference":[],"replicatedTo":null,"replicatedFrom":null,"steward":[{"guid":"265dad2b-2fc0-44c3-a828-06476d5f1e38","typeName":"m4i_person","uniqueAttributes":{"qualifiedName":"iris.jacobs@email.com","email":"iris.jacobs@email.com"}}],"qualifiedName":"plant-data--downtime-events--downtimeduration","dataEntity":[{"guid":"fd88a9c5-9393-4843-85db-7881c68d9134","typeName":"m4i_data_entity","uniqueAttributes":{"qualifiedName":"plant-data--downtime-events"}}],"source":[],"isKeyData":"No","hasPII":null,"attributeType":"Numeric","name":"DownTimeDuration","definition":"This attribute yields the duruation of the downtime","riskClassification":"Low","fields":[{"guid":"64412064-a5f2-4bab-a181-64f30ff8daf6","typeName":"m4i_field","uniqueAttributes":{"qualifiedName":"nl3--nl3plant--nl3plant002--downtimeduration"}}],"businessOwner":[{"guid":"dc408458-fd6d-4080-a324-9900585d1146","typeName":"m4i_person","uniqueAttributes":{"qualifiedName":"jane.martens@email.com","email":"jane.martens@email.com"}}]},"guid":"62d022bf-3005-4ff2-aa26-d110c2b0d5b2","isIncomplete":false,"status":"ACTIVE","createdBy":"admin","updatedBy":"admin","createTime":1656521955001,"updateTime":1656522073615,"version":0,"relationshipAttributes":{"ArchiMateReference":[],"steward":[{"guid":"265dad2b-2fc0-44c3-a828-06476d5f1e38","typeName":"m4i_person","entityStatus":"ACTIVE","displayText":"Iris Jacobs","relationshipType":"m4i_data_attribute_steward_assignment","relationshipGuid":"a199322c-c2b1-440c-bc25-185812620d5d","relationshipStatus":"ACTIVE","relationshipAttributes":{"typeName":"m4i_data_attribute_steward_assignment"}}],"dataEntity":[{"guid":"fd88a9c5-9393-4843-85db-7881c68d9134","typeName":"m4i_data_entity","entityStatus":"ACTIVE","displayText":"downtime events","relationshipType":"m4i_data_entity_attribute_assignment","relationshipGuid":"c7ddca25-3162-46d9-ab07-44c8754b0897","relationshipStatus":"ACTIVE","relationshipAttributes":{"typeName":"m4i_data_entity_attribute_assignment"}}],"source":[{"guid":"2bee6dca-fea0-478b-824e-d97365d18bbe","typeName":"m4i_source","entityStatus":"ACTIVE","displayText":"/hr/hr/Data Dictionary_template.xlsm","relationshipType":"m4i_referenceable_source_assignment","relationshipGuid":"b9962bc1-aa21-4d0f-88cd-313941272499","relationshipStatus":"ACTIVE","relationshipAttributes":{"typeName":"m4i_referenceable_source_assignment"}}],"fields":[{"guid":"64412064-a5f2-4bab-a181-64f30ff8daf6","typeName":"m4i_field","entityStatus":"ACTIVE","displayText":"DownTimeDuration","relationshipType":"m4i_data_attribute_field_assignment","relationshipGuid":"bba67562-96ae-48fb-9649-edc9733b3701","relationshipStatus":"ACTIVE","relationshipAttributes":{"typeName":"m4i_data_attribute_field_assignment"}}],"businessOwner":[{"guid":"dc408458-fd6d-4080-a324-9900585d1146","typeName":"m4i_person","entityStatus":"ACTIVE","displayText":"Jane Martens","relationshipType":"m4i_data_attribute_business_owner_assignment","relationshipGuid":"3e199c96-8187-477d-b080-e884f12e88d7","relationshipStatus":"ACTIVE","relationshipAttributes":{"typeName":"m4i_data_attribute_business_owner_assignment"}}],"meanings":[]},"classifications":[{"typeName":"low_risk","entityGuid":"62d022bf-3005-4ff2-aa26-d110c2b0d5b2","entityStatus":"ACTIVE","propagate":true,"validityPeriods":[],"removePropagationsOnEntityDelete":true}],"labels":[]}}