{"referredEntities":{},"entity":{"typeName":"m4i_person","attributes":{"archimateReference":[],"replicatedTo":null,"replicatedFrom":null,"qualifiedName":"summer.reid@email.com","name":"Summer Reid","source":[],"email":"summer.reid@email.com"},"guid":"665870e3-92cb-4dae-b58e-f4db45a7af38","isIncomplete":false,"status":"ACTIVE","createdBy":"admin","updatedBy":"admin","createTime":1656521943868,"updateTime":1656521955001,"version":0,"relationshipAttributes":{"indexPatterns":[],"stewardAttribute":[],"ArchiMateReference":[],"visualizations":[],"domainLead":[],"businessOwnerAttribute":[{"guid":"2c68e06b-c179-4c98-ad42-30698df0fe4c","typeName":"m4i_data_attribute","entityStatus":"ACTIVE","displayText":"Employee Number","relationshipType":"m4i_data_attribute_business_owner_assignment","relationshipGuid":"45455df4-3c19-4541-a19c-5d83f2df664f","relationshipStatus":"ACTIVE","relationshipAttributes":{"typeName":"m4i_data_attribute_business_owner_assignment"}},{"guid":"6b0e188f-91f0-4f5d-9dd4-cb9fb6c51619","typeName":"m4i_data_attribute","entityStatus":"ACTIVE","displayText":"Payroll","relationshipType":"m4i_data_attribute_business_owner_assignment","relationshipGuid":"85d4bfe1-2fce-4fff-b82c-564b5aef0a72","relationshipStatus":"ACTIVE","relationshipAttributes":{"typeName":"m4i_data_attribute_business_owner_assignment"}},{"guid":"9c219981-ca51-4513-be10-572cfe9ac5ed","typeName":"m4i_data_attribute","entityStatus":"ACTIVE","displayText":"Hierarchical Organization","relationshipType":"m4i_data_attribute_business_owner_assignment","relationshipGuid":"24bd9628-2a42-49d4-8172-c1f245895a16","relationshipStatus":"ACTIVE","relationshipAttributes":{"typeName":"m4i_data_attribute_business_owner_assignment"}},{"guid":"f1c0f8f1-4f0b-468b-9c43-ebf429500e35","typeName":"m4i_data_attribute","entityStatus":"ACTIVE","displayText":"Job Name","relationshipType":"m4i_data_attribute_business_owner_assignment","relationshipGuid":"54305609-cbd0-4520-8251-c6cfb81fb176","relationshipStatus":"ACTIVE","relationshipAttributes":{"typeName":"m4i_data_attribute_business_owner_assignment"}},{"guid":"3e5d4165-e92e-414e-8dba-a61ffd799e17","typeName":"m4i_data_attribute","entityStatus":"ACTIVE","displayText":"Location","relationshipType":"m4i_data_attribute_business_owner_assignment","relationshipGuid":"96e0de37-4cf3-41c3-8872-ecd2e384bd10","relationshipStatus":"ACTIVE","relationshipAttributes":{"typeName":"m4i_data_attribute_business_owner_assignment"}},{"guid":"a017e19f-e150-4dda-b73f-2d135dd07d06","typeName":"m4i_data_attribute","entityStatus":"ACTIVE","displayText":"People Group","relationshipType":"m4i_data_attribute_business_owner_assignment","relationshipGuid":"9110af9e-1664-401b-9e30-95b433f53a13","relationshipStatus":"ACTIVE","relationshipAttributes":{"typeName":"m4i_data_attribute_business_owner_assignment"}},{"guid":"c93b1aab-8378-4041-a3d3-65f913eb2d06","typeName":"m4i_data_attribute","entityStatus":"ACTIVE","displayText":"Fullname","relationshipType":"m4i_data_attribute_business_owner_assignment","relationshipGuid":"25463744-958e-4a08-9a57-f27e9824f335","relationshipStatus":"ACTIVE","relationshipAttributes":{"typeName":"m4i_data_attribute_business_owner_assignment"}},{"guid":"daa8ba7f-eab5-4727-ad5d-d6482a3c0f74","typeName":"m4i_data_attribute","entityStatus":"ACTIVE","displayText":"Functional Organization","relationshipType":"m4i_data_attribute_business_owner_assignment","relationshipGuid":"3d2605e3-6c7c-451c-bc32-249013a09777","relationshipStatus":"ACTIVE","relationshipAttributes":{"typeName":"m4i_data_attribute_business_owner_assignment"}},{"guid":"94a1c5f2-8639-4709-a0b7-ea4f4cef09d0","typeName":"m4i_data_attribute","entityStatus":"ACTIVE","displayText":"Basket","relationshipType":"m4i_data_attribute_business_owner_assignment","relationshipGuid":"e4ad0c40-1029-432f-a3e0-6bb41d1bc37a","relationshipStatus":"ACTIVE","relationshipAttributes":{"typeName":"m4i_data_attribute_business_owner_assignment"}},{"guid":"8436e4d8-2974-4149-bcaa-3579bf8626a9","typeName":"m4i_data_attribute","entityStatus":"ACTIVE","displayText":"Full Time Equivalent","relationshipType":"m4i_data_attribute_business_owner_assignment","relationshipGuid":"4d28c9e4-ecf0-45b8-9c46-371ef46d7c66","relationshipStatus":"ACTIVE","relationshipAttributes":{"typeName":"m4i_data_attribute_business_owner_assignment"}},{"guid":"81890ca5-42f0-44db-b03e-b130cfe16192","typeName":"m4i_data_attribute","entityStatus":"ACTIVE","displayText":"Placement","relationshipType":"m4i_data_attribute_business_owner_assignment","relationshipGuid":"c48d652f-5c59-41de-acb3-d26a724d8775","relationshipStatus":"ACTIVE","relationshipAttributes":{"typeName":"m4i_data_attribute_business_owner_assignment"}}],"source":[{"guid":"2bee6dca-fea0-478b-824e-d97365d18bbe","typeName":"m4i_source","entityStatus":"ACTIVE","displayText":"/hr/hr/Data Dictionary_template.xlsm","relationshipType":"m4i_referenceable_source_assignment","relationshipGuid":"f81157fd-26fc-406a-ba77-68c801ba64a1","relationshipStatus":"ACTIVE","relationshipAttributes":{"typeName":"m4i_referenceable_source_assignment"}}],"dashboards":[],"stewardEntity":[],"meanings":[],"businessOwnerEntity":[{"guid":"c0af931d-1cd3-4ecb-970f-ab804d289ada","typeName":"m4i_data_entity","entityStatus":"ACTIVE","displayText":"External","relationshipType":"m4i_data_entity_business_owner_assignment","relationshipGuid":"5a09ebaf-371f-4a42-aa58-a6eea9d10c54","relationshipStatus":"ACTIVE","relationshipAttributes":{"typeName":"m4i_data_entity_business_owner_assignment"}}],"ProcessOwner":[]},"labels":[]}}