{"referredEntities":{},"entity":{"typeName":"m4i_field","attributes":{"archimateReference":[],"replicatedTo":null,"replicatedFrom":null,"hasContent":null,"steward":[],"qualifiedName":"nl3--nl3plant--nl3plant002--downtimereasonid","source":[],"datasets":[{"guid":"4086f053-a8c9-4382-af9e-e4e08effd3c9","typeName":"m4i_dataset","uniqueAttributes":{"qualifiedName":"nl3--nl3plant--nl3plant002"}}],"parentField":[],"optionalField":null,"name":"DownTimeReasonId","definition":null,"attributes":[{"guid":"af1558ee-8133-4cb8-8fd6-9e571bf4a512","typeName":"m4i_data_attribute","uniqueAttributes":{"qualifiedName":"plant-data--downtime-events--downtimereasonid"}}],"fieldType":"Numeric","childField":[]},"guid":"668abdec-9e7a-45a1-9484-b9a89b92561e","isIncomplete":false,"status":"ACTIVE","createdBy":"admin","updatedBy":"admin","createTime":1656522073615,"updateTime":1656522073615,"version":0,"relationshipAttributes":{"ArchiMateReference":[],"dataQuality":[],"attributes":[{"guid":"af1558ee-8133-4cb8-8fd6-9e571bf4a512","typeName":"m4i_data_attribute","entityStatus":"ACTIVE","displayText":"DownTimeReasonId","relationshipType":"m4i_data_attribute_field_assignment","relationshipGuid":"a3a1c292-08a3-4ece-ad01-352c97c4c511","relationshipStatus":"ACTIVE","relationshipAttributes":{"typeName":"m4i_data_attribute_field_assignment"}}],"datasets":[{"guid":"4086f053-a8c9-4382-af9e-e4e08effd3c9","typeName":"m4i_dataset","entityStatus":"ACTIVE","displayText":"NL3-PLANT-002","relationshipType":"m4i_field_assignment","relationshipGuid":"dc56abc8-f6df-405b-b645-5e4caa9f54a4","relationshipStatus":"ACTIVE","relationshipAttributes":{"typeName":"m4i_field_assignment","attributes":{"typeInformation":null}}}],"source":[{"guid":"2bee6dca-fea0-478b-824e-d97365d18bbe","typeName":"m4i_source","entityStatus":"ACTIVE","displayText":"/hr/hr/Data Dictionary_template.xlsm","relationshipType":"m4i_referenceable_source_assignment","relationshipGuid":"c829afd0-ebec-46a7-97f4-665f2b0452f6","relationshipStatus":"ACTIVE","relationshipAttributes":{"typeName":"m4i_referenceable_source_assignment"}}],"parentField":[],"meanings":[],"childField":[]},"classifications":[{"typeName":"low_risk","entityGuid":"af1558ee-8133-4cb8-8fd6-9e571bf4a512","entityStatus":"ACTIVE","propagate":true,"validityPeriods":[],"removePropagationsOnEntityDelete":true}],"labels":[]}}