{"referredEntities":{},"entity":{"typeName":"m4i_field","attributes":{"archimateReference":[],"replicatedTo":null,"replicatedFrom":null,"hasContent":null,"steward":[],"qualifiedName":"nl2--nl2proc--nl2proc001--opstate","source":[],"datasets":[{"guid":"04d4f33f-fd0d-46bc-8336-85f25f2916b2","typeName":"m4i_dataset","uniqueAttributes":{"qualifiedName":"nl2--nl2proc--nl2proc001"}}],"parentField":[],"optionalField":null,"name":"OpState","definition":null,"attributes":[{"guid":"cb9ef4bc-4c68-4510-8816-f5e439105f2b","typeName":"m4i_data_attribute","uniqueAttributes":{"qualifiedName":"procurement--company-information--operating-state"}}],"fieldType":"Text","childField":[]},"guid":"6c231364-2b1a-4a6b-abcb-1fd7e8869834","isIncomplete":false,"status":"ACTIVE","createdBy":"admin","updatedBy":"admin","createTime":1656521999177,"updateTime":1656522073615,"version":0,"relationshipAttributes":{"ArchiMateReference":[],"dataQuality":[],"attributes":[{"guid":"cb9ef4bc-4c68-4510-8816-f5e439105f2b","typeName":"m4i_data_attribute","entityStatus":"ACTIVE","displayText":"Operating State","relationshipType":"m4i_data_attribute_field_assignment","relationshipGuid":"a632c2a4-7d6a-48bb-b01d-c4a4849d781b","relationshipStatus":"ACTIVE","relationshipAttributes":{"typeName":"m4i_data_attribute_field_assignment"}}],"datasets":[{"guid":"04d4f33f-fd0d-46bc-8336-85f25f2916b2","typeName":"m4i_dataset","entityStatus":"ACTIVE","displayText":"NL2-PROC-001","relationshipType":"m4i_field_assignment","relationshipGuid":"5a8add6b-7b4d-4a30-b60e-cacfa000397d","relationshipStatus":"DELETED","relationshipAttributes":{"typeName":"m4i_field_assignment","attributes":{"typeInformation":null}}}],"source":[{"guid":"2bee6dca-fea0-478b-824e-d97365d18bbe","typeName":"m4i_source","entityStatus":"ACTIVE","displayText":"/hr/hr/Data Dictionary_template.xlsm","relationshipType":"m4i_referenceable_source_assignment","relationshipGuid":"19341744-da12-457c-b7c2-dc9acff7e4a7","relationshipStatus":"ACTIVE","relationshipAttributes":{"typeName":"m4i_referenceable_source_assignment"}}],"parentField":[],"meanings":[],"childField":[]},"classifications":[{"typeName":"PII","entityGuid":"cb9ef4bc-4c68-4510-8816-f5e439105f2b","entityStatus":"ACTIVE","propagate":true,"validityPeriods":[],"removePropagationsOnEntityDelete":true},{"typeName":"key_data","entityGuid":"cb9ef4bc-4c68-4510-8816-f5e439105f2b","entityStatus":"ACTIVE","propagate":true,"validityPeriods":[],"removePropagationsOnEntityDelete":true},{"typeName":"medium_risk","entityGuid":"cb9ef4bc-4c68-4510-8816-f5e439105f2b","entityStatus":"ACTIVE","propagate":true,"validityPeriods":[],"removePropagationsOnEntityDelete":true}],"labels":[]}}