{"referredEntities":{},"entity":{"typeName":"m4i_data_domain","attributes":{"archimateReference":[],"replicatedTo":null,"replicatedFrom":null,"qualifiedName":"finance","domainLead":[{"guid":"744dc435-d410-4196-9437-20c622c160f3","typeName":"m4i_person","uniqueAttributes":{"qualifiedName":"eveline.daphne@email.com","email":"eveline.daphne@email.com"}}],"name":"Finance","dataEntity":[{"guid":"114af845-1ccc-4534-a1f2-45f136959c6e","typeName":"m4i_data_entity","uniqueAttributes":{"qualifiedName":"finance--cost-centre"}}],"definition":"This data domain contains data from the finance department","source":[]},"guid":"6f3a7542-9f15-4753-bb19-65d29fcdc330","isIncomplete":false,"status":"ACTIVE","createdBy":"admin","updatedBy":"admin","createTime":1656521947184,"updateTime":1656522069890,"version":0,"relationshipAttributes":{"ArchiMateReference":[],"domainLead":[{"guid":"744dc435-d410-4196-9437-20c622c160f3","typeName":"m4i_person","entityStatus":"ACTIVE","displayText":"Eveline Daphne","relationshipType":"m4i_domainLead_assignment","relationshipGuid":"1ae405af-89b7-4664-b67a-ad6b84c2fb1d","relationshipStatus":"ACTIVE","relationshipAttributes":{"typeName":"m4i_domainLead_assignment"}}],"dataEntity":[{"guid":"114af845-1ccc-4534-a1f2-45f136959c6e","typeName":"m4i_data_entity","entityStatus":"ACTIVE","displayText":"Cost Centre","relationshipType":"m4i_data_entity_assignment","relationshipGuid":"b4efd569-e7a2-43b3-a9d6-322a89e82803","relationshipStatus":"ACTIVE","relationshipAttributes":{"typeName":"m4i_data_entity_assignment"}}],"source":[{"guid":"2bee6dca-fea0-478b-824e-d97365d18bbe","typeName":"m4i_source","entityStatus":"ACTIVE","displayText":"/hr/hr/Data Dictionary_template.xlsm","relationshipType":"m4i_referenceable_source_assignment","relationshipGuid":"9056d8f1-2dee-445b-9b4d-983f949e773c","relationshipStatus":"ACTIVE","relationshipAttributes":{"typeName":"m4i_referenceable_source_assignment"}}],"meanings":[]},"labels":[]}}