{"referredEntities":{},"entity":{"typeName":"m4i_data_quality","attributes":{"owner":null,"archimateReference":[],"expression":"validity('BASKET_ORG', [ 'Project', 'Generic',  'Specific'])","replicatedTo":null,"userDescription":null,"replicatedFrom":null,"qualifiedName":"nl1--nl1hr--nl1hr001--basket--25","displayName":null,"description":null,"active":true,"source":[],"businessRuleDescription":"","ruleDescription":"This field must be filled with one of the following values: 'Project', 'Generic', 'Specific'","name":"nl1--nl1hr--nl1hr001--basket--25","filterRequired":true,"id":25,"qualityDimension":"Accuracy","expressionVersion":"1","fields":[{"guid":"1bfbe44b-f4a4-4120-88ad-2fa05c15188e","typeName":"m4i_field","uniqueAttributes":{"qualifiedName":"nl1--nl1hr--nl1hr001--basket"}}]},"guid":"6fc09dec-b9b6-46eb-b195-47160c1636ba","isIncomplete":false,"status":"ACTIVE","createdBy":"admin","updatedBy":"admin","createTime":1656522080758,"updateTime":1656522080758,"version":0,"relationshipAttributes":{"inputToProcesses":[],"pipeline":null,"schema":[],"ArchiMateReference":[],"model":null,"source":[{"guid":"2bee6dca-fea0-478b-824e-d97365d18bbe","typeName":"m4i_source","entityStatus":"ACTIVE","displayText":"/hr/hr/Data Dictionary_template.xlsm","relationshipType":"m4i_referenceable_source_assignment","relationshipGuid":"9ed884d5-7d48-4df9-999f-afa528072991","relationshipStatus":"ACTIVE","relationshipAttributes":{"typeName":"m4i_referenceable_source_assignment"}}],"fields":[{"guid":"1bfbe44b-f4a4-4120-88ad-2fa05c15188e","typeName":"m4i_field","entityStatus":"ACTIVE","displayText":"BASKET","relationshipType":"m4i_data_quality_field_assignment","relationshipGuid":"3ef5a979-a788-458a-a16d-20307d1e65a3","relationshipStatus":"ACTIVE","relationshipAttributes":{"typeName":"m4i_data_quality_field_assignment"}}],"meanings":[],"outputFromProcesses":[]},"labels":[]}}