{"referredEntities":{},"entity":{"typeName":"m4i_person","attributes":{"archimateReference":[],"replicatedTo":null,"replicatedFrom":null,"qualifiedName":"charlotte.evers@email.com","name":"Charlotte Evers","source":[],"email":"charlotte.evers@email.com"},"guid":"727fe434-7fbd-49f2-8697-20c628fdb5a8","isIncomplete":false,"status":"ACTIVE","createdBy":"admin","updatedBy":"admin","createTime":1656521943868,"updateTime":1656521947184,"version":0,"relationshipAttributes":{"indexPatterns":[],"stewardAttribute":[],"ArchiMateReference":[],"visualizations":[],"domainLead":[{"guid":"a7e09499-72d5-451e-a75a-862d75d99f4d","typeName":"m4i_data_domain","entityStatus":"ACTIVE","displayText":"Quality Control","relationshipType":"m4i_domainLead_assignment","relationshipGuid":"2fab446b-abaf-48be-b2df-16f92ddbb0ac","relationshipStatus":"ACTIVE","relationshipAttributes":{"typeName":"m4i_domainLead_assignment"}}],"businessOwnerAttribute":[],"source":[{"guid":"2bee6dca-fea0-478b-824e-d97365d18bbe","typeName":"m4i_source","entityStatus":"ACTIVE","displayText":"/hr/hr/Data Dictionary_template.xlsm","relationshipType":"m4i_referenceable_source_assignment","relationshipGuid":"34acbd95-859d-47fd-9afc-519a0d7b5ccc","relationshipStatus":"ACTIVE","relationshipAttributes":{"typeName":"m4i_referenceable_source_assignment"}}],"dashboards":[],"stewardEntity":[],"meanings":[],"businessOwnerEntity":[],"ProcessOwner":[]},"labels":[]}}