{"referredEntities":{},"entity":{"typeName":"m4i_data_attribute","attributes":{"archimateReference":[],"replicatedTo":null,"replicatedFrom":null,"steward":[{"guid":"265dad2b-2fc0-44c3-a828-06476d5f1e38","typeName":"m4i_person","uniqueAttributes":{"qualifiedName":"iris.jacobs@email.com","email":"iris.jacobs@email.com"}}],"qualifiedName":"plant-data--downtime-events--skuid","dataEntity":[{"guid":"fd88a9c5-9393-4843-85db-7881c68d9134","typeName":"m4i_data_entity","uniqueAttributes":{"qualifiedName":"plant-data--downtime-events"}}],"source":[],"isKeyData":"No","hasPII":null,"attributeType":"Date","name":"SKUId","definition":"This attribute yields the Id of the Stock Keeping Unit (SKU)","riskClassification":"Low","fields":[{"guid":"a42405e9-58b7-4528-be93-8d12bafcf984","typeName":"m4i_field","uniqueAttributes":{"qualifiedName":"nl3--nl3plant--nl3plant002--skuid"}}],"businessOwner":[{"guid":"dc408458-fd6d-4080-a324-9900585d1146","typeName":"m4i_person","uniqueAttributes":{"qualifiedName":"jane.martens@email.com","email":"jane.martens@email.com"}}]},"guid":"764adae5-f5e5-4477-8fb1-6a06cf2200da","isIncomplete":false,"status":"ACTIVE","createdBy":"admin","updatedBy":"admin","createTime":1656521955001,"updateTime":1656522073615,"version":0,"relationshipAttributes":{"ArchiMateReference":[],"steward":[{"guid":"265dad2b-2fc0-44c3-a828-06476d5f1e38","typeName":"m4i_person","entityStatus":"ACTIVE","displayText":"Iris Jacobs","relationshipType":"m4i_data_attribute_steward_assignment","relationshipGuid":"4e283b72-b3c3-4ce9-9b26-15d86851ecde","relationshipStatus":"ACTIVE","relationshipAttributes":{"typeName":"m4i_data_attribute_steward_assignment"}}],"dataEntity":[{"guid":"fd88a9c5-9393-4843-85db-7881c68d9134","typeName":"m4i_data_entity","entityStatus":"ACTIVE","displayText":"downtime events","relationshipType":"m4i_data_entity_attribute_assignment","relationshipGuid":"7aba1c69-5efd-4744-b6d8-58ec5ba33f36","relationshipStatus":"ACTIVE","relationshipAttributes":{"typeName":"m4i_data_entity_attribute_assignment"}}],"source":[{"guid":"2bee6dca-fea0-478b-824e-d97365d18bbe","typeName":"m4i_source","entityStatus":"ACTIVE","displayText":"/hr/hr/Data Dictionary_template.xlsm","relationshipType":"m4i_referenceable_source_assignment","relationshipGuid":"75fd8ad4-abc4-434f-b945-85d340172a4e","relationshipStatus":"ACTIVE","relationshipAttributes":{"typeName":"m4i_referenceable_source_assignment"}}],"fields":[{"guid":"a42405e9-58b7-4528-be93-8d12bafcf984","typeName":"m4i_field","entityStatus":"ACTIVE","displayText":"SKUId","relationshipType":"m4i_data_attribute_field_assignment","relationshipGuid":"a598b890-fd3c-41a8-8584-93272d4fcbe3","relationshipStatus":"ACTIVE","relationshipAttributes":{"typeName":"m4i_data_attribute_field_assignment"}}],"businessOwner":[{"guid":"dc408458-fd6d-4080-a324-9900585d1146","typeName":"m4i_person","entityStatus":"ACTIVE","displayText":"Jane Martens","relationshipType":"m4i_data_attribute_business_owner_assignment","relationshipGuid":"f689dafb-01ab-42ba-b277-89228c0a8909","relationshipStatus":"ACTIVE","relationshipAttributes":{"typeName":"m4i_data_attribute_business_owner_assignment"}}],"meanings":[]},"classifications":[{"typeName":"low_risk","entityGuid":"764adae5-f5e5-4477-8fb1-6a06cf2200da","entityStatus":"ACTIVE","propagate":true,"validityPeriods":[],"removePropagationsOnEntityDelete":true}],"labels":[]}}