{"referredEntities":{},"entity":{"typeName":"m4i_person","attributes":{"archimateReference":[],"replicatedTo":null,"replicatedFrom":null,"qualifiedName":"gerard.rodolf@email.com","name":"Gerard Rodolf","source":[],"email":"gerard.rodolf@email.com"},"guid":"777d4125-b3b7-4957-bf86-b1b0989c76a6","isIncomplete":false,"status":"ACTIVE","createdBy":"admin","updatedBy":"admin","createTime":1656521943868,"updateTime":1656521947184,"version":0,"relationshipAttributes":{"indexPatterns":[],"stewardAttribute":[],"ArchiMateReference":[],"visualizations":[],"domainLead":[{"guid":"d56db187-2627-41a6-8698-f74d4b76227e","typeName":"m4i_data_domain","entityStatus":"ACTIVE","displayText":"Personnel and Organization","relationshipType":"m4i_domainLead_assignment","relationshipGuid":"d7cbff75-0c2d-41db-8018-e22bb2c7dad5","relationshipStatus":"ACTIVE","relationshipAttributes":{"typeName":"m4i_domainLead_assignment"}}],"businessOwnerAttribute":[],"source":[{"guid":"2bee6dca-fea0-478b-824e-d97365d18bbe","typeName":"m4i_source","entityStatus":"ACTIVE","displayText":"/hr/hr/Data Dictionary_template.xlsm","relationshipType":"m4i_referenceable_source_assignment","relationshipGuid":"23970248-b36a-43c5-9b5d-3a65312a23e0","relationshipStatus":"ACTIVE","relationshipAttributes":{"typeName":"m4i_referenceable_source_assignment"}}],"dashboards":[],"stewardEntity":[],"meanings":[],"businessOwnerEntity":[],"ProcessOwner":[]},"labels":[]}}