{"referredEntities":{},"entity":{"typeName":"m4i_field","attributes":{"archimateReference":[],"replicatedTo":null,"replicatedFrom":null,"hasContent":null,"steward":[],"qualifiedName":"nl2--nl2proc--nl2proc001--zipcode","source":[],"datasets":[{"guid":"04d4f33f-fd0d-46bc-8336-85f25f2916b2","typeName":"m4i_dataset","uniqueAttributes":{"qualifiedName":"nl2--nl2proc--nl2proc001"}}],"parentField":[],"optionalField":null,"name":"ZIPcode","definition":null,"attributes":[{"guid":"c413fb3a-bb3f-4ea1-a2c0-d9a9adbc2149","typeName":"m4i_data_attribute","uniqueAttributes":{"qualifiedName":"procurement--company-information--zipcode"}}],"fieldType":"Text","childField":[]},"guid":"790aea88-92ab-4d89-a9d9-7973fbbffa55","isIncomplete":false,"status":"ACTIVE","createdBy":"admin","updatedBy":"admin","createTime":1656521996063,"updateTime":1656522073615,"version":0,"relationshipAttributes":{"ArchiMateReference":[],"dataQuality":[],"attributes":[{"guid":"c413fb3a-bb3f-4ea1-a2c0-d9a9adbc2149","typeName":"m4i_data_attribute","entityStatus":"ACTIVE","displayText":"Zipcode","relationshipType":"m4i_data_attribute_field_assignment","relationshipGuid":"011466c7-3cc3-443d-8adc-fa9597bdcdb1","relationshipStatus":"ACTIVE","relationshipAttributes":{"typeName":"m4i_data_attribute_field_assignment"}}],"datasets":[{"guid":"04d4f33f-fd0d-46bc-8336-85f25f2916b2","typeName":"m4i_dataset","entityStatus":"ACTIVE","displayText":"NL2-PROC-001","relationshipType":"m4i_field_assignment","relationshipGuid":"744afc0d-8cbf-4c64-ab2c-ed96e40020e9","relationshipStatus":"DELETED","relationshipAttributes":{"typeName":"m4i_field_assignment","attributes":{"typeInformation":null}}}],"source":[{"guid":"2bee6dca-fea0-478b-824e-d97365d18bbe","typeName":"m4i_source","entityStatus":"ACTIVE","displayText":"/hr/hr/Data Dictionary_template.xlsm","relationshipType":"m4i_referenceable_source_assignment","relationshipGuid":"06e36b91-b5a8-4a59-8266-17c152a61097","relationshipStatus":"ACTIVE","relationshipAttributes":{"typeName":"m4i_referenceable_source_assignment"}}],"parentField":[],"meanings":[],"childField":[]},"classifications":[{"typeName":"PII","entityGuid":"c413fb3a-bb3f-4ea1-a2c0-d9a9adbc2149","entityStatus":"ACTIVE","propagate":true,"validityPeriods":[],"removePropagationsOnEntityDelete":true},{"typeName":"medium_risk","entityGuid":"c413fb3a-bb3f-4ea1-a2c0-d9a9adbc2149","entityStatus":"ACTIVE","propagate":true,"validityPeriods":[],"removePropagationsOnEntityDelete":true},{"typeName":"key_data","entityGuid":"c413fb3a-bb3f-4ea1-a2c0-d9a9adbc2149","entityStatus":"ACTIVE","propagate":true,"validityPeriods":[],"removePropagationsOnEntityDelete":true}],"labels":[]}}