{"referredEntities":{},"entity":{"typeName":"m4i_data_quality","attributes":{"owner":null,"archimateReference":[],"expression":"completeness('PEOPLE_GROUP')","replicatedTo":null,"userDescription":null,"replicatedFrom":null,"qualifiedName":"nl1--nl1hr--nl1hr001--people_group--15","displayName":null,"description":null,"active":true,"source":[],"businessRuleDescription":"","ruleDescription":"This field has to be filled at all times","name":"nl1--nl1hr--nl1hr001--people_group--15","filterRequired":true,"id":15,"qualityDimension":"Completeness","expressionVersion":"1","fields":[{"guid":"983f281a-0437-4dab-a889-57d0d5b0ac96","typeName":"m4i_field","uniqueAttributes":{"qualifiedName":"nl1--nl1hr--nl1hr001--people_group"}}]},"guid":"7e6f71fe-0a01-4815-81af-0f8dd068e775","isIncomplete":false,"status":"ACTIVE","createdBy":"admin","updatedBy":"admin","createTime":1656522080758,"updateTime":1656522080758,"version":0,"relationshipAttributes":{"inputToProcesses":[],"pipeline":null,"schema":[],"ArchiMateReference":[],"model":null,"source":[{"guid":"2bee6dca-fea0-478b-824e-d97365d18bbe","typeName":"m4i_source","entityStatus":"ACTIVE","displayText":"/hr/hr/Data Dictionary_template.xlsm","relationshipType":"m4i_referenceable_source_assignment","relationshipGuid":"97a4dfd6-7007-49cc-b4b7-dade0651db10","relationshipStatus":"ACTIVE","relationshipAttributes":{"typeName":"m4i_referenceable_source_assignment"}}],"fields":[{"guid":"983f281a-0437-4dab-a889-57d0d5b0ac96","typeName":"m4i_field","entityStatus":"ACTIVE","displayText":"PEOPLE_GROUP","relationshipType":"m4i_data_quality_field_assignment","relationshipGuid":"c1e869b6-23f4-4ee4-85b7-0d181315a8b8","relationshipStatus":"ACTIVE","relationshipAttributes":{"typeName":"m4i_data_quality_field_assignment"}}],"meanings":[],"outputFromProcesses":[]},"labels":[]}}