{"referredEntities":{},"entity":{"typeName":"m4i_data_entity","attributes":{"archimateReference":[],"replicatedTo":null,"replicatedFrom":null,"steward":[{"guid":"4f4948ae-2df0-437d-8c6a-e9cba5db8063","typeName":"m4i_person","uniqueAttributes":{"qualifiedName":"cornelis.kramer@email.com","email":"cornelis.kramer@email.com"}}],"qualifiedName":"personnel-and-organization--personnel--internal","parentEntity":[{"guid":"a4e20c5a-fd37-4fe4-9189-6c4e06f1f34d","typeName":"m4i_data_entity","uniqueAttributes":{"qualifiedName":"personnel-and-organization--personnel"}}],"source":[],"dataDomain":[],"childEntity":[],"name":"Internal","definition":"This entity contains information about the internal employees in the organization.","attributes":[{"guid":"6fab80e8-2d32-4a2f-8668-74078a14764c","typeName":"m4i_data_attribute","uniqueAttributes":{"qualifiedName":"personnel-and-organization--personnel--internal--placement"}},{"guid":"b4435642-bde8-46bb-80e4-8172a19bc6c7","typeName":"m4i_data_attribute","uniqueAttributes":{"qualifiedName":"personnel-and-organization--personnel--internal--basket"}},{"guid":"39496a21-bf35-4d73-b18f-13f03fc31cde","typeName":"m4i_data_attribute","uniqueAttributes":{"qualifiedName":"personnel-and-organization--personnel--internal--people-group"}},{"guid":"dc022091-fdbc-444e-9966-a3b296525c84","typeName":"m4i_data_attribute","uniqueAttributes":{"qualifiedName":"personnel-and-organization--personnel--internal--job-name"}},{"guid":"b1c3c1f1-7da0-4821-84ce-b8ec009b0f66","typeName":"m4i_data_attribute","uniqueAttributes":{"qualifiedName":"personnel-and-organization--personnel--internal--employee-number"}},{"guid":"467de671-6003-4191-a49d-3a5b311018b6","typeName":"m4i_data_attribute","uniqueAttributes":{"qualifiedName":"personnel-and-organization--personnel--internal--full-time-equivalent"}},{"guid":"630f2093-27fd-4454-af91-fc2be86f93e8","typeName":"m4i_data_attribute","uniqueAttributes":{"qualifiedName":"personnel-and-organization--personnel--internal--payroll"}},{"guid":"f581f528-9207-43f5-99bb-26f258efe062","typeName":"m4i_data_attribute","uniqueAttributes":{"qualifiedName":"personnel-and-organization--personnel--internal--location"}},{"guid":"444c163e-b201-47bd-9b3a-9c1c9d33a4bb","typeName":"m4i_data_attribute","uniqueAttributes":{"qualifiedName":"personnel-and-organization--personnel--internal--fullname"}},{"guid":"b4bf70d3-1121-408e-bcf9-39e96a13d980","typeName":"m4i_data_attribute","uniqueAttributes":{"qualifiedName":"personnel-and-organization--personnel--internal--functional-organization"}},{"guid":"9928b372-dca2-4fba-99f3-6b99da65b4af","typeName":"m4i_data_attribute","uniqueAttributes":{"qualifiedName":"personnel-and-organization--personnel--internal--hierarchical-organization"}}],"businessOwner":[{"guid":"45e581d9-452c-4d48-98e0-452b7a109efb","typeName":"m4i_person","uniqueAttributes":{"qualifiedName":"merel.hofman@email.com","email":"merel.hofman@email.com"}}]},"guid":"818f6d40-b74d-4971-a039-efe8ccdc8f5b","isIncomplete":false,"status":"ACTIVE","createdBy":"admin","updatedBy":"admin","createTime":1656521950011,"updateTime":1656522070128,"version":0,"relationshipAttributes":{"ArchiMateReference":[],"steward":[{"guid":"4f4948ae-2df0-437d-8c6a-e9cba5db8063","typeName":"m4i_person","entityStatus":"ACTIVE","displayText":"Cornelis Kramer","relationshipType":"m4i_data_entity_steward_assignment","relationshipGuid":"cfc294f6-61af-47a4-b899-3f77ec962f79","relationshipStatus":"ACTIVE","relationshipAttributes":{"typeName":"m4i_data_entity_steward_assignment"}}],"dataDomain":[],"parentEntity":[{"guid":"a4e20c5a-fd37-4fe4-9189-6c4e06f1f34d","typeName":"m4i_data_entity","entityStatus":"ACTIVE","displayText":"Personnel","relationshipType":"m4i_parent_entity_assignment","relationshipGuid":"8e293773-1330-4281-8bf8-906ec7efb519","relationshipStatus":"DELETED","relationshipAttributes":{"typeName":"m4i_parent_entity_assignment"}}],"childEntity":[],"attributes":[{"guid":"6fab80e8-2d32-4a2f-8668-74078a14764c","typeName":"m4i_data_attribute","entityStatus":"ACTIVE","displayText":"Placement","relationshipType":"m4i_data_entity_attribute_assignment","relationshipGuid":"26801df2-4e0a-4a42-bc6d-1237e57d8e86","relationshipStatus":"ACTIVE","relationshipAttributes":{"typeName":"m4i_data_entity_attribute_assignment"}},{"guid":"b4435642-bde8-46bb-80e4-8172a19bc6c7","typeName":"m4i_data_attribute","entityStatus":"ACTIVE","displayText":"Basket","relationshipType":"m4i_data_entity_attribute_assignment","relationshipGuid":"d5c5ecb9-3b37-4fe2-8320-2193a3e00a27","relationshipStatus":"ACTIVE","relationshipAttributes":{"typeName":"m4i_data_entity_attribute_assignment"}},{"guid":"39496a21-bf35-4d73-b18f-13f03fc31cde","typeName":"m4i_data_attribute","entityStatus":"ACTIVE","displayText":"People Group","relationshipType":"m4i_data_entity_attribute_assignment","relationshipGuid":"46a73e3f-b1b3-48bc-81e4-8842588ed720","relationshipStatus":"ACTIVE","relationshipAttributes":{"typeName":"m4i_data_entity_attribute_assignment"}},{"guid":"dc022091-fdbc-444e-9966-a3b296525c84","typeName":"m4i_data_attribute","entityStatus":"ACTIVE","displayText":"Job Name","relationshipType":"m4i_data_entity_attribute_assignment","relationshipGuid":"8539b76d-f103-4919-9434-cc1092c9d494","relationshipStatus":"ACTIVE","relationshipAttributes":{"typeName":"m4i_data_entity_attribute_assignment"}},{"guid":"b1c3c1f1-7da0-4821-84ce-b8ec009b0f66","typeName":"m4i_data_attribute","entityStatus":"ACTIVE","displayText":"Employee Number","relationshipType":"m4i_data_entity_attribute_assignment","relationshipGuid":"75a1a8e6-6665-4d7e-a6e0-4d153288b81c","relationshipStatus":"ACTIVE","relationshipAttributes":{"typeName":"m4i_data_entity_attribute_assignment"}},{"guid":"467de671-6003-4191-a49d-3a5b311018b6","typeName":"m4i_data_attribute","entityStatus":"ACTIVE","displayText":"Full Time Equivalent","relationshipType":"m4i_data_entity_attribute_assignment","relationshipGuid":"d5731263-3b4c-45c6-b013-b270b8c6dd0d","relationshipStatus":"ACTIVE","relationshipAttributes":{"typeName":"m4i_data_entity_attribute_assignment"}},{"guid":"630f2093-27fd-4454-af91-fc2be86f93e8","typeName":"m4i_data_attribute","entityStatus":"ACTIVE","displayText":"Payroll","relationshipType":"m4i_data_entity_attribute_assignment","relationshipGuid":"389b00a5-acad-47bf-9ea4-79bf7932f779","relationshipStatus":"ACTIVE","relationshipAttributes":{"typeName":"m4i_data_entity_attribute_assignment"}},{"guid":"f581f528-9207-43f5-99bb-26f258efe062","typeName":"m4i_data_attribute","entityStatus":"ACTIVE","displayText":"Location","relationshipType":"m4i_data_entity_attribute_assignment","relationshipGuid":"961c9f8f-001a-4cc6-ad14-65273d2a2af8","relationshipStatus":"ACTIVE","relationshipAttributes":{"typeName":"m4i_data_entity_attribute_assignment"}},{"guid":"444c163e-b201-47bd-9b3a-9c1c9d33a4bb","typeName":"m4i_data_attribute","entityStatus":"ACTIVE","displayText":"Fullname","relationshipType":"m4i_data_entity_attribute_assignment","relationshipGuid":"dc7fe0d7-d92d-4f09-8369-a2aa37ea59b6","relationshipStatus":"ACTIVE","relationshipAttributes":{"typeName":"m4i_data_entity_attribute_assignment"}},{"guid":"b4bf70d3-1121-408e-bcf9-39e96a13d980","typeName":"m4i_data_attribute","entityStatus":"ACTIVE","displayText":"Functional Organization","relationshipType":"m4i_data_entity_attribute_assignment","relationshipGuid":"caa7c929-692c-4070-9c30-8733439dde11","relationshipStatus":"ACTIVE","relationshipAttributes":{"typeName":"m4i_data_entity_attribute_assignment"}},{"guid":"9928b372-dca2-4fba-99f3-6b99da65b4af","typeName":"m4i_data_attribute","entityStatus":"ACTIVE","displayText":"Hierarchical Organization","relationshipType":"m4i_data_entity_attribute_assignment","relationshipGuid":"c924d30f-4ae2-4e66-8f84-0cda3741d69c","relationshipStatus":"ACTIVE","relationshipAttributes":{"typeName":"m4i_data_entity_attribute_assignment"}}],"source":[{"guid":"2bee6dca-fea0-478b-824e-d97365d18bbe","typeName":"m4i_source","entityStatus":"ACTIVE","displayText":"/hr/hr/Data Dictionary_template.xlsm","relationshipType":"m4i_referenceable_source_assignment","relationshipGuid":"48a335cf-7ed3-4b30-ad10-073ef3ba1870","relationshipStatus":"ACTIVE","relationshipAttributes":{"typeName":"m4i_referenceable_source_assignment"}}],"businessOwner":[{"guid":"45e581d9-452c-4d48-98e0-452b7a109efb","typeName":"m4i_person","entityStatus":"ACTIVE","displayText":"Merel Hofman","relationshipType":"m4i_data_entity_business_owner_assignment","relationshipGuid":"63bcded1-ba90-4ca8-b1e5-afe88b2b4fa1","relationshipStatus":"ACTIVE","relationshipAttributes":{"typeName":"m4i_data_entity_business_owner_assignment"}}],"meanings":[]},"classifications":[{"typeName":"high_risk","entityGuid":"444c163e-b201-47bd-9b3a-9c1c9d33a4bb","entityStatus":"ACTIVE","propagate":true,"validityPeriods":[],"removePropagationsOnEntityDelete":true},{"typeName":"PII","entityGuid":"444c163e-b201-47bd-9b3a-9c1c9d33a4bb","entityStatus":"ACTIVE","propagate":true,"validityPeriods":[],"removePropagationsOnEntityDelete":true}],"labels":[]}}