{"referredEntities":{},"entity":{"typeName":"m4i_person","attributes":{"archimateReference":[],"replicatedTo":null,"replicatedFrom":null,"qualifiedName":"gerrit.lorenz@email.com","name":"Gerrit Lorenz","source":[],"email":"gerrit.lorenz@email.com"},"guid":"899e3e6a-134f-40ec-b9ab-a95282fa8afc","isIncomplete":false,"status":"ACTIVE","createdBy":"admin","updatedBy":"admin","createTime":1656521943868,"updateTime":1656521955001,"version":0,"relationshipAttributes":{"indexPatterns":[],"stewardAttribute":[{"guid":"c20a7e7b-652b-48c7-9413-cf6f7683206d","typeName":"m4i_data_attribute","entityStatus":"ACTIVE","displayText":"Job Name","relationshipType":"m4i_data_attribute_steward_assignment","relationshipGuid":"f21dfa0f-0ab8-41de-aa8c-1aceccaefe84","relationshipStatus":"ACTIVE","relationshipAttributes":{"typeName":"m4i_data_attribute_steward_assignment"}},{"guid":"2f112ea8-8d2e-4539-a4f2-7da2af924d77","typeName":"m4i_data_attribute","entityStatus":"ACTIVE","displayText":"Const Center Employee","relationshipType":"m4i_data_attribute_steward_assignment","relationshipGuid":"f0e0b11e-10a9-4829-b032-0657795f84ad","relationshipStatus":"ACTIVE","relationshipAttributes":{"typeName":"m4i_data_attribute_steward_assignment"}}],"ArchiMateReference":[],"visualizations":[],"domainLead":[],"businessOwnerAttribute":[],"source":[{"guid":"2bee6dca-fea0-478b-824e-d97365d18bbe","typeName":"m4i_source","entityStatus":"ACTIVE","displayText":"/hr/hr/Data Dictionary_template.xlsm","relationshipType":"m4i_referenceable_source_assignment","relationshipGuid":"aa00f565-611a-431b-9a81-9b2690031e37","relationshipStatus":"ACTIVE","relationshipAttributes":{"typeName":"m4i_referenceable_source_assignment"}}],"dashboards":[],"stewardEntity":[{"guid":"114af845-1ccc-4534-a1f2-45f136959c6e","typeName":"m4i_data_entity","entityStatus":"ACTIVE","displayText":"Cost Centre","relationshipType":"m4i_data_entity_steward_assignment","relationshipGuid":"6c23d13e-e890-4c07-8a7a-a9374614a83f","relationshipStatus":"ACTIVE","relationshipAttributes":{"typeName":"m4i_data_entity_steward_assignment"}}],"meanings":[],"businessOwnerEntity":[],"ProcessOwner":[]},"labels":[]}}