{"referredEntities":{},"entity":{"typeName":"m4i_person","attributes":{"archimateReference":[],"replicatedTo":null,"replicatedFrom":null,"qualifiedName":"matthijs.groen@email.com","name":"Matthijs Groen","source":[],"email":"matthijs.groen@email.com"},"guid":"8c72d824-ee25-4131-a0b3-d9c91d7899ec","isIncomplete":false,"status":"ACTIVE","createdBy":"admin","updatedBy":"admin","createTime":1656521943868,"updateTime":1656521947184,"version":0,"relationshipAttributes":{"indexPatterns":[],"stewardAttribute":[],"ArchiMateReference":[],"visualizations":[],"domainLead":[{"guid":"971cfedd-09f7-47ad-bace-d0f9607f1097","typeName":"m4i_data_domain","entityStatus":"ACTIVE","displayText":"plant data","relationshipType":"m4i_domainLead_assignment","relationshipGuid":"cb5d0c84-ca66-4b3b-952a-11047af54929","relationshipStatus":"ACTIVE","relationshipAttributes":{"typeName":"m4i_domainLead_assignment"}}],"businessOwnerAttribute":[],"source":[{"guid":"2bee6dca-fea0-478b-824e-d97365d18bbe","typeName":"m4i_source","entityStatus":"ACTIVE","displayText":"/hr/hr/Data Dictionary_template.xlsm","relationshipType":"m4i_referenceable_source_assignment","relationshipGuid":"d97afa14-aa63-476f-b9be-169c85d7942b","relationshipStatus":"ACTIVE","relationshipAttributes":{"typeName":"m4i_referenceable_source_assignment"}}],"dashboards":[],"stewardEntity":[],"meanings":[],"businessOwnerEntity":[],"ProcessOwner":[]},"labels":[]}}