{"referredEntities":{},"entity":{"typeName":"m4i_data_quality","attributes":{"owner":null,"archimateReference":[],"expression":"validity('ORGANISATION', [])","replicatedTo":null,"userDescription":null,"replicatedFrom":null,"qualifiedName":"nl1--nl1hr--nl1hr001--organization--8","displayName":null,"description":null,"active":false,"source":[],"businessRuleDescription":"","ruleDescription":"This field has to be filled with a value that is defined in the organization table","name":"nl1--nl1hr--nl1hr001--organization--8","filterRequired":true,"id":8,"qualityDimension":"Accuracy","expressionVersion":"1","fields":[{"guid":"a1bd5ef8-9b3f-4d1a-848d-7eba1c9229d6","typeName":"m4i_field","uniqueAttributes":{"qualifiedName":"nl1--nl1hr--nl1hr001--organization"}}]},"guid":"96b58de9-5b42-44fd-ba11-1dd47cc13ace","isIncomplete":false,"status":"ACTIVE","createdBy":"admin","updatedBy":"admin","createTime":1656522080758,"updateTime":1656522080758,"version":0,"relationshipAttributes":{"inputToProcesses":[],"pipeline":null,"schema":[],"ArchiMateReference":[],"model":null,"source":[{"guid":"2bee6dca-fea0-478b-824e-d97365d18bbe","typeName":"m4i_source","entityStatus":"ACTIVE","displayText":"/hr/hr/Data Dictionary_template.xlsm","relationshipType":"m4i_referenceable_source_assignment","relationshipGuid":"5197ae5c-0bd0-4fc6-bdc2-c677784ed001","relationshipStatus":"ACTIVE","relationshipAttributes":{"typeName":"m4i_referenceable_source_assignment"}}],"fields":[{"guid":"a1bd5ef8-9b3f-4d1a-848d-7eba1c9229d6","typeName":"m4i_field","entityStatus":"ACTIVE","displayText":"ORGANIZATION","relationshipType":"m4i_data_quality_field_assignment","relationshipGuid":"bdfb887c-4dce-470f-8348-5982816826ff","relationshipStatus":"ACTIVE","relationshipAttributes":{"typeName":"m4i_data_quality_field_assignment"}}],"meanings":[],"outputFromProcesses":[]},"labels":[]}}