{"referredEntities":{},"entity":{"typeName":"m4i_data_entity","attributes":{"archimateReference":[],"replicatedTo":null,"replicatedFrom":null,"steward":[{"guid":"9e8c280b-b4f7-45e0-b287-49dddaf21e23","typeName":"m4i_person","uniqueAttributes":{"qualifiedName":"lore.brandt@email.com","email":"lore.brandt@email.com"}}],"qualifiedName":"procurement--company-contacts","parentEntity":[],"source":[],"dataDomain":[{"guid":"393d8dde-964a-4586-8202-fc984cd16f2a","typeName":"m4i_data_domain","uniqueAttributes":{"qualifiedName":"procurement"}}],"childEntity":[],"name":"Company Contacts","definition":"Data that represents how the supplier can be contacted","attributes":[{"guid":"ebc1227e-8331-48cd-98ce-2f4132dd1981","typeName":"m4i_data_attribute","uniqueAttributes":{"qualifiedName":"procurement--company-contacts--generic-mail-adress"}},{"guid":"e4c88df0-f2bd-4cb1-aad7-b24a3cee2021","typeName":"m4i_data_attribute","uniqueAttributes":{"qualifiedName":"procurement--company-contacts--contact-person-name"}},{"guid":"e93cc475-faf6-4ac0-89dc-62554a056e7a","typeName":"m4i_data_attribute","uniqueAttributes":{"qualifiedName":"procurement--company-contacts--contact-person-phone-number"}},{"guid":"bd2d3acb-2592-455c-bd51-207a335dc2a8","typeName":"m4i_data_attribute","uniqueAttributes":{"qualifiedName":"procurement--company-contacts--finance-company-email-address"}},{"guid":"c2e2c2d9-f0b2-4f0d-b994-9684395dfdd4","typeName":"m4i_data_attribute","uniqueAttributes":{"qualifiedName":"procurement--company-contacts--generic-phone-number"}},{"guid":"f53150ab-a451-41c2-bd41-98f8ec51f317","typeName":"m4i_data_attribute","uniqueAttributes":{"qualifiedName":"procurement--company-contacts--contact-person-function"}},{"guid":"653c17da-e3b1-48ce-a698-52d76986a6ea","typeName":"m4i_data_attribute","uniqueAttributes":{"qualifiedName":"procurement--company-contacts--contact-person-mail-address"}},{"guid":"1945b51b-0f13-4bcf-bd2b-e745d79248d0","typeName":"m4i_data_attribute","uniqueAttributes":{"qualifiedName":"procurement--company-contacts--purchasing-company-email-address"}}],"businessOwner":[{"guid":"0a30e2bc-f152-4a93-890e-e6f39f3f864f","typeName":"m4i_person","uniqueAttributes":{"qualifiedName":"johanna.richter@email.com","email":"johanna.richter@email.com"}}]},"guid":"97e544aa-47c6-4326-8975-76df2203f39d","isIncomplete":false,"status":"ACTIVE","createdBy":"admin","updatedBy":"admin","createTime":1656521952931,"updateTime":1656522070128,"version":0,"relationshipAttributes":{"ArchiMateReference":[],"steward":[{"guid":"9e8c280b-b4f7-45e0-b287-49dddaf21e23","typeName":"m4i_person","entityStatus":"ACTIVE","displayText":"Lore Brandt","relationshipType":"m4i_data_entity_steward_assignment","relationshipGuid":"2883aee0-e7cd-497d-977e-79e93006aa1c","relationshipStatus":"ACTIVE","relationshipAttributes":{"typeName":"m4i_data_entity_steward_assignment"}}],"dataDomain":[{"guid":"393d8dde-964a-4586-8202-fc984cd16f2a","typeName":"m4i_data_domain","entityStatus":"ACTIVE","displayText":"Procurement","relationshipType":"m4i_data_entity_assignment","relationshipGuid":"4871738b-ccfd-41d1-97cd-c286a9e67b82","relationshipStatus":"ACTIVE","relationshipAttributes":{"typeName":"m4i_data_entity_assignment"}}],"parentEntity":[],"childEntity":[],"attributes":[{"guid":"ebc1227e-8331-48cd-98ce-2f4132dd1981","typeName":"m4i_data_attribute","entityStatus":"ACTIVE","displayText":"Generic mail adress","relationshipType":"m4i_data_entity_attribute_assignment","relationshipGuid":"6dc2b165-69c3-48b4-b429-63b0c0757579","relationshipStatus":"ACTIVE","relationshipAttributes":{"typeName":"m4i_data_entity_attribute_assignment"}},{"guid":"e4c88df0-f2bd-4cb1-aad7-b24a3cee2021","typeName":"m4i_data_attribute","entityStatus":"ACTIVE","displayText":"Contact person name","relationshipType":"m4i_data_entity_attribute_assignment","relationshipGuid":"8fa93591-22ff-4fe6-9553-46bf2058a337","relationshipStatus":"ACTIVE","relationshipAttributes":{"typeName":"m4i_data_entity_attribute_assignment"}},{"guid":"e93cc475-faf6-4ac0-89dc-62554a056e7a","typeName":"m4i_data_attribute","entityStatus":"ACTIVE","displayText":"Contact person phone number","relationshipType":"m4i_data_entity_attribute_assignment","relationshipGuid":"988d5214-f46c-4a4e-a12a-e0e9d2671ded","relationshipStatus":"ACTIVE","relationshipAttributes":{"typeName":"m4i_data_entity_attribute_assignment"}},{"guid":"bd2d3acb-2592-455c-bd51-207a335dc2a8","typeName":"m4i_data_attribute","entityStatus":"ACTIVE","displayText":"Finance company email address","relationshipType":"m4i_data_entity_attribute_assignment","relationshipGuid":"960ba183-6f7f-4e35-ac09-80482a8c4046","relationshipStatus":"ACTIVE","relationshipAttributes":{"typeName":"m4i_data_entity_attribute_assignment"}},{"guid":"c2e2c2d9-f0b2-4f0d-b994-9684395dfdd4","typeName":"m4i_data_attribute","entityStatus":"ACTIVE","displayText":"Generic phone number","relationshipType":"m4i_data_entity_attribute_assignment","relationshipGuid":"997c2135-4270-4b7a-9411-2d37bb59f23a","relationshipStatus":"ACTIVE","relationshipAttributes":{"typeName":"m4i_data_entity_attribute_assignment"}},{"guid":"f53150ab-a451-41c2-bd41-98f8ec51f317","typeName":"m4i_data_attribute","entityStatus":"ACTIVE","displayText":"Contact person function","relationshipType":"m4i_data_entity_attribute_assignment","relationshipGuid":"92f44d71-b244-4c19-b8a9-cc7cf0fd927a","relationshipStatus":"ACTIVE","relationshipAttributes":{"typeName":"m4i_data_entity_attribute_assignment"}},{"guid":"653c17da-e3b1-48ce-a698-52d76986a6ea","typeName":"m4i_data_attribute","entityStatus":"ACTIVE","displayText":"Contact person mail address","relationshipType":"m4i_data_entity_attribute_assignment","relationshipGuid":"a4dc0771-4960-479c-adb0-6f655801ec64","relationshipStatus":"ACTIVE","relationshipAttributes":{"typeName":"m4i_data_entity_attribute_assignment"}},{"guid":"1945b51b-0f13-4bcf-bd2b-e745d79248d0","typeName":"m4i_data_attribute","entityStatus":"ACTIVE","displayText":"Purchasing company email address","relationshipType":"m4i_data_entity_attribute_assignment","relationshipGuid":"cb2ea995-2f8b-4a2f-a740-f47d3eb3050e","relationshipStatus":"ACTIVE","relationshipAttributes":{"typeName":"m4i_data_entity_attribute_assignment"}}],"source":[{"guid":"2bee6dca-fea0-478b-824e-d97365d18bbe","typeName":"m4i_source","entityStatus":"ACTIVE","displayText":"/hr/hr/Data Dictionary_template.xlsm","relationshipType":"m4i_referenceable_source_assignment","relationshipGuid":"d899191e-e6e7-4070-9bf4-a767d49f69be","relationshipStatus":"ACTIVE","relationshipAttributes":{"typeName":"m4i_referenceable_source_assignment"}}],"businessOwner":[{"guid":"0a30e2bc-f152-4a93-890e-e6f39f3f864f","typeName":"m4i_person","entityStatus":"ACTIVE","displayText":"Johanna Richter","relationshipType":"m4i_data_entity_business_owner_assignment","relationshipGuid":"a27a741c-0084-4408-a2cc-7724785a789a","relationshipStatus":"ACTIVE","relationshipAttributes":{"typeName":"m4i_data_entity_business_owner_assignment"}}],"meanings":[]},"classifications":[{"typeName":"PII","entityGuid":"e4c88df0-f2bd-4cb1-aad7-b24a3cee2021","entityStatus":"ACTIVE","propagate":true,"validityPeriods":[],"removePropagationsOnEntityDelete":true},{"typeName":"PII","entityGuid":"e93cc475-faf6-4ac0-89dc-62554a056e7a","entityStatus":"ACTIVE","propagate":true,"validityPeriods":[],"removePropagationsOnEntityDelete":true},{"typeName":"PII","entityGuid":"653c17da-e3b1-48ce-a698-52d76986a6ea","entityStatus":"ACTIVE","propagate":true,"validityPeriods":[],"removePropagationsOnEntityDelete":true}],"labels":[]}}