{"referredEntities":{},"entity":{"typeName":"m4i_confluent_environment","attributes":{"schemaRegistry":true,"archimateReference":[],"childSystem":[],"replicatedTo":null,"replicatedFrom":null,"qualifiedName":"cc1--kaf1","source":[],"kafkaClusters":[{"guid":"0f44af6d-ced0-4c45-b959-983f5c8d7327","typeName":"m4i_kafka_cluster","uniqueAttributes":{"qualifiedName":"cc1--kaf1--kaf1-hr"}}],"parentSystem":[],"confluentCloud":[{"guid":"6ec29417-5ab1-42b7-9ed3-4f10710a8905","typeName":"m4i_confluent_cloud","uniqueAttributes":{"qualifiedName":"cc1"}}],"collections":[],"name":"kaf1","definition":null},"guid":"9e13ba4f-6170-4ca6-8af9-46b42a62b628","isIncomplete":false,"status":"ACTIVE","createdBy":"admin","updatedBy":"admin","createTime":1656522025498,"updateTime":1656522042649,"version":0,"relationshipAttributes":{"ArchiMateReference":[],"parentSystem":[],"confluentCloud":[{"guid":"6ec29417-5ab1-42b7-9ed3-4f10710a8905","typeName":"m4i_confluent_cloud","entityStatus":"ACTIVE","displayText":"cc1","relationshipType":"m4i_confluent_environment_assignment","relationshipGuid":"94193619-8095-41cd-85f8-6d71112c7afd","relationshipStatus":"ACTIVE","relationshipAttributes":{"typeName":"m4i_confluent_environment_assignment"}}],"childSystem":[],"collections":[],"kafkaClusters":[{"guid":"0f44af6d-ced0-4c45-b959-983f5c8d7327","typeName":"m4i_kafka_cluster","entityStatus":"ACTIVE","displayText":"kaf1-hr","relationshipType":"m4i_kafka_cluster_assignment","relationshipGuid":"72211f7c-c268-4613-bc9c-e4d4cef1650b","relationshipStatus":"ACTIVE","relationshipAttributes":{"typeName":"m4i_kafka_cluster_assignment"}}],"source":[],"meanings":[]},"labels":[]}}