{"referredEntities":{},"entity":{"typeName":"m4i_field","attributes":{"archimateReference":[],"replicatedTo":null,"replicatedFrom":null,"hasContent":null,"steward":[],"qualifiedName":"nl1--nl1hr--nl1hr001--organization","source":[],"datasets":[{"guid":"c5975c9c-c0ad-46e7-bfb8-a8946980041d","typeName":"m4i_dataset","uniqueAttributes":{"qualifiedName":"nl1--nl1hr--nl1hr001"}}],"parentField":[],"optionalField":null,"name":"ORGANIZATION","definition":null,"attributes":[{"guid":"bb7eb559-447e-4acf-824b-b66b7473c769","typeName":"m4i_data_attribute","uniqueAttributes":{"qualifiedName":"personnel-and-organization--organization--organization"}}],"fieldType":"Text","childField":[]},"guid":"a1bd5ef8-9b3f-4d1a-848d-7eba1c9229d6","isIncomplete":false,"status":"ACTIVE","createdBy":"admin","updatedBy":"admin","createTime":1656521964513,"updateTime":1656522080758,"version":0,"relationshipAttributes":{"ArchiMateReference":[],"dataQuality":[{"guid":"0851c01d-dd0a-4290-9920-fdad0917b853","typeName":"m4i_data_quality","entityStatus":"ACTIVE","displayText":"nl1--nl1hr--nl1hr001--organization--7","relationshipType":"m4i_data_quality_field_assignment","relationshipGuid":"ad4d09dd-07a5-4b72-93ad-738a5a5d11f7","relationshipStatus":"ACTIVE","relationshipAttributes":{"typeName":"m4i_data_quality_field_assignment"}},{"guid":"8b929a46-7a1c-4a91-967d-9887895e5898","typeName":"m4i_data_quality","entityStatus":"ACTIVE","displayText":"nl1--nl1hr--nl1hr001--organization--6","relationshipType":"m4i_data_quality_field_assignment","relationshipGuid":"7ca992cb-dfa8-459f-8223-78622f85e2ed","relationshipStatus":"ACTIVE","relationshipAttributes":{"typeName":"m4i_data_quality_field_assignment"}},{"guid":"96b58de9-5b42-44fd-ba11-1dd47cc13ace","typeName":"m4i_data_quality","entityStatus":"ACTIVE","displayText":"nl1--nl1hr--nl1hr001--organization--8","relationshipType":"m4i_data_quality_field_assignment","relationshipGuid":"bdfb887c-4dce-470f-8348-5982816826ff","relationshipStatus":"ACTIVE","relationshipAttributes":{"typeName":"m4i_data_quality_field_assignment"}}],"attributes":[{"guid":"bb7eb559-447e-4acf-824b-b66b7473c769","typeName":"m4i_data_attribute","entityStatus":"ACTIVE","displayText":"Organization","relationshipType":"m4i_data_attribute_field_assignment","relationshipGuid":"f8c8f390-9975-4094-b8b5-4235a10eb10e","relationshipStatus":"ACTIVE","relationshipAttributes":{"typeName":"m4i_data_attribute_field_assignment"}}],"datasets":[{"guid":"c5975c9c-c0ad-46e7-bfb8-a8946980041d","typeName":"m4i_dataset","entityStatus":"ACTIVE","displayText":"NL1-HR-001","relationshipType":"m4i_field_assignment","relationshipGuid":"70c73811-3295-4673-8821-07096d4ef81b","relationshipStatus":"DELETED","relationshipAttributes":{"typeName":"m4i_field_assignment","attributes":{"typeInformation":null}}}],"source":[{"guid":"2bee6dca-fea0-478b-824e-d97365d18bbe","typeName":"m4i_source","entityStatus":"ACTIVE","displayText":"/hr/hr/Data Dictionary_template.xlsm","relationshipType":"m4i_referenceable_source_assignment","relationshipGuid":"5bba4dfc-d685-4abd-8a11-dccd1e34999d","relationshipStatus":"ACTIVE","relationshipAttributes":{"typeName":"m4i_referenceable_source_assignment"}}],"parentField":[],"meanings":[],"childField":[]},"classifications":[{"typeName":"key_data","entityGuid":"bb7eb559-447e-4acf-824b-b66b7473c769","entityStatus":"ACTIVE","propagate":true,"validityPeriods":[],"removePropagationsOnEntityDelete":true},{"typeName":"low_risk","entityGuid":"bb7eb559-447e-4acf-824b-b66b7473c769","entityStatus":"ACTIVE","propagate":true,"validityPeriods":[],"removePropagationsOnEntityDelete":true}],"labels":[]}}