{"referredEntities":{},"entity":{"typeName":"m4i_data_quality","attributes":{"owner":null,"archimateReference":[],"expression":"validity('PAYROLL', [])","replicatedTo":null,"userDescription":null,"replicatedFrom":null,"qualifiedName":"nl1--nl1hr--nl1hr001--payroll--14","displayName":null,"description":null,"active":false,"source":[],"businessRuleDescription":"","ruleDescription":"This field has to be filled with the predefined list of values at all times","name":"nl1--nl1hr--nl1hr001--payroll--14","filterRequired":true,"id":14,"qualityDimension":"Accuracy","expressionVersion":"1","fields":[{"guid":"1fec5463-2a52-4c6e-840a-7846854d54dc","typeName":"m4i_field","uniqueAttributes":{"qualifiedName":"nl1--nl1hr--nl1hr001--payroll"}}]},"guid":"a7645f4f-3487-45cc-80cd-5345212f74ed","isIncomplete":false,"status":"ACTIVE","createdBy":"admin","updatedBy":"admin","createTime":1656522080758,"updateTime":1656522080758,"version":0,"relationshipAttributes":{"inputToProcesses":[],"pipeline":null,"schema":[],"ArchiMateReference":[],"model":null,"source":[{"guid":"2bee6dca-fea0-478b-824e-d97365d18bbe","typeName":"m4i_source","entityStatus":"ACTIVE","displayText":"/hr/hr/Data Dictionary_template.xlsm","relationshipType":"m4i_referenceable_source_assignment","relationshipGuid":"5671eda5-a2d9-4177-85dc-34d209568a6c","relationshipStatus":"ACTIVE","relationshipAttributes":{"typeName":"m4i_referenceable_source_assignment"}}],"fields":[{"guid":"1fec5463-2a52-4c6e-840a-7846854d54dc","typeName":"m4i_field","entityStatus":"ACTIVE","displayText":"PAYROLL","relationshipType":"m4i_data_quality_field_assignment","relationshipGuid":"2c899f83-2ac4-4244-9581-503252d742ef","relationshipStatus":"ACTIVE","relationshipAttributes":{"typeName":"m4i_data_quality_field_assignment"}}],"meanings":[],"outputFromProcesses":[]},"labels":[]}}