{"referredEntities":{},"entity":{"typeName":"m4i_data_domain","attributes":{"archimateReference":[],"replicatedTo":null,"replicatedFrom":null,"qualifiedName":"quality-control","domainLead":[{"guid":"727fe434-7fbd-49f2-8697-20c628fdb5a8","typeName":"m4i_person","uniqueAttributes":{"qualifiedName":"charlotte.evers@email.com","email":"charlotte.evers@email.com"}}],"name":"Quality Control","dataEntity":[],"definition":"This data domain contains data from the quality control department","source":[]},"guid":"a7e09499-72d5-451e-a75a-862d75d99f4d","isIncomplete":false,"status":"ACTIVE","createdBy":"admin","updatedBy":"admin","createTime":1656521947184,"updateTime":1656522069890,"version":0,"relationshipAttributes":{"ArchiMateReference":[],"domainLead":[{"guid":"727fe434-7fbd-49f2-8697-20c628fdb5a8","typeName":"m4i_person","entityStatus":"ACTIVE","displayText":"Charlotte Evers","relationshipType":"m4i_domainLead_assignment","relationshipGuid":"2fab446b-abaf-48be-b2df-16f92ddbb0ac","relationshipStatus":"ACTIVE","relationshipAttributes":{"typeName":"m4i_domainLead_assignment"}}],"dataEntity":[],"source":[{"guid":"2bee6dca-fea0-478b-824e-d97365d18bbe","typeName":"m4i_source","entityStatus":"ACTIVE","displayText":"/hr/hr/Data Dictionary_template.xlsm","relationshipType":"m4i_referenceable_source_assignment","relationshipGuid":"bbb1e555-b68e-4a78-b90b-7b220c789f70","relationshipStatus":"ACTIVE","relationshipAttributes":{"typeName":"m4i_referenceable_source_assignment"}}],"meanings":[]},"labels":[]}}