{"referredEntities":{},"entity":{"typeName":"m4i_field","attributes":{"archimateReference":[],"replicatedTo":null,"replicatedFrom":null,"hasContent":null,"steward":[],"qualifiedName":"nl2--nl2proc--nl2proc001--functioncontact","source":[],"datasets":[{"guid":"04d4f33f-fd0d-46bc-8336-85f25f2916b2","typeName":"m4i_dataset","uniqueAttributes":{"qualifiedName":"nl2--nl2proc--nl2proc001"}}],"parentField":[],"optionalField":null,"name":"FunctionContact","definition":null,"attributes":[{"guid":"f53150ab-a451-41c2-bd41-98f8ec51f317","typeName":"m4i_data_attribute","uniqueAttributes":{"qualifiedName":"procurement--company-contacts--contact-person-function"}}],"fieldType":"Text","childField":[]},"guid":"afbade69-0232-42e8-9279-3922090ab7c3","isIncomplete":false,"status":"ACTIVE","createdBy":"admin","updatedBy":"admin","createTime":1656522073615,"updateTime":1656522073615,"version":0,"relationshipAttributes":{"ArchiMateReference":[],"dataQuality":[],"attributes":[{"guid":"f53150ab-a451-41c2-bd41-98f8ec51f317","typeName":"m4i_data_attribute","entityStatus":"ACTIVE","displayText":"Contact person function","relationshipType":"m4i_data_attribute_field_assignment","relationshipGuid":"8c0f19fb-ed93-4a42-8566-9ac753572cb1","relationshipStatus":"ACTIVE","relationshipAttributes":{"typeName":"m4i_data_attribute_field_assignment"}}],"datasets":[{"guid":"04d4f33f-fd0d-46bc-8336-85f25f2916b2","typeName":"m4i_dataset","entityStatus":"ACTIVE","displayText":"NL2-PROC-001","relationshipType":"m4i_field_assignment","relationshipGuid":"9a1cc292-8614-4753-8bdd-c042cda74f40","relationshipStatus":"ACTIVE","relationshipAttributes":{"typeName":"m4i_field_assignment","attributes":{"typeInformation":null}}}],"source":[{"guid":"2bee6dca-fea0-478b-824e-d97365d18bbe","typeName":"m4i_source","entityStatus":"ACTIVE","displayText":"/hr/hr/Data Dictionary_template.xlsm","relationshipType":"m4i_referenceable_source_assignment","relationshipGuid":"a30cb60b-ba01-43cc-b982-38254994a9dc","relationshipStatus":"ACTIVE","relationshipAttributes":{"typeName":"m4i_referenceable_source_assignment"}}],"parentField":[],"meanings":[],"childField":[]},"classifications":[{"typeName":"key_data","entityGuid":"f53150ab-a451-41c2-bd41-98f8ec51f317","entityStatus":"ACTIVE","propagate":true,"validityPeriods":[],"removePropagationsOnEntityDelete":true},{"typeName":"low_risk","entityGuid":"f53150ab-a451-41c2-bd41-98f8ec51f317","entityStatus":"ACTIVE","propagate":true,"validityPeriods":[],"removePropagationsOnEntityDelete":true}],"labels":[]}}