{"request":{"itemsToExport":[{"guid":"f60a248c-1883-4408-985e-c166fd04bec2","typeName":"m4i_person"},{"guid":"744dc435-d410-4196-9437-20c622c160f3","typeName":"m4i_person"},{"guid":"777d4125-b3b7-4957-bf86-b1b0989c76a6","typeName":"m4i_person"},{"guid":"0fca0de9-e613-4530-896b-fb3a54d6208c","typeName":"m4i_person"},{"guid":"8c72d824-ee25-4131-a0b3-d9c91d7899ec","typeName":"m4i_person"},{"guid":"727fe434-7fbd-49f2-8697-20c628fdb5a8","typeName":"m4i_person"},{"guid":"31dd8000-46ad-4b08-a24e-51b8bdf62dd0","typeName":"m4i_system"},{"guid":"037337cf-f24a-46b6-8df4-46fe5ad7e1eb","typeName":"m4i_system"},{"guid":"17926116-f221-43e0-82d5-3ee578bfa308","typeName":"m4i_system"},{"guid":"899e3e6a-134f-40ec-b9ab-a95282fa8afc","typeName":"m4i_person"},{"guid":"55520e1f-52a3-4696-97e5-b5879323b53a","typeName":"m4i_person"},{"guid":"665870e3-92cb-4dae-b58e-f4db45a7af38","typeName":"m4i_person"},{"guid":"45e581d9-452c-4d48-98e0-452b7a109efb","typeName":"m4i_person"},{"guid":"4f4948ae-2df0-437d-8c6a-e9cba5db8063","typeName":"m4i_person"},{"guid":"2b4f65a9-53ce-468f-9568-51c52c13ecf4","typeName":"m4i_person"},{"guid":"2fc8fb98-0969-4b93-9569-5c44cdd9c824","typeName":"m4i_field"},{"guid":"4f4cbbf7-a63a-4541-8f19-e50fa64148a0","typeName":"m4i_field"},{"guid":"f809feb9-f81d-4376-ad4c-d2c648c4f56c","typeName":"m4i_data_attribute"},{"guid":"f7b58db1-b62e-4481-a4e9-3e2db68b0b6c","typeName":"m4i_data_attribute"},{"guid":"600bf7fe-fea8-4072-a62f-e2f3165408bd","typeName":"m4i_data_attribute"},{"guid":"fed7d6b6-3a49-4c48-b7fa-fda76a1a7d87","typeName":"m4i_field"},{"guid":"16f0ae8c-b95f-44c7-b7a0-e961e378b596","typeName":"m4i_data_attribute"},{"guid":"1548b246-78e9-4010-bdb9-e9fec0d3c975","typeName":"m4i_data_attribute"},{"guid":"515c596a-bdde-49a5-96b1-95bd20903019","typeName":"m4i_data_attribute"},{"guid":"f4956b8f-3c7f-4d4b-a99d-10b9a32a42e0","typeName":"m4i_data_attribute"},{"guid":"cd28eaf5-5d73-4dde-a2f2-140bf7a45b1b","typeName":"m4i_data_attribute"},{"guid":"903ef8dc-fedc-4575-8a37-458f9d6fc97a","typeName":"m4i_field"},{"guid":"e23178c7-ecce-4c69-940a-7de3fa30ab6a","typeName":"m4i_field"},{"guid":"8ba1b5c6-0ddd-4b25-ac1d-2ec8760af740","typeName":"m4i_data_attribute"},{"guid":"8c403ddb-e4d6-4952-aad8-c2685fb28173","typeName":"m4i_data_attribute"},{"guid":"4af8483e-a388-4cfd-bcc7-d1ca6d7e4408","typeName":"m4i_data_attribute"},{"guid":"af1558ee-8133-4cb8-8fd6-9e571bf4a512","typeName":"m4i_data_attribute"},{"guid":"4086f053-a8c9-4382-af9e-e4e08effd3c9","typeName":"m4i_dataset"},{"guid":"ca6c2dd1-2b21-4287-85ea-2211beb4748c","typeName":"m4i_field"},{"guid":"c21b935c-e83a-4697-8e22-203d2d438be3","typeName":"m4i_field"},{"guid":"5fe5ae11-ce8c-4fa3-94d1-7c6f34227b52","typeName":"m4i_data_attribute"},{"guid":"bd793c41-e867-4cec-adbb-0a0902bd9a13","typeName":"m4i_data_attribute"},{"guid":"c4a69c31-a6f1-4545-a5fa-2978a824d822","typeName":"m4i_field"},{"guid":"3578d728-49ac-4629-9186-0c517bc8991f","typeName":"m4i_data_attribute"},{"guid":"5210b57d-aa17-4779-bbb1-1a3ec305df12","typeName":"m4i_data_attribute"},{"guid":"fe67b8cc-a062-4d3b-a4ef-29aa7f82b4dc","typeName":"m4i_data_attribute"},{"guid":"387218d7-cfc9-4540-90cf-0c8b10caefce","typeName":"m4i_data_attribute"},{"guid":"45d4dd9e-66b7-44b4-8e7f-5a9815dc5d5b","typeName":"m4i_data_attribute"},{"guid":"3d32de4d-d2f9-46bd-99b9-2087a93419a9","typeName":"m4i_data_attribute"},{"guid":"6672d91a-cd29-48f1-a8be-1c51fa402a6b","typeName":"m4i_data_attribute"},{"guid":"fa03d0d2-f7b1-4758-95dd-cd14b5187d6f","typeName":"m4i_field"},{"guid":"764adae5-f5e5-4477-8fb1-6a06cf2200da","typeName":"m4i_data_attribute"},{"guid":"c20a7e7b-652b-48c7-9413-cf6f7683206d","typeName":"m4i_data_attribute"},{"guid":"9f00cb70-9048-429c-b24e-d6cd6271ab2f","typeName":"m4i_data_attribute"},{"guid":"010d67a7-0514-4669-af97-cc5b3d107b56","typeName":"m4i_data_attribute"},{"guid":"d14c81a4-71a9-4a05-86dd-4ec61e196e37","typeName":"m4i_field"},{"guid":"283cde83-1a96-43c6-b99f-4b8aa5c55337","typeName":"m4i_field"},{"guid":"d93d177e-f005-407d-bf91-89f283a59980","typeName":"m4i_field"},{"guid":"1adf8352-ddaf-47e2-baaf-a1ed17483401","typeName":"m4i_data_attribute"},{"guid":"b7f13441-c7f5-4815-8c50-e3a62b30e5f6","typeName":"m4i_field"},{"guid":"06ee09e0-babf-4e14-b3c0-d8c1878a8b25","typeName":"m4i_data_attribute"},{"guid":"4864b7d2-2e54-4dd5-9a73-dba74b2d53bc","typeName":"m4i_data_attribute"},{"guid":"506aa3cd-8317-4ed0-9d18-877867db1782","typeName":"m4i_data_attribute"},{"guid":"1a2efb9d-2856-493f-8ea6-d057e96abde9","typeName":"m4i_field"},{"guid":"62fd8e1a-0226-4ed6-98e0-4f909f8bdf2b","typeName":"m4i_data_attribute"},{"guid":"de782dce-7d47-4474-876f-f931ad6ab066","typeName":"m4i_data_attribute"},{"guid":"2e297740-8553-451e-a087-302418a51751","typeName":"m4i_data_attribute"},{"guid":"535cef7e-12e8-4bd6-92cb-e25f3c2bf67e","typeName":"m4i_field"},{"guid":"62d022bf-3005-4ff2-aa26-d110c2b0d5b2","typeName":"m4i_data_attribute"},{"guid":"b2660514-b0d8-48d1-b6eb-0d30e2d9ce26","typeName":"m4i_field"},{"guid":"a8249ddd-3aac-49bf-8076-bbd52db1c7d4","typeName":"m4i_data_attribute"},{"guid":"2a0d4dbd-070c-4983-8698-135312f7c7c3","typeName":"m4i_field"},{"guid":"2c0a2e7c-4f76-423b-ba66-f7450613f5d3","typeName":"m4i_data_attribute"},{"guid":"75035074-c4c1-4cfb-aafb-271b2aec51b8","typeName":"m4i_data_attribute"},{"guid":"f4b072a7-f869-485c-ac23-165e3de984c3","typeName":"m4i_data_attribute"},{"guid":"52cf166d-4f91-4c1f-b63a-12b7fb229e5b","typeName":"m4i_data_attribute"},{"guid":"de308798-ed4b-4f57-a187-07713b32c07c","typeName":"m4i_data_attribute"},{"guid":"7544bed3-f9ca-4075-951f-6d0230a202fc","typeName":"m4i_data_attribute"},{"guid":"5bd5196f-349e-42ea-b816-d31ab734a0fe","typeName":"m4i_field"},{"guid":"980ef6fd-ca1a-46e6-a669-b5246cc1baca","typeName":"m4i_data_attribute"},{"guid":"3973b521-7579-43bc-953f-e498c99ea2eb","typeName":"m4i_field"},{"guid":"8c11cfcc-9916-42e6-9888-50770b312937","typeName":"m4i_data_attribute"},{"guid":"d17fe015-7a46-453c-b7b2-ea3119d2b37c","typeName":"m4i_data_attribute"},{"guid":"1945b51b-0f13-4bcf-bd2b-e745d79248d0","typeName":"m4i_data_attribute"},{"guid":"ca0d9ade-9819-40a9-a92a-778bf668fe9e","typeName":"m4i_data_attribute"},{"guid":"2230cf23-c90c-4a2f-be3e-e402503c4544","typeName":"m4i_dataset"},{"guid":"d3017dd7-d7a1-48f0-a161-bc01a816d09d","typeName":"m4i_data_attribute"},{"guid":"ab0a0f0e-a20b-483d-8d0b-7d9dc9802d5e","typeName":"m4i_data_attribute"},{"guid":"6c6a3fb9-e983-4b39-a26b-2883cf06cc8d","typeName":"m4i_data_attribute"},{"guid":"a8ae22fc-d916-4a6a-b365-2117900d510d","typeName":"m4i_data_attribute"},{"guid":"e93cc475-faf6-4ac0-89dc-62554a056e7a","typeName":"m4i_data_attribute"},{"guid":"653c17da-e3b1-48ce-a698-52d76986a6ea","typeName":"m4i_data_attribute"},{"guid":"a48ff719-ba8f-41f6-9c8a-5011e0c92089","typeName":"m4i_data_attribute"},{"guid":"bd2d3acb-2592-455c-bd51-207a335dc2a8","typeName":"m4i_data_attribute"},{"guid":"834c37ad-b8a8-40bd-b573-5c4fadfe1d26","typeName":"m4i_data_attribute"},{"guid":"4189b75e-c9f3-478d-879c-b9d99e805b4f","typeName":"m4i_data_attribute"},{"guid":"0e0b8f4b-6ad2-4eed-8890-6a8c880c2614","typeName":"m4i_data_attribute"},{"guid":"2be903bb-ded2-4b9e-bfb3-b94526ee8c8f","typeName":"m4i_data_attribute"},{"guid":"8785bad4-88c5-4a66-800d-99c9ad67c9b0","typeName":"m4i_data_attribute"},{"guid":"1e66f44e-7787-41ab-92ab-65d4bb5eb515","typeName":"m4i_data_attribute"},{"guid":"a48a14e4-ccce-4a6b-8bb5-1f1de15636ef","typeName":"m4i_data_attribute"},{"guid":"9865dffd-a5b5-4040-93a4-fc9317f28edb","typeName":"m4i_data_attribute"},{"guid":"e4c88df0-f2bd-4cb1-aad7-b24a3cee2021","typeName":"m4i_data_attribute"},{"guid":"a586e7a3-d185-4ba2-819e-ec005df0440a","typeName":"m4i_field"},{"guid":"420a6727-bab2-45b6-a7a4-454b690793dc","typeName":"m4i_data_attribute"}],"options":{"fetchType":"full","matchType":"contains"},"fetchTypeOptionValue":"full","skipLineageOptionValue":false,"matchTypeOptionValue":"contains","changeTokenFromOptions":0},"userName":"admin","clientIpAddress":"172.17.0.1","hostName":"172.17.0.2","timeStamp":1656523064549,"metrics":{"entity:m4i_elastic_index":1,"entity:m4i_field":120,"entity:m4i_dataset":4,"entity:m4i_confluent_environment":1,"entity:m4i_source":1,"entity:m4i_connector_process":1,"duration":9882,"entity:m4i_elastic_field":16,"entity:m4i_kafka_field":19,"entity:m4i_kibana_space":1,"entity:m4i_collection":5,"entity:m4i_generic_process":6,"entity:m4i_data_quality":34,"entity:m4i_person":16,"entity:withExtInfo":388,"entity:m4i_kafka_topic":1,"entity:m4i_index_pattern":1,"entity:m4i_visualization":2,"entity:m4i_kafka_cluster":1,"entity:m4i_data_domain":6,"entity:m4i_system":3,"entity:m4i_elastic_cluster":1,"entity:m4i_data_attribute":136,"entity:m4i_confluent_cloud":1,"entity:m4i_data_entity":10,"entity:m4i_dashboard":1},"operationStatus":"SUCCESS","sourceClusterName":"default","changeMarker":1656521679130}