{"referredEntities":{},"entity":{"typeName":"m4i_data_attribute","attributes":{"archimateReference":[],"replicatedTo":null,"replicatedFrom":null,"steward":[{"guid":"4f4948ae-2df0-437d-8c6a-e9cba5db8063","typeName":"m4i_person","uniqueAttributes":{"qualifiedName":"cornelis.kramer@email.com","email":"cornelis.kramer@email.com"}}],"qualifiedName":"personnel-and-organization--personnel--internal--basket","dataEntity":[{"guid":"818f6d40-b74d-4971-a039-efe8ccdc8f5b","typeName":"m4i_data_entity","uniqueAttributes":{"qualifiedName":"personnel-and-organization--personnel--internal"}}],"source":[],"isKeyData":"Yes","hasPII":null,"attributeType":"Text","name":"Basket","definition":"This attribute is used to allocate costs and for management purposes, and is automatically filled based on the chosen Organization and follows the logic of the predefined operating model (decision tree).","riskClassification":"Low","fields":[{"guid":"271921dc-4af1-49b8-8c25-a8d1fa5fbb44","typeName":"m4i_kafka_field","uniqueAttributes":{"qualifiedName":"cc1--kaf1--kaf1-hr--change-event--payload--payload--basket"}},{"guid":"654850d7-6a5d-4b18-a238-2baf8d31d5a4","typeName":"m4i_elastic_field","uniqueAttributes":{"qualifiedName":"elas1--hr--BASKET"}},{"guid":"1bfbe44b-f4a4-4120-88ad-2fa05c15188e","typeName":"m4i_field","uniqueAttributes":{"qualifiedName":"nl1--nl1hr--nl1hr001--basket"}},{"guid":"1bfbe44b-f4a4-4120-88ad-2fa05c15188e","typeName":"m4i_field","uniqueAttributes":{"qualifiedName":"nl1--nl1hr--nl1hr001--basket"}}],"businessOwner":[{"guid":"45e581d9-452c-4d48-98e0-452b7a109efb","typeName":"m4i_person","uniqueAttributes":{"qualifiedName":"merel.hofman@email.com","email":"merel.hofman@email.com"}}]},"guid":"b4435642-bde8-46bb-80e4-8172a19bc6c7","isIncomplete":false,"status":"ACTIVE","createdBy":"admin","updatedBy":"admin","createTime":1656521955001,"updateTime":1656522169104,"version":0,"relationshipAttributes":{"ArchiMateReference":[],"steward":[{"guid":"4f4948ae-2df0-437d-8c6a-e9cba5db8063","typeName":"m4i_person","entityStatus":"ACTIVE","displayText":"Cornelis Kramer","relationshipType":"m4i_data_attribute_steward_assignment","relationshipGuid":"c0e9369c-1362-44a0-ba2e-95bb0f49fc71","relationshipStatus":"ACTIVE","relationshipAttributes":{"typeName":"m4i_data_attribute_steward_assignment"}}],"dataEntity":[{"guid":"818f6d40-b74d-4971-a039-efe8ccdc8f5b","typeName":"m4i_data_entity","entityStatus":"ACTIVE","displayText":"Internal","relationshipType":"m4i_data_entity_attribute_assignment","relationshipGuid":"d5c5ecb9-3b37-4fe2-8320-2193a3e00a27","relationshipStatus":"ACTIVE","relationshipAttributes":{"typeName":"m4i_data_entity_attribute_assignment"}}],"source":[{"guid":"2bee6dca-fea0-478b-824e-d97365d18bbe","typeName":"m4i_source","entityStatus":"ACTIVE","displayText":"/hr/hr/Data Dictionary_template.xlsm","relationshipType":"m4i_referenceable_source_assignment","relationshipGuid":"447d4c0f-9684-4e87-9c30-f79a2c682a79","relationshipStatus":"ACTIVE","relationshipAttributes":{"typeName":"m4i_referenceable_source_assignment"}}],"fields":[{"guid":"271921dc-4af1-49b8-8c25-a8d1fa5fbb44","typeName":"m4i_kafka_field","entityStatus":"ACTIVE","displayText":"BASKET","relationshipType":"m4i_data_attribute_field_assignment","relationshipGuid":"7e74efe2-94a4-40e8-b0f8-d1a852af3304","relationshipStatus":"ACTIVE","relationshipAttributes":{"typeName":"m4i_data_attribute_field_assignment"}},{"guid":"654850d7-6a5d-4b18-a238-2baf8d31d5a4","typeName":"m4i_elastic_field","entityStatus":"ACTIVE","displayText":"BASKET","relationshipType":"m4i_data_attribute_field_assignment","relationshipGuid":"a161bbc0-7777-4e48-b528-17dec33cc532","relationshipStatus":"ACTIVE","relationshipAttributes":{"typeName":"m4i_data_attribute_field_assignment"}},{"guid":"1bfbe44b-f4a4-4120-88ad-2fa05c15188e","typeName":"m4i_field","entityStatus":"ACTIVE","displayText":"BASKET","relationshipType":"m4i_data_attribute_field_assignment","relationshipGuid":"66241ff7-b8dc-43b4-a2ee-b95968b8f3dd","relationshipStatus":"DELETED","relationshipAttributes":{"typeName":"m4i_data_attribute_field_assignment"}},{"guid":"1bfbe44b-f4a4-4120-88ad-2fa05c15188e","typeName":"m4i_field","entityStatus":"ACTIVE","displayText":"BASKET","relationshipType":"m4i_data_attribute_field_assignment","relationshipGuid":"e87c8be5-bfd2-41ff-a9ec-1a0e83d1563b","relationshipStatus":"DELETED","relationshipAttributes":{"typeName":"m4i_data_attribute_field_assignment"}}],"businessOwner":[{"guid":"45e581d9-452c-4d48-98e0-452b7a109efb","typeName":"m4i_person","entityStatus":"ACTIVE","displayText":"Merel Hofman","relationshipType":"m4i_data_attribute_business_owner_assignment","relationshipGuid":"19621358-294e-4206-8634-93b1f9b8c2e0","relationshipStatus":"ACTIVE","relationshipAttributes":{"typeName":"m4i_data_attribute_business_owner_assignment"}}],"meanings":[]},"classifications":[{"typeName":"key_data","entityGuid":"b4435642-bde8-46bb-80e4-8172a19bc6c7","entityStatus":"ACTIVE","propagate":true,"validityPeriods":[],"removePropagationsOnEntityDelete":true},{"typeName":"low_risk","entityGuid":"b4435642-bde8-46bb-80e4-8172a19bc6c7","entityStatus":"ACTIVE","propagate":true,"validityPeriods":[],"removePropagationsOnEntityDelete":true}],"labels":[]}}