{"referredEntities":{},"entity":{"typeName":"m4i_field","attributes":{"archimateReference":[],"replicatedTo":null,"replicatedFrom":null,"hasContent":null,"steward":[],"qualifiedName":"nl3--nl3plant--nl3plant002--leaderid","source":[],"datasets":[{"guid":"4086f053-a8c9-4382-af9e-e4e08effd3c9","typeName":"m4i_dataset","uniqueAttributes":{"qualifiedName":"nl3--nl3plant--nl3plant002"}}],"parentField":[],"optionalField":null,"name":"LeaderId","definition":null,"attributes":[{"guid":"fa724777-d854-4a24-beaf-a249929d2d15","typeName":"m4i_data_attribute","uniqueAttributes":{"qualifiedName":"plant-data--downtime-events--leaderid"}}],"fieldType":"Numeric","childField":[]},"guid":"b493169d-b155-4c2c-b4b4-1845a9de2d44","isIncomplete":false,"status":"ACTIVE","createdBy":"admin","updatedBy":"admin","createTime":1656522073615,"updateTime":1656522073615,"version":0,"relationshipAttributes":{"ArchiMateReference":[],"dataQuality":[],"attributes":[{"guid":"fa724777-d854-4a24-beaf-a249929d2d15","typeName":"m4i_data_attribute","entityStatus":"ACTIVE","displayText":"LeaderId","relationshipType":"m4i_data_attribute_field_assignment","relationshipGuid":"e908aad5-3759-4838-be6a-1eeb347fe5ae","relationshipStatus":"ACTIVE","relationshipAttributes":{"typeName":"m4i_data_attribute_field_assignment"}}],"datasets":[{"guid":"4086f053-a8c9-4382-af9e-e4e08effd3c9","typeName":"m4i_dataset","entityStatus":"ACTIVE","displayText":"NL3-PLANT-002","relationshipType":"m4i_field_assignment","relationshipGuid":"fb1f5324-0f7f-42e5-9c9c-cc0e512297e2","relationshipStatus":"ACTIVE","relationshipAttributes":{"typeName":"m4i_field_assignment","attributes":{"typeInformation":null}}}],"source":[{"guid":"2bee6dca-fea0-478b-824e-d97365d18bbe","typeName":"m4i_source","entityStatus":"ACTIVE","displayText":"/hr/hr/Data Dictionary_template.xlsm","relationshipType":"m4i_referenceable_source_assignment","relationshipGuid":"ede3fa2d-d982-4351-a1a0-d6fc840bdf8c","relationshipStatus":"ACTIVE","relationshipAttributes":{"typeName":"m4i_referenceable_source_assignment"}}],"parentField":[],"meanings":[],"childField":[]},"classifications":[{"typeName":"low_risk","entityGuid":"fa724777-d854-4a24-beaf-a249929d2d15","entityStatus":"ACTIVE","propagate":true,"validityPeriods":[],"removePropagationsOnEntityDelete":true}],"labels":[]}}