{"referredEntities":{},"entity":{"typeName":"m4i_data_quality","attributes":{"owner":null,"archimateReference":[],"expression":"completeness('JOB_TITLE')","replicatedTo":null,"userDescription":null,"replicatedFrom":null,"qualifiedName":"nl1--nl1hr--nl1hr001--job_name--12","displayName":null,"description":null,"active":true,"source":[],"businessRuleDescription":"","ruleDescription":"This field has to be filled at all times","name":"nl1--nl1hr--nl1hr001--job_name--12","filterRequired":true,"id":12,"qualityDimension":"Completeness","expressionVersion":"1","fields":[{"guid":"a88127e7-07dc-4d96-8a07-f245c8896740","typeName":"m4i_field","uniqueAttributes":{"qualifiedName":"nl1--nl1hr--nl1hr001--job_name"}}]},"guid":"b6c15fd0-934d-46c1-a20e-0f3fb2bb9c99","isIncomplete":false,"status":"ACTIVE","createdBy":"admin","updatedBy":"admin","createTime":1656522080758,"updateTime":1656522080758,"version":0,"relationshipAttributes":{"inputToProcesses":[],"pipeline":null,"schema":[],"ArchiMateReference":[],"model":null,"source":[{"guid":"2bee6dca-fea0-478b-824e-d97365d18bbe","typeName":"m4i_source","entityStatus":"ACTIVE","displayText":"/hr/hr/Data Dictionary_template.xlsm","relationshipType":"m4i_referenceable_source_assignment","relationshipGuid":"13c9663e-2326-4b1d-919c-3939123276f4","relationshipStatus":"ACTIVE","relationshipAttributes":{"typeName":"m4i_referenceable_source_assignment"}}],"fields":[{"guid":"a88127e7-07dc-4d96-8a07-f245c8896740","typeName":"m4i_field","entityStatus":"ACTIVE","displayText":"JOB_NAME","relationshipType":"m4i_data_quality_field_assignment","relationshipGuid":"08204270-9004-43bb-8d80-24c10e0c81a0","relationshipStatus":"ACTIVE","relationshipAttributes":{"typeName":"m4i_data_quality_field_assignment"}}],"meanings":[],"outputFromProcesses":[]},"labels":[]}}