{"referredEntities":{},"entity":{"typeName":"m4i_elastic_field","attributes":{"archimateReference":[],"replicatedTo":null,"replicatedFrom":null,"hasContent":null,"steward":[],"qualifiedName":"elas1--hr--PLACEMENT","source":[],"datasets":[],"parentField":[],"optionalField":null,"name":"PLACEMENT","definition":null,"attributes":[],"fieldType":"keyword","childField":[]},"guid":"bbfb2f23-3da2-4370-adc3-316becfaeee2","isIncomplete":false,"status":"ACTIVE","createdBy":"admin","updatedBy":"admin","createTime":1656522169104,"updateTime":1656522169104,"version":0,"relationshipAttributes":{"ArchiMateReference":[],"dataQuality":[],"attributes":[{"guid":"6fab80e8-2d32-4a2f-8668-74078a14764c","typeName":"m4i_data_attribute","entityStatus":"ACTIVE","displayText":"Placement","relationshipType":"m4i_data_attribute_field_assignment","relationshipGuid":"a2c31bf5-d0b7-4b13-95ae-4982c1bd19e6","relationshipStatus":"ACTIVE","relationshipAttributes":{"typeName":"m4i_data_attribute_field_assignment"}},{"guid":"81890ca5-42f0-44db-b03e-b130cfe16192","typeName":"m4i_data_attribute","entityStatus":"ACTIVE","displayText":"Placement","relationshipType":"m4i_data_attribute_field_assignment","relationshipGuid":"184ac9ba-1a3e-4458-a160-adc03f009ff0","relationshipStatus":"ACTIVE","relationshipAttributes":{"typeName":"m4i_data_attribute_field_assignment"}}],"datasets":[{"guid":"3a9efda8-6721-4aaa-a71d-cf00349895fd","typeName":"m4i_elastic_index","entityStatus":"ACTIVE","displayText":"hr","relationshipType":"m4i_field_assignment","relationshipGuid":"4dec7c12-82d4-4e1e-b83b-2dc25c984761","relationshipStatus":"ACTIVE","relationshipAttributes":{"typeName":"m4i_field_assignment","attributes":{"typeInformation":null}}}],"source":[],"meanings":[],"parentField":[],"childField":[]},"classifications":[{"typeName":"key_data","entityGuid":"6fab80e8-2d32-4a2f-8668-74078a14764c","entityStatus":"ACTIVE","propagate":true,"validityPeriods":[],"removePropagationsOnEntityDelete":true},{"typeName":"key_data","entityGuid":"81890ca5-42f0-44db-b03e-b130cfe16192","entityStatus":"ACTIVE","propagate":true,"validityPeriods":[],"removePropagationsOnEntityDelete":true},{"typeName":"low_risk","entityGuid":"6fab80e8-2d32-4a2f-8668-74078a14764c","entityStatus":"ACTIVE","propagate":true,"validityPeriods":[],"removePropagationsOnEntityDelete":true},{"typeName":"low_risk","entityGuid":"81890ca5-42f0-44db-b03e-b130cfe16192","entityStatus":"ACTIVE","propagate":true,"validityPeriods":[],"removePropagationsOnEntityDelete":true}],"labels":[]}}