{"referredEntities":{},"entity":{"typeName":"m4i_data_quality","attributes":{"owner":null,"archimateReference":[],"expression":"unallowed_text('FULL_NAME', ' .') ","replicatedTo":null,"userDescription":null,"replicatedFrom":null,"qualifiedName":"nl1--nl1hr--nl1hr001--fullname--22","displayName":null,"description":null,"active":false,"source":[],"businessRuleDescription":"","ruleDescription":"The initials in this fields need to follow a predefined format (Name, initials, prefix (Wit R. de) ? check if each initial letter is followed by a dot.","name":"nl1--nl1hr--nl1hr001--fullname--22","filterRequired":true,"id":22,"qualityDimension":"Accuracy","expressionVersion":"1","fields":[{"guid":"ef2574a8-ac41-4f14-ba4a-a29974117b60","typeName":"m4i_field","uniqueAttributes":{"qualifiedName":"nl1--nl1hr--nl1hr001--fullname"}}]},"guid":"be5072dd-10ad-43e5-b904-5bddb12244c6","isIncomplete":false,"status":"ACTIVE","createdBy":"admin","updatedBy":"admin","createTime":1656522080758,"updateTime":1656522080758,"version":0,"relationshipAttributes":{"inputToProcesses":[],"pipeline":null,"schema":[],"ArchiMateReference":[],"model":null,"source":[{"guid":"2bee6dca-fea0-478b-824e-d97365d18bbe","typeName":"m4i_source","entityStatus":"ACTIVE","displayText":"/hr/hr/Data Dictionary_template.xlsm","relationshipType":"m4i_referenceable_source_assignment","relationshipGuid":"ad5f5c51-e29c-4853-b7e8-fc548f940b92","relationshipStatus":"ACTIVE","relationshipAttributes":{"typeName":"m4i_referenceable_source_assignment"}}],"fields":[{"guid":"ef2574a8-ac41-4f14-ba4a-a29974117b60","typeName":"m4i_field","entityStatus":"ACTIVE","displayText":"FULLNAME","relationshipType":"m4i_data_quality_field_assignment","relationshipGuid":"58dbba12-d666-4a52-b3b2-e32d50a5e5ef","relationshipStatus":"ACTIVE","relationshipAttributes":{"typeName":"m4i_data_quality_field_assignment"}}],"meanings":[],"outputFromProcesses":[]},"labels":[]}}