{"referredEntities":{},"entity":{"typeName":"m4i_data_entity","attributes":{"archimateReference":[],"replicatedTo":null,"replicatedFrom":null,"steward":[{"guid":"55520e1f-52a3-4696-97e5-b5879323b53a","typeName":"m4i_person","uniqueAttributes":{"qualifiedName":"harper.taylor@email.com","email":"harper.taylor@email.com"}}],"qualifiedName":"personnel-and-organization--personnel--external","parentEntity":[{"guid":"a4e20c5a-fd37-4fe4-9189-6c4e06f1f34d","typeName":"m4i_data_entity","uniqueAttributes":{"qualifiedName":"personnel-and-organization--personnel"}}],"source":[],"dataDomain":[],"childEntity":[],"name":"External","definition":"This entity contains information about the external employees hired by the organization.","attributes":[{"guid":"2c68e06b-c179-4c98-ad42-30698df0fe4c","typeName":"m4i_data_attribute","uniqueAttributes":{"qualifiedName":"personnel-and-organization--personnel--external--employee-number"}},{"guid":"6b0e188f-91f0-4f5d-9dd4-cb9fb6c51619","typeName":"m4i_data_attribute","uniqueAttributes":{"qualifiedName":"personnel-and-organization--personnel--external--payroll"}},{"guid":"9c219981-ca51-4513-be10-572cfe9ac5ed","typeName":"m4i_data_attribute","uniqueAttributes":{"qualifiedName":"personnel-and-organization--personnel--external--hierarchical-organization"}},{"guid":"f1c0f8f1-4f0b-468b-9c43-ebf429500e35","typeName":"m4i_data_attribute","uniqueAttributes":{"qualifiedName":"personnel-and-organization--personnel--external--job-name"}},{"guid":"3e5d4165-e92e-414e-8dba-a61ffd799e17","typeName":"m4i_data_attribute","uniqueAttributes":{"qualifiedName":"personnel-and-organization--personnel--external--location"}},{"guid":"a017e19f-e150-4dda-b73f-2d135dd07d06","typeName":"m4i_data_attribute","uniqueAttributes":{"qualifiedName":"personnel-and-organization--personnel--external--people-group"}},{"guid":"c93b1aab-8378-4041-a3d3-65f913eb2d06","typeName":"m4i_data_attribute","uniqueAttributes":{"qualifiedName":"personnel-and-organization--personnel--external--fullname"}},{"guid":"daa8ba7f-eab5-4727-ad5d-d6482a3c0f74","typeName":"m4i_data_attribute","uniqueAttributes":{"qualifiedName":"personnel-and-organization--personnel--external--functional-organization"}},{"guid":"94a1c5f2-8639-4709-a0b7-ea4f4cef09d0","typeName":"m4i_data_attribute","uniqueAttributes":{"qualifiedName":"personnel-and-organization--personnel--external--basket"}},{"guid":"8436e4d8-2974-4149-bcaa-3579bf8626a9","typeName":"m4i_data_attribute","uniqueAttributes":{"qualifiedName":"personnel-and-organization--personnel--external--full-time-equivalent"}},{"guid":"81890ca5-42f0-44db-b03e-b130cfe16192","typeName":"m4i_data_attribute","uniqueAttributes":{"qualifiedName":"personnel-and-organization--personnel--external--placement"}}],"businessOwner":[{"guid":"665870e3-92cb-4dae-b58e-f4db45a7af38","typeName":"m4i_person","uniqueAttributes":{"qualifiedName":"summer.reid@email.com","email":"summer.reid@email.com"}}]},"guid":"c0af931d-1cd3-4ecb-970f-ab804d289ada","isIncomplete":false,"status":"ACTIVE","createdBy":"admin","updatedBy":"admin","createTime":1656521950698,"updateTime":1656522070128,"version":0,"relationshipAttributes":{"ArchiMateReference":[],"steward":[{"guid":"55520e1f-52a3-4696-97e5-b5879323b53a","typeName":"m4i_person","entityStatus":"ACTIVE","displayText":"Harper Taylor","relationshipType":"m4i_data_entity_steward_assignment","relationshipGuid":"7c896d5e-b6fb-4492-8ec5-734948dd0dbc","relationshipStatus":"ACTIVE","relationshipAttributes":{"typeName":"m4i_data_entity_steward_assignment"}}],"dataDomain":[],"parentEntity":[{"guid":"a4e20c5a-fd37-4fe4-9189-6c4e06f1f34d","typeName":"m4i_data_entity","entityStatus":"ACTIVE","displayText":"Personnel","relationshipType":"m4i_parent_entity_assignment","relationshipGuid":"8ce10240-b10e-43fa-bba0-be6469911ac4","relationshipStatus":"DELETED","relationshipAttributes":{"typeName":"m4i_parent_entity_assignment"}}],"childEntity":[],"attributes":[{"guid":"2c68e06b-c179-4c98-ad42-30698df0fe4c","typeName":"m4i_data_attribute","entityStatus":"ACTIVE","displayText":"Employee Number","relationshipType":"m4i_data_entity_attribute_assignment","relationshipGuid":"a16f519c-cd88-4215-848d-5b55ec77b51b","relationshipStatus":"ACTIVE","relationshipAttributes":{"typeName":"m4i_data_entity_attribute_assignment"}},{"guid":"6b0e188f-91f0-4f5d-9dd4-cb9fb6c51619","typeName":"m4i_data_attribute","entityStatus":"ACTIVE","displayText":"Payroll","relationshipType":"m4i_data_entity_attribute_assignment","relationshipGuid":"76b3a287-ea1a-4e8a-a5b7-bcc2c636ed27","relationshipStatus":"ACTIVE","relationshipAttributes":{"typeName":"m4i_data_entity_attribute_assignment"}},{"guid":"9c219981-ca51-4513-be10-572cfe9ac5ed","typeName":"m4i_data_attribute","entityStatus":"ACTIVE","displayText":"Hierarchical Organization","relationshipType":"m4i_data_entity_attribute_assignment","relationshipGuid":"9c70c9d5-0c84-4828-b352-a3521abea2e9","relationshipStatus":"ACTIVE","relationshipAttributes":{"typeName":"m4i_data_entity_attribute_assignment"}},{"guid":"f1c0f8f1-4f0b-468b-9c43-ebf429500e35","typeName":"m4i_data_attribute","entityStatus":"ACTIVE","displayText":"Job Name","relationshipType":"m4i_data_entity_attribute_assignment","relationshipGuid":"26d01688-ac4e-4378-8c92-0be2c050839e","relationshipStatus":"ACTIVE","relationshipAttributes":{"typeName":"m4i_data_entity_attribute_assignment"}},{"guid":"3e5d4165-e92e-414e-8dba-a61ffd799e17","typeName":"m4i_data_attribute","entityStatus":"ACTIVE","displayText":"Location","relationshipType":"m4i_data_entity_attribute_assignment","relationshipGuid":"add8b831-c4ed-4286-8e7d-c8816333f023","relationshipStatus":"ACTIVE","relationshipAttributes":{"typeName":"m4i_data_entity_attribute_assignment"}},{"guid":"a017e19f-e150-4dda-b73f-2d135dd07d06","typeName":"m4i_data_attribute","entityStatus":"ACTIVE","displayText":"People Group","relationshipType":"m4i_data_entity_attribute_assignment","relationshipGuid":"c9b59436-ed19-4d26-9892-5f011daf7731","relationshipStatus":"ACTIVE","relationshipAttributes":{"typeName":"m4i_data_entity_attribute_assignment"}},{"guid":"c93b1aab-8378-4041-a3d3-65f913eb2d06","typeName":"m4i_data_attribute","entityStatus":"ACTIVE","displayText":"Fullname","relationshipType":"m4i_data_entity_attribute_assignment","relationshipGuid":"b1293b93-7c02-45db-bb67-c37479e403f2","relationshipStatus":"ACTIVE","relationshipAttributes":{"typeName":"m4i_data_entity_attribute_assignment"}},{"guid":"daa8ba7f-eab5-4727-ad5d-d6482a3c0f74","typeName":"m4i_data_attribute","entityStatus":"ACTIVE","displayText":"Functional Organization","relationshipType":"m4i_data_entity_attribute_assignment","relationshipGuid":"da24d135-8507-43c5-b515-4d9363deb66c","relationshipStatus":"ACTIVE","relationshipAttributes":{"typeName":"m4i_data_entity_attribute_assignment"}},{"guid":"94a1c5f2-8639-4709-a0b7-ea4f4cef09d0","typeName":"m4i_data_attribute","entityStatus":"ACTIVE","displayText":"Basket","relationshipType":"m4i_data_entity_attribute_assignment","relationshipGuid":"df75585b-685a-45f6-87e6-67a239a775a4","relationshipStatus":"ACTIVE","relationshipAttributes":{"typeName":"m4i_data_entity_attribute_assignment"}},{"guid":"8436e4d8-2974-4149-bcaa-3579bf8626a9","typeName":"m4i_data_attribute","entityStatus":"ACTIVE","displayText":"Full Time Equivalent","relationshipType":"m4i_data_entity_attribute_assignment","relationshipGuid":"aae2a9b3-e17d-49b0-beba-5b9d9a1dafad","relationshipStatus":"ACTIVE","relationshipAttributes":{"typeName":"m4i_data_entity_attribute_assignment"}},{"guid":"81890ca5-42f0-44db-b03e-b130cfe16192","typeName":"m4i_data_attribute","entityStatus":"ACTIVE","displayText":"Placement","relationshipType":"m4i_data_entity_attribute_assignment","relationshipGuid":"5098d1c6-b2cf-4672-b275-1391ec9e56c8","relationshipStatus":"ACTIVE","relationshipAttributes":{"typeName":"m4i_data_entity_attribute_assignment"}}],"source":[{"guid":"2bee6dca-fea0-478b-824e-d97365d18bbe","typeName":"m4i_source","entityStatus":"ACTIVE","displayText":"/hr/hr/Data Dictionary_template.xlsm","relationshipType":"m4i_referenceable_source_assignment","relationshipGuid":"d7a7aa36-9b5e-442c-930f-d841bbf3ef94","relationshipStatus":"ACTIVE","relationshipAttributes":{"typeName":"m4i_referenceable_source_assignment"}}],"businessOwner":[{"guid":"665870e3-92cb-4dae-b58e-f4db45a7af38","typeName":"m4i_person","entityStatus":"ACTIVE","displayText":"Summer Reid","relationshipType":"m4i_data_entity_business_owner_assignment","relationshipGuid":"5a09ebaf-371f-4a42-aa58-a6eea9d10c54","relationshipStatus":"ACTIVE","relationshipAttributes":{"typeName":"m4i_data_entity_business_owner_assignment"}}],"meanings":[]},"classifications":[{"typeName":"PII","entityGuid":"c93b1aab-8378-4041-a3d3-65f913eb2d06","entityStatus":"ACTIVE","propagate":true,"validityPeriods":[],"removePropagationsOnEntityDelete":true},{"typeName":"high_risk","entityGuid":"c93b1aab-8378-4041-a3d3-65f913eb2d06","entityStatus":"ACTIVE","propagate":true,"validityPeriods":[],"removePropagationsOnEntityDelete":true}],"labels":[]}}