{"referredEntities":{},"entity":{"typeName":"m4i_data_attribute","attributes":{"archimateReference":[],"replicatedTo":null,"replicatedFrom":null,"steward":[{"guid":"899e3e6a-134f-40ec-b9ab-a95282fa8afc","typeName":"m4i_person","uniqueAttributes":{"qualifiedName":"gerrit.lorenz@email.com","email":"gerrit.lorenz@email.com"}}],"qualifiedName":"finance--cost-centre--job-name","dataEntity":[{"guid":"114af845-1ccc-4534-a1f2-45f136959c6e","typeName":"m4i_data_entity","uniqueAttributes":{"qualifiedName":"finance--cost-centre"}}],"source":[],"isKeyData":"Yes","hasPII":null,"attributeType":"Text","name":"Job Name","definition":"This attribute describes the name of the function in which the tasks in the functional area are executed. Including the level, which is a reference to the Job Grade. ","riskClassification":"Low","fields":[{"guid":"a88127e7-07dc-4d96-8a07-f245c8896740","typeName":"m4i_field","uniqueAttributes":{"qualifiedName":"nl1--nl1hr--nl1hr001--job_name"}},{"guid":"a88127e7-07dc-4d96-8a07-f245c8896740","typeName":"m4i_field","uniqueAttributes":{"qualifiedName":"nl1--nl1hr--nl1hr001--job_name"}}],"businessOwner":[{"guid":"2b4f65a9-53ce-468f-9568-51c52c13ecf4","typeName":"m4i_person","uniqueAttributes":{"qualifiedName":"ava.ross@email.com","email":"ava.ross@email.com"}}]},"guid":"c20a7e7b-652b-48c7-9413-cf6f7683206d","isIncomplete":false,"status":"ACTIVE","createdBy":"admin","updatedBy":"admin","createTime":1656521955001,"updateTime":1656522073615,"version":0,"relationshipAttributes":{"ArchiMateReference":[],"steward":[{"guid":"899e3e6a-134f-40ec-b9ab-a95282fa8afc","typeName":"m4i_person","entityStatus":"ACTIVE","displayText":"Gerrit Lorenz","relationshipType":"m4i_data_attribute_steward_assignment","relationshipGuid":"f21dfa0f-0ab8-41de-aa8c-1aceccaefe84","relationshipStatus":"ACTIVE","relationshipAttributes":{"typeName":"m4i_data_attribute_steward_assignment"}}],"dataEntity":[{"guid":"114af845-1ccc-4534-a1f2-45f136959c6e","typeName":"m4i_data_entity","entityStatus":"ACTIVE","displayText":"Cost Centre","relationshipType":"m4i_data_entity_attribute_assignment","relationshipGuid":"06509ba6-1ed4-4417-878d-f6903f18e423","relationshipStatus":"ACTIVE","relationshipAttributes":{"typeName":"m4i_data_entity_attribute_assignment"}}],"source":[{"guid":"2bee6dca-fea0-478b-824e-d97365d18bbe","typeName":"m4i_source","entityStatus":"ACTIVE","displayText":"/hr/hr/Data Dictionary_template.xlsm","relationshipType":"m4i_referenceable_source_assignment","relationshipGuid":"9066d0f9-5eba-4fc6-bbc1-e99f0dc9f8d9","relationshipStatus":"ACTIVE","relationshipAttributes":{"typeName":"m4i_referenceable_source_assignment"}}],"fields":[{"guid":"a88127e7-07dc-4d96-8a07-f245c8896740","typeName":"m4i_field","entityStatus":"ACTIVE","displayText":"JOB_NAME","relationshipType":"m4i_data_attribute_field_assignment","relationshipGuid":"4cd01d5d-ea08-4a12-bad6-732362f0adee","relationshipStatus":"DELETED","relationshipAttributes":{"typeName":"m4i_data_attribute_field_assignment"}},{"guid":"a88127e7-07dc-4d96-8a07-f245c8896740","typeName":"m4i_field","entityStatus":"ACTIVE","displayText":"JOB_NAME","relationshipType":"m4i_data_attribute_field_assignment","relationshipGuid":"18857a6e-9bf9-49ef-9bc1-83cca19c1207","relationshipStatus":"ACTIVE","relationshipAttributes":{"typeName":"m4i_data_attribute_field_assignment"}}],"businessOwner":[{"guid":"2b4f65a9-53ce-468f-9568-51c52c13ecf4","typeName":"m4i_person","entityStatus":"ACTIVE","displayText":"Ava Ross","relationshipType":"m4i_data_attribute_business_owner_assignment","relationshipGuid":"74f5744b-44ee-4091-9a12-ed7b60f747d1","relationshipStatus":"ACTIVE","relationshipAttributes":{"typeName":"m4i_data_attribute_business_owner_assignment"}}],"meanings":[]},"classifications":[{"typeName":"key_data","entityGuid":"c20a7e7b-652b-48c7-9413-cf6f7683206d","entityStatus":"ACTIVE","propagate":true,"validityPeriods":[],"removePropagationsOnEntityDelete":true},{"typeName":"low_risk","entityGuid":"c20a7e7b-652b-48c7-9413-cf6f7683206d","entityStatus":"ACTIVE","propagate":true,"validityPeriods":[],"removePropagationsOnEntityDelete":true}],"labels":[]}}