{"referredEntities":{},"entity":{"typeName":"m4i_kafka_topic","attributes":{"owner":null,"partitions":0,"archimateReference":[],"replicatedTo":null,"userDescription":null,"replicatedFrom":null,"qualifiedName":"cc1--kaf1--kaf1-hr--change-event","displayName":null,"replicas":0,"description":null,"source":[],"parentDataset":[],"childDataset":[],"collections":[],"name":"change-event","definition":null,"fields":[]},"guid":"c2ee75ac-b623-44cf-a43c-be03e194b5bd","isIncomplete":false,"status":"ACTIVE","createdBy":"admin","updatedBy":"admin","createTime":1656522102741,"updateTime":1656522354929,"version":0,"relationshipAttributes":{"inputToProcesses":[{"guid":"e4b4de23-c405-453b-8d42-8bee683b174f","typeName":"m4i_connector_process","entityStatus":"ACTIVE","displayText":"HR change connector","relationshipType":"dataset_process_inputs","relationshipGuid":"b07d2c34-3158-4423-b92b-d89dc41ee25d","relationshipStatus":"ACTIVE","relationshipAttributes":{"typeName":"dataset_process_inputs"}}],"schema":[],"ArchiMateReference":[],"source":[],"parentDataset":[],"meanings":[],"pipeline":null,"childDataset":[],"collections":[{"guid":"eaceff70-4c3b-4ccc-b38c-912ed76963af","typeName":"m4i_collection","entityStatus":"ACTIVE","displayText":"cc1--kaf1--kaf1-hr--data","relationshipType":"m4i_dataset_assignment","relationshipGuid":"b3731639-1ca9-4fcd-a63f-d12867e65827","relationshipStatus":"ACTIVE","relationshipAttributes":{"typeName":"m4i_dataset_assignment"}}],"ksqlApps":[],"model":null,"fields":[{"guid":"8ec36db8-5f3e-4e46-b361-5c5a3e504cc0","typeName":"m4i_kafka_field","entityStatus":"ACTIVE","displayText":"id","relationshipType":"m4i_field_assignment","relationshipGuid":"8b881cfe-cb60-4ada-81bd-15f939bb7608","relationshipStatus":"ACTIVE","relationshipAttributes":{"typeName":"m4i_field_assignment","attributes":{"typeInformation":null}}},{"guid":"cab5b8e6-e58a-45fe-bd7c-a202c77c0559","typeName":"m4i_kafka_field","entityStatus":"ACTIVE","displayText":"change_type","relationshipType":"m4i_field_assignment","relationshipGuid":"abf09722-3343-48d9-b879-2c9dce6bb436","relationshipStatus":"ACTIVE","relationshipAttributes":{"typeName":"m4i_field_assignment","attributes":{"typeInformation":null}}},{"guid":"dbafb985-4f0e-4f39-9744-1aa17130ac69","typeName":"m4i_kafka_field","entityStatus":"ACTIVE","displayText":"payload","relationshipType":"m4i_field_assignment","relationshipGuid":"78684643-759f-49aa-8449-c93fd2736fb9","relationshipStatus":"ACTIVE","relationshipAttributes":{"typeName":"m4i_field_assignment","attributes":{"typeInformation":null}}}],"outputFromProcesses":[{"guid":"03be0399-5e0c-46d8-aecd-f9ccfeeef05b","typeName":"m4i_generic_process","entityStatus":"ACTIVE","displayText":"Analysed to","relationshipType":"process_dataset_outputs","relationshipGuid":"e4be444e-6adf-4219-966a-1c41cd21bb7e","relationshipStatus":"ACTIVE","relationshipAttributes":{"typeName":"process_dataset_outputs"}}]},"classifications":[{"typeName":"high_risk","entityGuid":"444c163e-b201-47bd-9b3a-9c1c9d33a4bb","entityStatus":"ACTIVE","propagate":true,"validityPeriods":[],"removePropagationsOnEntityDelete":true},{"typeName":"PII","entityGuid":"c93b1aab-8378-4041-a3d3-65f913eb2d06","entityStatus":"ACTIVE","propagate":true,"validityPeriods":[],"removePropagationsOnEntityDelete":true},{"typeName":"high_risk","entityGuid":"c93b1aab-8378-4041-a3d3-65f913eb2d06","entityStatus":"ACTIVE","propagate":true,"validityPeriods":[],"removePropagationsOnEntityDelete":true},{"typeName":"PII","entityGuid":"444c163e-b201-47bd-9b3a-9c1c9d33a4bb","entityStatus":"ACTIVE","propagate":true,"validityPeriods":[],"removePropagationsOnEntityDelete":true}],"labels":[]}}