{"referredEntities":{},"entity":{"typeName":"m4i_field","attributes":{"archimateReference":[],"replicatedTo":null,"replicatedFrom":null,"hasContent":null,"steward":[],"qualifiedName":"nl1--nl1hr--nl1hr001--employee_number","source":[],"datasets":[{"guid":"c5975c9c-c0ad-46e7-bfb8-a8946980041d","typeName":"m4i_dataset","uniqueAttributes":{"qualifiedName":"nl1--nl1hr--nl1hr001"}}],"parentField":[],"optionalField":null,"name":"EMPLOYEE_NUMBER","definition":null,"attributes":[{"guid":"b1c3c1f1-7da0-4821-84ce-b8ec009b0f66","typeName":"m4i_data_attribute","uniqueAttributes":{"qualifiedName":"personnel-and-organization--personnel--internal--employee-number"}},{"guid":"2c68e06b-c179-4c98-ad42-30698df0fe4c","typeName":"m4i_data_attribute","uniqueAttributes":{"qualifiedName":"personnel-and-organization--personnel--external--employee-number"}}],"fieldType":"Numeric","childField":[]},"guid":"c4a698ee-685a-41c0-917a-4124fc1a57ab","isIncomplete":false,"status":"ACTIVE","createdBy":"admin","updatedBy":"admin","createTime":1656521975825,"updateTime":1656522080758,"version":0,"relationshipAttributes":{"ArchiMateReference":[],"dataQuality":[{"guid":"fd005494-9e6b-4b34-a69f-549ea5b8ce5b","typeName":"m4i_data_quality","entityStatus":"ACTIVE","displayText":"nl1--nl1hr--nl1hr001--employee_number--5","relationshipType":"m4i_data_quality_field_assignment","relationshipGuid":"91aef16e-8ee5-4e55-8633-3647fb17c072","relationshipStatus":"ACTIVE","relationshipAttributes":{"typeName":"m4i_data_quality_field_assignment"}},{"guid":"e76efc23-569b-4d4b-a7ee-d986c35027d0","typeName":"m4i_data_quality","entityStatus":"ACTIVE","displayText":"nl1--nl1hr--nl1hr001--employee_number--3","relationshipType":"m4i_data_quality_field_assignment","relationshipGuid":"70528555-e05c-4852-92fc-dd91db73eb05","relationshipStatus":"ACTIVE","relationshipAttributes":{"typeName":"m4i_data_quality_field_assignment"}},{"guid":"36438db5-e87c-4708-a7fd-b6889ca41fe1","typeName":"m4i_data_quality","entityStatus":"ACTIVE","displayText":"nl1--nl1hr--nl1hr001--employee_number--4","relationshipType":"m4i_data_quality_field_assignment","relationshipGuid":"c0a25d2f-39f8-4c21-a612-89a5fa80b521","relationshipStatus":"ACTIVE","relationshipAttributes":{"typeName":"m4i_data_quality_field_assignment"}},{"guid":"1fc000c8-0737-4863-9c63-b236f639cb57","typeName":"m4i_data_quality","entityStatus":"ACTIVE","displayText":"nl1--nl1hr--nl1hr001--employee_number--1","relationshipType":"m4i_data_quality_field_assignment","relationshipGuid":"51ed14c5-52a7-48e7-9283-9a616f8d4198","relationshipStatus":"ACTIVE","relationshipAttributes":{"typeName":"m4i_data_quality_field_assignment"}},{"guid":"fa4a6263-90fe-49fe-8b2c-3e3df2380c48","typeName":"m4i_data_quality","entityStatus":"ACTIVE","displayText":"nl1--nl1hr--nl1hr001--employee_number--2","relationshipType":"m4i_data_quality_field_assignment","relationshipGuid":"57fe4301-dd9c-4e9d-9a0e-7079bcf7d9c8","relationshipStatus":"ACTIVE","relationshipAttributes":{"typeName":"m4i_data_quality_field_assignment"}}],"attributes":[{"guid":"2c68e06b-c179-4c98-ad42-30698df0fe4c","typeName":"m4i_data_attribute","entityStatus":"ACTIVE","displayText":"Employee Number","relationshipType":"m4i_data_attribute_field_assignment","relationshipGuid":"e7c4961b-dc98-4b3f-b8ef-baf3c136459e","relationshipStatus":"DELETED","relationshipAttributes":{"typeName":"m4i_data_attribute_field_assignment"}},{"guid":"b1c3c1f1-7da0-4821-84ce-b8ec009b0f66","typeName":"m4i_data_attribute","entityStatus":"ACTIVE","displayText":"Employee Number","relationshipType":"m4i_data_attribute_field_assignment","relationshipGuid":"bc3f7392-f339-4c68-a1e9-41d949d837bf","relationshipStatus":"DELETED","relationshipAttributes":{"typeName":"m4i_data_attribute_field_assignment"}}],"datasets":[{"guid":"c5975c9c-c0ad-46e7-bfb8-a8946980041d","typeName":"m4i_dataset","entityStatus":"ACTIVE","displayText":"NL1-HR-001","relationshipType":"m4i_field_assignment","relationshipGuid":"08c2fe72-cebc-485f-bd36-b362a959d255","relationshipStatus":"DELETED","relationshipAttributes":{"typeName":"m4i_field_assignment","attributes":{"typeInformation":null}}}],"source":[{"guid":"2bee6dca-fea0-478b-824e-d97365d18bbe","typeName":"m4i_source","entityStatus":"ACTIVE","displayText":"/hr/hr/Data Dictionary_template.xlsm","relationshipType":"m4i_referenceable_source_assignment","relationshipGuid":"b395835a-51bb-4410-9f15-c772d219ec56","relationshipStatus":"ACTIVE","relationshipAttributes":{"typeName":"m4i_referenceable_source_assignment"}}],"parentField":[],"meanings":[],"childField":[]},"classifications":[{"typeName":"key_data","entityGuid":"b1c3c1f1-7da0-4821-84ce-b8ec009b0f66","entityStatus":"ACTIVE","propagate":true,"validityPeriods":[],"removePropagationsOnEntityDelete":true},{"typeName":"low_risk","entityGuid":"b1c3c1f1-7da0-4821-84ce-b8ec009b0f66","entityStatus":"ACTIVE","propagate":true,"validityPeriods":[],"removePropagationsOnEntityDelete":true},{"typeName":"low_risk","entityGuid":"2c68e06b-c179-4c98-ad42-30698df0fe4c","entityStatus":"ACTIVE","propagate":true,"validityPeriods":[],"removePropagationsOnEntityDelete":true},{"typeName":"key_data","entityGuid":"2c68e06b-c179-4c98-ad42-30698df0fe4c","entityStatus":"ACTIVE","propagate":true,"validityPeriods":[],"removePropagationsOnEntityDelete":true}],"labels":[]}}