{"referredEntities":{},"entity":{"typeName":"m4i_field","attributes":{"archimateReference":[],"replicatedTo":null,"replicatedFrom":null,"hasContent":null,"steward":[],"qualifiedName":"nl2--nl2proc--nl2proc001--parentcomp","source":[],"datasets":[{"guid":"04d4f33f-fd0d-46bc-8336-85f25f2916b2","typeName":"m4i_dataset","uniqueAttributes":{"qualifiedName":"nl2--nl2proc--nl2proc001"}}],"parentField":[],"optionalField":null,"name":"ParentComp","definition":null,"attributes":[{"guid":"680b4339-7c07-48ba-b6e6-a7558ef0381a","typeName":"m4i_data_attribute","uniqueAttributes":{"qualifiedName":"procurement--company-information--subsidiary-to-parent"}}],"fieldType":"Text","childField":[]},"guid":"c4a69c31-a6f1-4545-a5fa-2978a824d822","isIncomplete":false,"status":"ACTIVE","createdBy":"admin","updatedBy":"admin","createTime":1656522009099,"updateTime":1656522073615,"version":0,"relationshipAttributes":{"ArchiMateReference":[],"dataQuality":[],"attributes":[{"guid":"680b4339-7c07-48ba-b6e6-a7558ef0381a","typeName":"m4i_data_attribute","entityStatus":"ACTIVE","displayText":"Subsidiary to parent","relationshipType":"m4i_data_attribute_field_assignment","relationshipGuid":"2af74f1e-70ec-42a5-a379-cb1f533368c8","relationshipStatus":"ACTIVE","relationshipAttributes":{"typeName":"m4i_data_attribute_field_assignment"}}],"datasets":[{"guid":"04d4f33f-fd0d-46bc-8336-85f25f2916b2","typeName":"m4i_dataset","entityStatus":"ACTIVE","displayText":"NL2-PROC-001","relationshipType":"m4i_field_assignment","relationshipGuid":"f854bc78-a51f-41ac-a072-0cdd9ff4ac0f","relationshipStatus":"DELETED","relationshipAttributes":{"typeName":"m4i_field_assignment","attributes":{"typeInformation":null}}}],"source":[{"guid":"2bee6dca-fea0-478b-824e-d97365d18bbe","typeName":"m4i_source","entityStatus":"ACTIVE","displayText":"/hr/hr/Data Dictionary_template.xlsm","relationshipType":"m4i_referenceable_source_assignment","relationshipGuid":"01ee7c00-16cc-4697-90b7-e01875bd5a5e","relationshipStatus":"ACTIVE","relationshipAttributes":{"typeName":"m4i_referenceable_source_assignment"}}],"parentField":[],"meanings":[],"childField":[]},"classifications":[{"typeName":"key_data","entityGuid":"680b4339-7c07-48ba-b6e6-a7558ef0381a","entityStatus":"ACTIVE","propagate":true,"validityPeriods":[],"removePropagationsOnEntityDelete":true},{"typeName":"low_risk","entityGuid":"680b4339-7c07-48ba-b6e6-a7558ef0381a","entityStatus":"ACTIVE","propagate":true,"validityPeriods":[],"removePropagationsOnEntityDelete":true}],"labels":[]}}