{"referredEntities":{},"entity":{"typeName":"m4i_kafka_field","attributes":{"archimateReference":[],"replicatedTo":null,"replicatedFrom":null,"hasContent":null,"steward":[],"qualifiedName":"cc1--kaf1--kaf1-hr--change-event--payload--payload--employee_number","source":[],"datasets":[],"parentField":[],"optionalField":null,"name":"EMPLOYEE_NUMBER","definition":null,"attributes":[],"fieldType":"string","childField":[]},"guid":"cd30cdc3-1923-45cd-aec0-abe5d0b73ee9","isIncomplete":false,"status":"ACTIVE","createdBy":"admin","updatedBy":"admin","createTime":1656522102741,"updateTime":1656522102741,"version":0,"relationshipAttributes":{"ArchiMateReference":[],"dataQuality":[],"attributes":[{"guid":"2c68e06b-c179-4c98-ad42-30698df0fe4c","typeName":"m4i_data_attribute","entityStatus":"ACTIVE","displayText":"Employee Number","relationshipType":"m4i_data_attribute_field_assignment","relationshipGuid":"6e551ed8-8a85-423a-a349-b46d76cd3fe4","relationshipStatus":"ACTIVE","relationshipAttributes":{"typeName":"m4i_data_attribute_field_assignment"}},{"guid":"b1c3c1f1-7da0-4821-84ce-b8ec009b0f66","typeName":"m4i_data_attribute","entityStatus":"ACTIVE","displayText":"Employee Number","relationshipType":"m4i_data_attribute_field_assignment","relationshipGuid":"b7d39f52-6028-4cef-98fb-25681b862ab2","relationshipStatus":"ACTIVE","relationshipAttributes":{"typeName":"m4i_data_attribute_field_assignment"}}],"datasets":[],"source":[],"meanings":[],"parentField":[{"guid":"c662301f-a509-47bf-9a4b-279f6b0bb7ec","typeName":"m4i_kafka_field","entityStatus":"ACTIVE","displayText":"payload","relationshipType":"m4i_field_parent_assignment","relationshipGuid":"c364dece-a697-414b-b2c7-2ed1bef49367","relationshipStatus":"ACTIVE","relationshipAttributes":{"typeName":"m4i_field_parent_assignment"}}],"childField":[]},"classifications":[{"typeName":"key_data","entityGuid":"b1c3c1f1-7da0-4821-84ce-b8ec009b0f66","entityStatus":"ACTIVE","propagate":true,"validityPeriods":[],"removePropagationsOnEntityDelete":true},{"typeName":"low_risk","entityGuid":"b1c3c1f1-7da0-4821-84ce-b8ec009b0f66","entityStatus":"ACTIVE","propagate":true,"validityPeriods":[],"removePropagationsOnEntityDelete":true},{"typeName":"low_risk","entityGuid":"2c68e06b-c179-4c98-ad42-30698df0fe4c","entityStatus":"ACTIVE","propagate":true,"validityPeriods":[],"removePropagationsOnEntityDelete":true},{"typeName":"key_data","entityGuid":"2c68e06b-c179-4c98-ad42-30698df0fe4c","entityStatus":"ACTIVE","propagate":true,"validityPeriods":[],"removePropagationsOnEntityDelete":true}],"labels":[]}}