{"referredEntities":{},"entity":{"typeName":"m4i_elastic_field","attributes":{"archimateReference":[],"replicatedTo":null,"replicatedFrom":null,"hasContent":null,"steward":[],"qualifiedName":"elas1--hr--CC_EMPLOYEE","source":[],"datasets":[],"parentField":[],"optionalField":null,"name":"CC_EMPLOYEE","definition":null,"attributes":[],"fieldType":"keyword","childField":[]},"guid":"ce1c7050-703d-407f-af97-9bbc8e9eed37","isIncomplete":false,"status":"ACTIVE","createdBy":"admin","updatedBy":"admin","createTime":1656522169104,"updateTime":1656522169104,"version":0,"relationshipAttributes":{"ArchiMateReference":[],"dataQuality":[],"attributes":[{"guid":"2f112ea8-8d2e-4539-a4f2-7da2af924d77","typeName":"m4i_data_attribute","entityStatus":"ACTIVE","displayText":"Const Center Employee","relationshipType":"m4i_data_attribute_field_assignment","relationshipGuid":"e5d0eaf5-c1e7-40a5-89b7-2c80ef5d8616","relationshipStatus":"ACTIVE","relationshipAttributes":{"typeName":"m4i_data_attribute_field_assignment"}}],"datasets":[{"guid":"3a9efda8-6721-4aaa-a71d-cf00349895fd","typeName":"m4i_elastic_index","entityStatus":"ACTIVE","displayText":"hr","relationshipType":"m4i_field_assignment","relationshipGuid":"f91525a5-6682-4d59-8b65-875eb99649e7","relationshipStatus":"ACTIVE","relationshipAttributes":{"typeName":"m4i_field_assignment","attributes":{"typeInformation":null}}}],"source":[],"meanings":[],"parentField":[],"childField":[]},"classifications":[{"typeName":"low_risk","entityGuid":"2f112ea8-8d2e-4539-a4f2-7da2af924d77","entityStatus":"ACTIVE","propagate":true,"validityPeriods":[],"removePropagationsOnEntityDelete":true},{"typeName":"key_data","entityGuid":"2f112ea8-8d2e-4539-a4f2-7da2af924d77","entityStatus":"ACTIVE","propagate":true,"validityPeriods":[],"removePropagationsOnEntityDelete":true}],"labels":[]}}