{"referredEntities":{},"entity":{"typeName":"m4i_connector_process","attributes":{"owner":null,"outputs":[{"guid":"3a9efda8-6721-4aaa-a71d-cf00349895fd","typeName":"m4i_elastic_index","uniqueAttributes":{"qualifiedName":"elas1--hr"}}],"server":"cc1","connectorType":"sink","archimateReference":[],"replicatedTo":null,"userDescription":null,"replicatedFrom":null,"qualifiedName":"kaf1-hr--sink-connector","displayName":null,"inputs":[{"guid":"c2ee75ac-b623-44cf-a43c-be03e194b5bd","typeName":"m4i_kafka_topic","uniqueAttributes":{"qualifiedName":"cc1--kaf1--kaf1-hr--change-event"}}],"description":"Sink connector for kafka topic to elastic index for HR change data","source":[],"processOwner":[],"name":"HR change connector"},"guid":"e4b4de23-c405-453b-8d42-8bee683b174f","isIncomplete":false,"status":"ACTIVE","createdBy":"admin","updatedBy":"admin","createTime":1656522354929,"updateTime":1656522354929,"version":0,"relationshipAttributes":{"outputs":[{"guid":"3a9efda8-6721-4aaa-a71d-cf00349895fd","typeName":"m4i_elastic_index","entityStatus":"ACTIVE","displayText":"hr","relationshipType":"process_dataset_outputs","relationshipGuid":"a260a711-b518-45be-a829-3507cd2fdf2f","relationshipStatus":"ACTIVE","relationshipAttributes":{"typeName":"process_dataset_outputs"}}],"ArchiMateReference":[],"processOwner":[],"inputs":[{"guid":"c2ee75ac-b623-44cf-a43c-be03e194b5bd","typeName":"m4i_kafka_topic","entityStatus":"ACTIVE","displayText":"change-event","relationshipType":"dataset_process_inputs","relationshipGuid":"b07d2c34-3158-4423-b92b-d89dc41ee25d","relationshipStatus":"ACTIVE","relationshipAttributes":{"typeName":"dataset_process_inputs"}}],"source":[],"meanings":[]},"labels":[]}}