{"referredEntities":{},"entity":{"typeName":"m4i_data_attribute","attributes":{"archimateReference":[],"replicatedTo":null,"replicatedFrom":null,"steward":[{"guid":"9e8c280b-b4f7-45e0-b287-49dddaf21e23","typeName":"m4i_person","uniqueAttributes":{"qualifiedName":"lore.brandt@email.com","email":"lore.brandt@email.com"}}],"qualifiedName":"procurement--company-contacts--contact-person-name","dataEntity":[{"guid":"97e544aa-47c6-4326-8975-76df2203f39d","typeName":"m4i_data_entity","uniqueAttributes":{"qualifiedName":"procurement--company-contacts"}}],"source":[],"isKeyData":"Yes","hasPII":null,"attributeType":"Text","name":"Contact person name","definition":"Name of contact person for this entity","riskClassification":"Medium","fields":[{"guid":"eccab04e-b2df-4622-9929-24ede4475704","typeName":"m4i_field","uniqueAttributes":{"qualifiedName":"nl2--nl2proc--nl2proc001--namecontact"}}],"businessOwner":[{"guid":"0a30e2bc-f152-4a93-890e-e6f39f3f864f","typeName":"m4i_person","uniqueAttributes":{"qualifiedName":"johanna.richter@email.com","email":"johanna.richter@email.com"}}]},"guid":"e4c88df0-f2bd-4cb1-aad7-b24a3cee2021","isIncomplete":false,"status":"ACTIVE","createdBy":"admin","updatedBy":"admin","createTime":1656521955001,"updateTime":1656522073615,"version":0,"relationshipAttributes":{"ArchiMateReference":[],"steward":[{"guid":"9e8c280b-b4f7-45e0-b287-49dddaf21e23","typeName":"m4i_person","entityStatus":"ACTIVE","displayText":"Lore Brandt","relationshipType":"m4i_data_attribute_steward_assignment","relationshipGuid":"f2b6dfd6-7232-411b-96a1-89d5964f484a","relationshipStatus":"ACTIVE","relationshipAttributes":{"typeName":"m4i_data_attribute_steward_assignment"}}],"dataEntity":[{"guid":"97e544aa-47c6-4326-8975-76df2203f39d","typeName":"m4i_data_entity","entityStatus":"ACTIVE","displayText":"Company Contacts","relationshipType":"m4i_data_entity_attribute_assignment","relationshipGuid":"8fa93591-22ff-4fe6-9553-46bf2058a337","relationshipStatus":"ACTIVE","relationshipAttributes":{"typeName":"m4i_data_entity_attribute_assignment"}}],"source":[{"guid":"2bee6dca-fea0-478b-824e-d97365d18bbe","typeName":"m4i_source","entityStatus":"ACTIVE","displayText":"/hr/hr/Data Dictionary_template.xlsm","relationshipType":"m4i_referenceable_source_assignment","relationshipGuid":"6046521c-2064-4bae-84df-349691c21197","relationshipStatus":"ACTIVE","relationshipAttributes":{"typeName":"m4i_referenceable_source_assignment"}}],"fields":[{"guid":"eccab04e-b2df-4622-9929-24ede4475704","typeName":"m4i_field","entityStatus":"ACTIVE","displayText":"NameContact","relationshipType":"m4i_data_attribute_field_assignment","relationshipGuid":"415a66a0-31be-4b42-9325-499c156eae07","relationshipStatus":"ACTIVE","relationshipAttributes":{"typeName":"m4i_data_attribute_field_assignment"}}],"businessOwner":[{"guid":"0a30e2bc-f152-4a93-890e-e6f39f3f864f","typeName":"m4i_person","entityStatus":"ACTIVE","displayText":"Johanna Richter","relationshipType":"m4i_data_attribute_business_owner_assignment","relationshipGuid":"c8a064dc-23d6-497d-95a5-e4a573680307","relationshipStatus":"ACTIVE","relationshipAttributes":{"typeName":"m4i_data_attribute_business_owner_assignment"}}],"meanings":[]},"classifications":[{"typeName":"PII","entityGuid":"e4c88df0-f2bd-4cb1-aad7-b24a3cee2021","entityStatus":"ACTIVE","propagate":true,"validityPeriods":[],"removePropagationsOnEntityDelete":true},{"typeName":"medium_risk","entityGuid":"e4c88df0-f2bd-4cb1-aad7-b24a3cee2021","entityStatus":"ACTIVE","propagate":true,"validityPeriods":[],"removePropagationsOnEntityDelete":true},{"typeName":"key_data","entityGuid":"e4c88df0-f2bd-4cb1-aad7-b24a3cee2021","entityStatus":"ACTIVE","propagate":true,"validityPeriods":[],"removePropagationsOnEntityDelete":true}],"labels":[]}}