{"referredEntities":{},"entity":{"typeName":"m4i_data_quality","attributes":{"owner":null,"archimateReference":[],"expression":"starts_with('EMPLOYEE_NUMBER', '1', '2')","replicatedTo":null,"userDescription":null,"replicatedFrom":null,"qualifiedName":"nl1--nl1hr--nl1hr001--employee_number--3","displayName":null,"description":null,"active":true,"source":[],"businessRuleDescription":"","ruleDescription":"This field always starts with digit '1' or '2'","name":"nl1--nl1hr--nl1hr001--employee_number--3","filterRequired":true,"id":3,"qualityDimension":"Accuracy","expressionVersion":"1","fields":[{"guid":"c4a698ee-685a-41c0-917a-4124fc1a57ab","typeName":"m4i_field","uniqueAttributes":{"qualifiedName":"nl1--nl1hr--nl1hr001--employee_number"}}]},"guid":"e76efc23-569b-4d4b-a7ee-d986c35027d0","isIncomplete":false,"status":"ACTIVE","createdBy":"admin","updatedBy":"admin","createTime":1656522080758,"updateTime":1656522080758,"version":0,"relationshipAttributes":{"inputToProcesses":[],"pipeline":null,"schema":[],"ArchiMateReference":[],"model":null,"source":[{"guid":"2bee6dca-fea0-478b-824e-d97365d18bbe","typeName":"m4i_source","entityStatus":"ACTIVE","displayText":"/hr/hr/Data Dictionary_template.xlsm","relationshipType":"m4i_referenceable_source_assignment","relationshipGuid":"e3814a9c-c9ad-4f99-9e31-12eaf2ffefe1","relationshipStatus":"ACTIVE","relationshipAttributes":{"typeName":"m4i_referenceable_source_assignment"}}],"fields":[{"guid":"c4a698ee-685a-41c0-917a-4124fc1a57ab","typeName":"m4i_field","entityStatus":"ACTIVE","displayText":"EMPLOYEE_NUMBER","relationshipType":"m4i_data_quality_field_assignment","relationshipGuid":"70528555-e05c-4852-92fc-dd91db73eb05","relationshipStatus":"ACTIVE","relationshipAttributes":{"typeName":"m4i_data_quality_field_assignment"}}],"meanings":[],"outputFromProcesses":[]},"labels":[]}}