{"referredEntities":{},"entity":{"typeName":"m4i_generic_process","attributes":{"owner":null,"outputs":[{"guid":"e4cb40df-f287-4ce0-9819-303995c50949","typeName":"m4i_index_pattern","uniqueAttributes":{"qualifiedName":"kib1-hr-change-index"}}],"archimateReference":[],"replicatedTo":null,"userDescription":null,"replicatedFrom":null,"qualifiedName":"elas1--hr--kib1-hr-change-index","displayName":null,"inputs":[{"guid":"3a9efda8-6721-4aaa-a71d-cf00349895fd","typeName":"m4i_elastic_index","uniqueAttributes":{"qualifiedName":"elas1--hr"}}],"description":null,"source":[],"processOwner":[],"name":"Queried for"},"guid":"f1245447-177d-4cb4-848d-45931ee2443b","isIncomplete":false,"status":"ACTIVE","createdBy":"admin","updatedBy":"admin","createTime":1656522278071,"updateTime":1656522278071,"version":0,"relationshipAttributes":{"outputs":[{"guid":"e4cb40df-f287-4ce0-9819-303995c50949","typeName":"m4i_index_pattern","entityStatus":"ACTIVE","displayText":"change-index","relationshipType":"process_dataset_outputs","relationshipGuid":"36e09835-de97-425c-adf5-0d4073b6bbf5","relationshipStatus":"ACTIVE","relationshipAttributes":{"typeName":"process_dataset_outputs"}}],"ArchiMateReference":[],"processOwner":[],"inputs":[{"guid":"3a9efda8-6721-4aaa-a71d-cf00349895fd","typeName":"m4i_elastic_index","entityStatus":"ACTIVE","displayText":"hr","relationshipType":"dataset_process_inputs","relationshipGuid":"1efe1f81-0685-46e2-af85-ef99b5a069e7","relationshipStatus":"ACTIVE","relationshipAttributes":{"typeName":"dataset_process_inputs"}}],"source":[],"meanings":[]},"labels":[]}}