{"referredEntities":{},"entity":{"typeName":"m4i_data_attribute","attributes":{"archimateReference":[],"replicatedTo":null,"replicatedFrom":null,"steward":[{"guid":"55520e1f-52a3-4696-97e5-b5879323b53a","typeName":"m4i_person","uniqueAttributes":{"qualifiedName":"harper.taylor@email.com","email":"harper.taylor@email.com"}}],"qualifiedName":"personnel-and-organization--personnel--external--job-name","dataEntity":[{"guid":"c0af931d-1cd3-4ecb-970f-ab804d289ada","typeName":"m4i_data_entity","uniqueAttributes":{"qualifiedName":"personnel-and-organization--personnel--external"}}],"source":[],"isKeyData":"Yes","hasPII":null,"attributeType":"Text","name":"Job Name","definition":"This attribute describes the name of the function in which the tasks in the functional area are executed. Including the level, which is a reference to the Job Grade. ","riskClassification":"Low","fields":[{"guid":"13878345-4b45-4a95-9711-62f41cf629d6","typeName":"m4i_kafka_field","uniqueAttributes":{"qualifiedName":"cc1--kaf1--kaf1-hr--change-event--payload--payload--job_name"}},{"guid":"a88127e7-07dc-4d96-8a07-f245c8896740","typeName":"m4i_field","uniqueAttributes":{"qualifiedName":"nl1--nl1hr--nl1hr001--job_name"}},{"guid":"a88127e7-07dc-4d96-8a07-f245c8896740","typeName":"m4i_field","uniqueAttributes":{"qualifiedName":"nl1--nl1hr--nl1hr001--job_name"}}],"businessOwner":[{"guid":"665870e3-92cb-4dae-b58e-f4db45a7af38","typeName":"m4i_person","uniqueAttributes":{"qualifiedName":"summer.reid@email.com","email":"summer.reid@email.com"}}]},"guid":"f1c0f8f1-4f0b-468b-9c43-ebf429500e35","isIncomplete":false,"status":"ACTIVE","createdBy":"admin","updatedBy":"admin","createTime":1656521955001,"updateTime":1656522102741,"version":0,"relationshipAttributes":{"ArchiMateReference":[],"steward":[{"guid":"55520e1f-52a3-4696-97e5-b5879323b53a","typeName":"m4i_person","entityStatus":"ACTIVE","displayText":"Harper Taylor","relationshipType":"m4i_data_attribute_steward_assignment","relationshipGuid":"d82acf61-2e68-4a6a-9c1f-81c36f34132a","relationshipStatus":"ACTIVE","relationshipAttributes":{"typeName":"m4i_data_attribute_steward_assignment"}}],"dataEntity":[{"guid":"c0af931d-1cd3-4ecb-970f-ab804d289ada","typeName":"m4i_data_entity","entityStatus":"ACTIVE","displayText":"External","relationshipType":"m4i_data_entity_attribute_assignment","relationshipGuid":"26d01688-ac4e-4378-8c92-0be2c050839e","relationshipStatus":"ACTIVE","relationshipAttributes":{"typeName":"m4i_data_entity_attribute_assignment"}}],"source":[{"guid":"2bee6dca-fea0-478b-824e-d97365d18bbe","typeName":"m4i_source","entityStatus":"ACTIVE","displayText":"/hr/hr/Data Dictionary_template.xlsm","relationshipType":"m4i_referenceable_source_assignment","relationshipGuid":"59f06dc2-b4d9-42ce-b751-c7bf7ba21551","relationshipStatus":"ACTIVE","relationshipAttributes":{"typeName":"m4i_referenceable_source_assignment"}}],"fields":[{"guid":"a88127e7-07dc-4d96-8a07-f245c8896740","typeName":"m4i_field","entityStatus":"ACTIVE","displayText":"JOB_NAME","relationshipType":"m4i_data_attribute_field_assignment","relationshipGuid":"20185a33-7481-46d2-b73d-22f5a567850e","relationshipStatus":"DELETED","relationshipAttributes":{"typeName":"m4i_data_attribute_field_assignment"}},{"guid":"a88127e7-07dc-4d96-8a07-f245c8896740","typeName":"m4i_field","entityStatus":"ACTIVE","displayText":"JOB_NAME","relationshipType":"m4i_data_attribute_field_assignment","relationshipGuid":"494b9186-3900-47c2-b706-d82003bf46dd","relationshipStatus":"DELETED","relationshipAttributes":{"typeName":"m4i_data_attribute_field_assignment"}},{"guid":"13878345-4b45-4a95-9711-62f41cf629d6","typeName":"m4i_kafka_field","entityStatus":"ACTIVE","displayText":"JOB_NAME","relationshipType":"m4i_data_attribute_field_assignment","relationshipGuid":"cb77cfbc-7805-412f-8dcf-37d4aef76c09","relationshipStatus":"ACTIVE","relationshipAttributes":{"typeName":"m4i_data_attribute_field_assignment"}}],"businessOwner":[{"guid":"665870e3-92cb-4dae-b58e-f4db45a7af38","typeName":"m4i_person","entityStatus":"ACTIVE","displayText":"Summer Reid","relationshipType":"m4i_data_attribute_business_owner_assignment","relationshipGuid":"54305609-cbd0-4520-8251-c6cfb81fb176","relationshipStatus":"ACTIVE","relationshipAttributes":{"typeName":"m4i_data_attribute_business_owner_assignment"}}],"meanings":[]},"classifications":[{"typeName":"key_data","entityGuid":"f1c0f8f1-4f0b-468b-9c43-ebf429500e35","entityStatus":"ACTIVE","propagate":true,"validityPeriods":[],"removePropagationsOnEntityDelete":true},{"typeName":"low_risk","entityGuid":"f1c0f8f1-4f0b-468b-9c43-ebf429500e35","entityStatus":"ACTIVE","propagate":true,"validityPeriods":[],"removePropagationsOnEntityDelete":true}],"labels":[]}}