{"referredEntities":{},"entity":{"typeName":"m4i_data_attribute","attributes":{"archimateReference":[],"replicatedTo":null,"replicatedFrom":null,"steward":[{"guid":"4f4948ae-2df0-437d-8c6a-e9cba5db8063","typeName":"m4i_person","uniqueAttributes":{"qualifiedName":"cornelis.kramer@email.com","email":"cornelis.kramer@email.com"}}],"qualifiedName":"personnel-and-organization--personnel--internal--location","dataEntity":[{"guid":"818f6d40-b74d-4971-a039-efe8ccdc8f5b","typeName":"m4i_data_entity","uniqueAttributes":{"qualifiedName":"personnel-and-organization--personnel--internal"}}],"source":[],"isKeyData":"Yes","hasPII":null,"attributeType":"Text","name":"Location","definition":"This attribute describes where an employee executes his/her daily work","riskClassification":"Low","fields":[{"guid":"ff4fb3a7-574f-4d34-a86d-448469caa515","typeName":"m4i_elastic_field","uniqueAttributes":{"qualifiedName":"elas1--hr--LOCATION"}},{"guid":"b179f9b5-9d29-4302-918d-0aed6d6b7d0a","typeName":"m4i_kafka_field","uniqueAttributes":{"qualifiedName":"cc1--kaf1--kaf1-hr--change-event--payload--payload--location"}},{"guid":"3a6d0e90-2373-4ff1-9959-01d742c0263f","typeName":"m4i_field","uniqueAttributes":{"qualifiedName":"nl1--nl1hr--nl1hr001--location"}},{"guid":"3a6d0e90-2373-4ff1-9959-01d742c0263f","typeName":"m4i_field","uniqueAttributes":{"qualifiedName":"nl1--nl1hr--nl1hr001--location"}}],"businessOwner":[{"guid":"45e581d9-452c-4d48-98e0-452b7a109efb","typeName":"m4i_person","uniqueAttributes":{"qualifiedName":"merel.hofman@email.com","email":"merel.hofman@email.com"}}]},"guid":"f581f528-9207-43f5-99bb-26f258efe062","isIncomplete":false,"status":"ACTIVE","createdBy":"admin","updatedBy":"admin","createTime":1656521955001,"updateTime":1656522169104,"version":0,"relationshipAttributes":{"ArchiMateReference":[],"steward":[{"guid":"4f4948ae-2df0-437d-8c6a-e9cba5db8063","typeName":"m4i_person","entityStatus":"ACTIVE","displayText":"Cornelis Kramer","relationshipType":"m4i_data_attribute_steward_assignment","relationshipGuid":"da062789-ecae-4b5b-a523-542a66485d59","relationshipStatus":"ACTIVE","relationshipAttributes":{"typeName":"m4i_data_attribute_steward_assignment"}}],"dataEntity":[{"guid":"818f6d40-b74d-4971-a039-efe8ccdc8f5b","typeName":"m4i_data_entity","entityStatus":"ACTIVE","displayText":"Internal","relationshipType":"m4i_data_entity_attribute_assignment","relationshipGuid":"961c9f8f-001a-4cc6-ad14-65273d2a2af8","relationshipStatus":"ACTIVE","relationshipAttributes":{"typeName":"m4i_data_entity_attribute_assignment"}}],"source":[{"guid":"2bee6dca-fea0-478b-824e-d97365d18bbe","typeName":"m4i_source","entityStatus":"ACTIVE","displayText":"/hr/hr/Data Dictionary_template.xlsm","relationshipType":"m4i_referenceable_source_assignment","relationshipGuid":"f96d53dd-6aec-4bc9-abdf-9f5e35dc7845","relationshipStatus":"ACTIVE","relationshipAttributes":{"typeName":"m4i_referenceable_source_assignment"}}],"fields":[{"guid":"3a6d0e90-2373-4ff1-9959-01d742c0263f","typeName":"m4i_field","entityStatus":"ACTIVE","displayText":"LOCATION","relationshipType":"m4i_data_attribute_field_assignment","relationshipGuid":"5173ccd9-7e8c-4687-ad7e-70427a6d9b81","relationshipStatus":"DELETED","relationshipAttributes":{"typeName":"m4i_data_attribute_field_assignment"}},{"guid":"3a6d0e90-2373-4ff1-9959-01d742c0263f","typeName":"m4i_field","entityStatus":"ACTIVE","displayText":"LOCATION","relationshipType":"m4i_data_attribute_field_assignment","relationshipGuid":"fabc3f4d-610b-40ec-80f6-2382cc7e2b54","relationshipStatus":"DELETED","relationshipAttributes":{"typeName":"m4i_data_attribute_field_assignment"}},{"guid":"ff4fb3a7-574f-4d34-a86d-448469caa515","typeName":"m4i_elastic_field","entityStatus":"ACTIVE","displayText":"LOCATION","relationshipType":"m4i_data_attribute_field_assignment","relationshipGuid":"20d50cd4-6bf1-458b-a922-d61b2c21e158","relationshipStatus":"ACTIVE","relationshipAttributes":{"typeName":"m4i_data_attribute_field_assignment"}},{"guid":"b179f9b5-9d29-4302-918d-0aed6d6b7d0a","typeName":"m4i_kafka_field","entityStatus":"ACTIVE","displayText":"LOCATION","relationshipType":"m4i_data_attribute_field_assignment","relationshipGuid":"65a14eac-2fa3-417e-a39d-1ca9f51d179c","relationshipStatus":"ACTIVE","relationshipAttributes":{"typeName":"m4i_data_attribute_field_assignment"}}],"businessOwner":[{"guid":"45e581d9-452c-4d48-98e0-452b7a109efb","typeName":"m4i_person","entityStatus":"ACTIVE","displayText":"Merel Hofman","relationshipType":"m4i_data_attribute_business_owner_assignment","relationshipGuid":"d1685451-3fac-445f-bfa6-c0867dd7f8be","relationshipStatus":"ACTIVE","relationshipAttributes":{"typeName":"m4i_data_attribute_business_owner_assignment"}}],"meanings":[]},"classifications":[{"typeName":"key_data","entityGuid":"f581f528-9207-43f5-99bb-26f258efe062","entityStatus":"ACTIVE","propagate":true,"validityPeriods":[],"removePropagationsOnEntityDelete":true},{"typeName":"low_risk","entityGuid":"f581f528-9207-43f5-99bb-26f258efe062","entityStatus":"ACTIVE","propagate":true,"validityPeriods":[],"removePropagationsOnEntityDelete":true}],"labels":[]}}