{"referredEntities":{},"entity":{"typeName":"m4i_data_quality","attributes":{"owner":null,"archimateReference":[],"expression":"formatting('FTE', r'^[0-9]+$')","replicatedTo":null,"userDescription":null,"replicatedFrom":null,"qualifiedName":"nl1--nl1hr--nl1hr001--fte--10","displayName":null,"description":null,"active":false,"source":[],"businessRuleDescription":"","ruleDescription":"This field is always a digit","name":"nl1--nl1hr--nl1hr001--fte--10","filterRequired":true,"id":10,"qualityDimension":"Accuracy","expressionVersion":"1","fields":[{"guid":"f4c7440d-e98d-4beb-ba58-e211a6c0d367","typeName":"m4i_field","uniqueAttributes":{"qualifiedName":"nl1--nl1hr--nl1hr001--fte"}}]},"guid":"fb905403-86f8-494e-8a3d-0e303668c868","isIncomplete":false,"status":"ACTIVE","createdBy":"admin","updatedBy":"admin","createTime":1656522080758,"updateTime":1656522080758,"version":0,"relationshipAttributes":{"inputToProcesses":[],"pipeline":null,"schema":[],"ArchiMateReference":[],"model":null,"source":[{"guid":"2bee6dca-fea0-478b-824e-d97365d18bbe","typeName":"m4i_source","entityStatus":"ACTIVE","displayText":"/hr/hr/Data Dictionary_template.xlsm","relationshipType":"m4i_referenceable_source_assignment","relationshipGuid":"3e6c48d1-36fe-4d08-a7cb-f7f0d2796c69","relationshipStatus":"ACTIVE","relationshipAttributes":{"typeName":"m4i_referenceable_source_assignment"}}],"fields":[{"guid":"f4c7440d-e98d-4beb-ba58-e211a6c0d367","typeName":"m4i_field","entityStatus":"ACTIVE","displayText":"FTE","relationshipType":"m4i_data_quality_field_assignment","relationshipGuid":"3c3d7a7a-e6a3-4bf9-a83c-fb2b28961b78","relationshipStatus":"ACTIVE","relationshipAttributes":{"typeName":"m4i_data_quality_field_assignment"}}],"meanings":[],"outputFromProcesses":[]},"labels":[]}}