{"referredEntities":{},"entity":{"typeName":"m4i_generic_process","attributes":{"owner":null,"outputs":[{"guid":"ac7d0a6e-9605-4610-8992-dbf05103c980","typeName":"m4i_dashboard","uniqueAttributes":{"qualifiedName":"kib1-hr-change-dashboard"}}],"archimateReference":[],"replicatedTo":null,"userDescription":null,"replicatedFrom":null,"qualifiedName":"kib1-hr-table--kib1-hr-change-dashboard","displayName":null,"inputs":[{"guid":"fc58c8b8-f058-4b29-b0ac-bf2ecfa48da3","typeName":"m4i_visualization","uniqueAttributes":{"qualifiedName":"kib1-hr-table"}}],"description":null,"source":[],"processOwner":[],"name":"Used in change dashboard"},"guid":"fe21adc4-fae4-44e9-a14c-ae3a43a1b648","isIncomplete":false,"status":"ACTIVE","createdBy":"admin","updatedBy":"admin","createTime":1656522322304,"updateTime":1656522322304,"version":0,"relationshipAttributes":{"outputs":[{"guid":"ac7d0a6e-9605-4610-8992-dbf05103c980","typeName":"m4i_dashboard","entityStatus":"ACTIVE","displayText":"change dashboard","relationshipType":"process_dataset_outputs","relationshipGuid":"b940587e-a0e9-4a5f-9852-8669284967f4","relationshipStatus":"ACTIVE","relationshipAttributes":{"typeName":"process_dataset_outputs"}}],"ArchiMateReference":[],"processOwner":[],"inputs":[{"guid":"fc58c8b8-f058-4b29-b0ac-bf2ecfa48da3","typeName":"m4i_visualization","entityStatus":"ACTIVE","displayText":"table","relationshipType":"dataset_process_inputs","relationshipGuid":"49f60092-d4e9-48d5-8f57-92cb3a7e7b1a","relationshipStatus":"ACTIVE","relationshipAttributes":{"typeName":"dataset_process_inputs"}}],"source":[],"meanings":[]},"labels":[]}}