{"referredEntities":{},"entity":{"typeName":"m4i_data_attribute","attributes":{"archimateReference":[],"replicatedTo":null,"replicatedFrom":null,"steward":[{"guid":"265dad2b-2fc0-44c3-a828-06476d5f1e38","typeName":"m4i_person","uniqueAttributes":{"qualifiedName":"iris.jacobs@email.com","email":"iris.jacobs@email.com"}}],"qualifiedName":"plant-data--hourly-data--oee","dataEntity":[{"guid":"19736d3b-e7c6-4f95-8ce6-a6f215eff467","typeName":"m4i_data_entity","uniqueAttributes":{"qualifiedName":"plant-data--hourly-data"}}],"source":[],"isKeyData":"Internal","hasPII":null,"attributeType":"Numeric","name":"OEE","definition":"This attribute yields the Overall equipment effectiveness","riskClassification":"Low","fields":[{"guid":"16ed0a09-3a94-449e-8185-e16d720ef8da","typeName":"m4i_field","uniqueAttributes":{"qualifiedName":"nl3--nl3plant--nl3plant001--oee"}}],"businessOwner":[{"guid":"dc408458-fd6d-4080-a324-9900585d1146","typeName":"m4i_person","uniqueAttributes":{"qualifiedName":"jane.martens@email.com","email":"jane.martens@email.com"}}]},"guid":"fe67b8cc-a062-4d3b-a4ef-29aa7f82b4dc","isIncomplete":false,"status":"ACTIVE","createdBy":"admin","updatedBy":"admin","createTime":1656521955001,"updateTime":1656522073615,"version":0,"relationshipAttributes":{"ArchiMateReference":[],"steward":[{"guid":"265dad2b-2fc0-44c3-a828-06476d5f1e38","typeName":"m4i_person","entityStatus":"ACTIVE","displayText":"Iris Jacobs","relationshipType":"m4i_data_attribute_steward_assignment","relationshipGuid":"cb2be469-8d79-4d56-9650-992d74b5a60e","relationshipStatus":"ACTIVE","relationshipAttributes":{"typeName":"m4i_data_attribute_steward_assignment"}}],"dataEntity":[{"guid":"19736d3b-e7c6-4f95-8ce6-a6f215eff467","typeName":"m4i_data_entity","entityStatus":"ACTIVE","displayText":"hourly data","relationshipType":"m4i_data_entity_attribute_assignment","relationshipGuid":"546ecf8b-eb41-4954-86c0-36fb3b16d49a","relationshipStatus":"ACTIVE","relationshipAttributes":{"typeName":"m4i_data_entity_attribute_assignment"}}],"source":[{"guid":"2bee6dca-fea0-478b-824e-d97365d18bbe","typeName":"m4i_source","entityStatus":"ACTIVE","displayText":"/hr/hr/Data Dictionary_template.xlsm","relationshipType":"m4i_referenceable_source_assignment","relationshipGuid":"e652119f-e242-4bff-ac3a-9aa69859a407","relationshipStatus":"ACTIVE","relationshipAttributes":{"typeName":"m4i_referenceable_source_assignment"}}],"fields":[{"guid":"16ed0a09-3a94-449e-8185-e16d720ef8da","typeName":"m4i_field","entityStatus":"ACTIVE","displayText":"OEE","relationshipType":"m4i_data_attribute_field_assignment","relationshipGuid":"4f1eb2e0-fbe8-4030-bed6-e2c2d6dad7d6","relationshipStatus":"ACTIVE","relationshipAttributes":{"typeName":"m4i_data_attribute_field_assignment"}}],"businessOwner":[{"guid":"dc408458-fd6d-4080-a324-9900585d1146","typeName":"m4i_person","entityStatus":"ACTIVE","displayText":"Jane Martens","relationshipType":"m4i_data_attribute_business_owner_assignment","relationshipGuid":"21d5a836-a9ae-4337-8159-ff90532b313b","relationshipStatus":"ACTIVE","relationshipAttributes":{"typeName":"m4i_data_attribute_business_owner_assignment"}}],"meanings":[]},"classifications":[{"typeName":"low_risk","entityGuid":"fe67b8cc-a062-4d3b-a4ef-29aa7f82b4dc","entityStatus":"ACTIVE","propagate":true,"validityPeriods":[],"removePropagationsOnEntityDelete":true}],"labels":[]}}