{"referredEntities":{},"entity":{"typeName":"m4i_collection","attributes":{"archimateReference":[],"replicatedTo":null,"replicatedFrom":null,"systems":[{"guid":"037337cf-f24a-46b6-8df4-46fe5ad7e1eb","typeName":"m4i_system","uniqueAttributes":{"qualifiedName":"nl2"}}],"qualifiedName":"nl2--nl2proc","name":"NL2-PROC","definition":null,"source":[],"datasets":[{"guid":"04d4f33f-fd0d-46bc-8336-85f25f2916b2","typeName":"m4i_dataset","uniqueAttributes":{"qualifiedName":"nl2--nl2proc--nl2proc001"}}]},"guid":"000db032-27ae-4762-90ef-7a3dbc1a243e","isIncomplete":false,"status":"ACTIVE","createdBy":"admin","updatedBy":"admin","createTime":1656521945727,"updateTime":1656522068023,"version":0,"relationshipAttributes":{"ArchiMateReference":[],"systems":[{"guid":"037337cf-f24a-46b6-8df4-46fe5ad7e1eb","typeName":"m4i_system","entityStatus":"ACTIVE","displayText":"NL2","relationshipType":"m4i_collection_assignment","relationshipGuid":"a230c3b6-5804-4248-8d12-5710376ad2f8","relationshipStatus":"ACTIVE","relationshipAttributes":{"typeName":"m4i_collection_assignment"}}],"datasets":[{"guid":"04d4f33f-fd0d-46bc-8336-85f25f2916b2","typeName":"m4i_dataset","entityStatus":"ACTIVE","displayText":"NL2-PROC-001","relationshipType":"m4i_dataset_assignment","relationshipGuid":"03500bd7-a907-402a-9505-887bc1e4d2f8","relationshipStatus":"DELETED","relationshipAttributes":{"typeName":"m4i_dataset_assignment"}}],"source":[{"guid":"2bee6dca-fea0-478b-824e-d97365d18bbe","typeName":"m4i_source","entityStatus":"ACTIVE","displayText":"/hr/hr/Data Dictionary_template.xlsm","relationshipType":"m4i_referenceable_source_assignment","relationshipGuid":"ff0b1f94-cfb9-4f36-99af-4f003aca987e","relationshipStatus":"ACTIVE","relationshipAttributes":{"typeName":"m4i_referenceable_source_assignment"}}],"meanings":[]},"classifications":[{"typeName":"PII","entityGuid":"8c301ae1-74d9-4cf7-b8a7-81b0142bb660","entityStatus":"ACTIVE","propagate":true,"validityPeriods":[],"removePropagationsOnEntityDelete":true},{"typeName":"PII","entityGuid":"c413fb3a-bb3f-4ea1-a2c0-d9a9adbc2149","entityStatus":"ACTIVE","propagate":true,"validityPeriods":[],"removePropagationsOnEntityDelete":true},{"typeName":"PII","entityGuid":"cb9ef4bc-4c68-4510-8816-f5e439105f2b","entityStatus":"ACTIVE","propagate":true,"validityPeriods":[],"removePropagationsOnEntityDelete":true},{"typeName":"PII","entityGuid":"dc82651d-d03f-461f-a0cd-4e61f9514015","entityStatus":"ACTIVE","propagate":true,"validityPeriods":[],"removePropagationsOnEntityDelete":true},{"typeName":"PII","entityGuid":"5280c854-8e38-40ef-9b96-3710fdd2f5f0","entityStatus":"ACTIVE","propagate":true,"validityPeriods":[],"removePropagationsOnEntityDelete":true},{"typeName":"PII","entityGuid":"2510d037-7c6f-407f-972b-075d34e24d62","entityStatus":"ACTIVE","propagate":true,"validityPeriods":[],"removePropagationsOnEntityDelete":true},{"typeName":"PII","entityGuid":"fc714ece-629d-4e02-b1a3-042025639d0a","entityStatus":"ACTIVE","propagate":true,"validityPeriods":[],"removePropagationsOnEntityDelete":true},{"typeName":"PII","entityGuid":"ddb6042d-155d-4b53-80f2-037df21da1d9","entityStatus":"ACTIVE","propagate":true,"validityPeriods":[],"removePropagationsOnEntityDelete":true},{"typeName":"PII","entityGuid":"99ac3730-d700-4007-98c2-8a06077e59db","entityStatus":"ACTIVE","propagate":true,"validityPeriods":[],"removePropagationsOnEntityDelete":true},{"typeName":"PII","entityGuid":"e15088f4-a893-484c-85e7-3013fc6ddc9d","entityStatus":"ACTIVE","propagate":true,"validityPeriods":[],"removePropagationsOnEntityDelete":true},{"typeName":"PII","entityGuid":"59f4f7a8-74e5-4b24-806f-4e9638550feb","entityStatus":"ACTIVE","propagate":true,"validityPeriods":[],"removePropagationsOnEntityDelete":true}],"labels":[]}}